org,periodo,camada,n,pct
AMD,Até 1999,Infra Física,40,4.866180048661801
AMD,Até 1999,Chips & Hardware,741,90.14598540145985
AMD,Até 1999,Cloud & Compute,8,0.9732360097323601
AMD,Até 1999,Software & Aplicação,33,4.014598540145985
AMD,2000-04,Infra Física,25,1.0831889081455806
AMD,2000-04,Chips & Hardware,2224,96.36048526863085
AMD,2000-04,Cloud & Compute,19,0.8232235701906412
AMD,2000-04,Software & Aplicação,40,1.733102253032929
AMD,2005-09,Infra Física,37,6.035889070146819
AMD,2005-09,Chips & Hardware,531,86.6231647634584
AMD,2005-09,Cloud & Compute,9,1.468189233278956
AMD,2005-09,Modelos de IA,1,0.1631321370309951
AMD,2005-09,Software & Aplicação,35,5.709624796084829
AMD,2010-14,Infra Física,75,18.472906403940886
AMD,2010-14,Chips & Hardware,241,59.35960591133005
AMD,2010-14,Cloud & Compute,40,9.852216748768473
AMD,2010-14,Software & Aplicação,50,12.31527093596059
AMD,2015-19,Infra Física,201,41.104294478527606
AMD,2015-19,Chips & Hardware,102,20.858895705521473
AMD,2015-19,Cloud & Compute,93,19.018404907975462
AMD,2015-19,Modelos de IA,3,0.6134969325153374
AMD,2015-19,Software & Aplicação,90,18.404907975460123
AMD,2020-25,Infra Física,271,24.04614019520852
AMD,2020-25,Chips & Hardware,287,25.465838509316768
AMD,2020-25,Cloud & Compute,183,16.237799467613133
AMD,2020-25,Modelos de IA,98,8.695652173913043
AMD,2020-25,Software & Aplicação,288,25.554569653948533
ASML,Até 1999,Chips & Hardware,9,100.0
ASML,2000-04,Chips & Hardware,190,99.47643979057592
ASML,2000-04,Software & Aplicação,1,0.5235602094240838
ASML,2005-09,Chips & Hardware,1124,100.0
ASML,2010-14,Infra Física,1,0.08833922261484099
ASML,2010-14,Chips & Hardware,1116,98.58657243816255
ASML,2010-14,Software & Aplicação,15,1.325088339222615
ASML,2015-19,Infra Física,1,0.08503401360544217
ASML,2015-19,Chips & Hardware,1159,98.55442176870748
ASML,2015-19,Modelos de IA,7,0.5952380952380952
ASML,2015-19,Software & Aplicação,9,0.7653061224489796
ASML,2020-25,Infra Física,1,0.07524454477050413
ASML,2020-25,Chips & Hardware,1212,91.19638826185101
ASML,2020-25,Modelos de IA,41,3.0850263355906695
ASML,2020-25,Software & Aplicação,75,5.643340857787811
AT&T,Até 1999,Infra Física,35,5.477308294209703
AT&T,Até 1999,Chips & Hardware,410,64.16275430359939
AT&T,Até 1999,Cloud & Compute,29,4.538341158059469
AT&T,Até 1999,Modelos de IA,21,3.286384976525822
AT&T,Até 1999,Software & Aplicação,144,22.535211267605636
AT&T,2000-04,Infra Física,6,2.8301886792452833
AT&T,2000-04,Chips & Hardware,1,0.4716981132075472
AT&T,2000-04,Cloud & Compute,62,29.245283018867923
AT&T,2000-04,Modelos de IA,10,4.716981132075472
AT&T,2000-04,Software & Aplicação,133,62.735849056603776
AT&T,2005-09,Infra Física,6,1.36986301369863
AT&T,2005-09,Cloud & Compute,158,36.07305936073059
AT&T,2005-09,Modelos de IA,7,1.5981735159817352
AT&T,2005-09,Software & Aplicação,267,60.95890410958904
AT&T,2010-14,Infra Física,12,0.6700167504187605
AT&T,2010-14,Chips & Hardware,2,0.11166945840312675
AT&T,2010-14,Cloud & Compute,788,43.99776661083194
AT&T,2010-14,Modelos de IA,36,2.0100502512562812
AT&T,2010-14,Software & Aplicação,953,53.21049692908989
AT&T,2015-19,Infra Física,87,4.292057227429699
AT&T,2015-19,Chips & Hardware,3,0.1480019733596448
AT&T,2015-19,Cloud & Compute,1093,53.922052294030586
AT&T,2015-19,Modelos de IA,72,3.5520473606314753
AT&T,2015-19,Software & Aplicação,772,38.085841144548596
AT&T,2020-25,Infra Física,48,2.82021151586369
AT&T,2020-25,Chips & Hardware,3,0.17626321974148063
AT&T,2020-25,Cloud & Compute,790,46.4159811985899
AT&T,2020-25,Modelos de IA,301,17.685076380728553
AT&T,2020-25,Software & Aplicação,560,32.90246768507638
Accenture,2000-04,Software & Aplicação,3,100.0
Accenture,2005-09,Cloud & Compute,10,18.181818181818183
Accenture,2005-09,Modelos de IA,1,1.8181818181818181
Accenture,2005-09,Software & Aplicação,44,80.0
Accenture,2010-14,Infra Física,12,2.9055690072639226
Accenture,2010-14,Chips & Hardware,1,0.24213075060532688
Accenture,2010-14,Cloud & Compute,59,14.285714285714285
Accenture,2010-14,Modelos de IA,22,5.326876513317192
Accenture,2010-14,Software & Aplicação,319,77.23970944309927
Accenture,2015-19,Infra Física,20,3.0165912518853695
Accenture,2015-19,Chips & Hardware,2,0.301659125188537
Accenture,2015-19,Cloud & Compute,179,26.998491704374057
Accenture,2015-19,Modelos de IA,101,15.233785822021115
Accenture,2015-19,Software & Aplicação,361,54.44947209653092
Accenture,2020-25,Infra Física,14,0.9776536312849162
Accenture,2020-25,Chips & Hardware,6,0.41899441340782123
Accenture,2020-25,Cloud & Compute,177,12.360335195530727
Accenture,2020-25,Modelos de IA,609,42.52793296089386
Accenture,2020-25,Software & Aplicação,626,43.71508379888268
Adobe,Até 1999,Software & Aplicação,46,100.0
Adobe,2000-04,Cloud & Compute,4,3.361344537815126
Adobe,2000-04,Software & Aplicação,115,96.63865546218487
Adobe,2005-09,Cloud & Compute,15,6.329113924050633
Adobe,2005-09,Modelos de IA,2,0.8438818565400843
Adobe,2005-09,Software & Aplicação,220,92.82700421940928
Adobe,2010-14,Infra Física,5,0.6211180124223602
Adobe,2010-14,Cloud & Compute,100,12.422360248447205
Adobe,2010-14,Modelos de IA,6,0.7453416149068323
Adobe,2010-14,Software & Aplicação,694,86.2111801242236
Adobe,2015-19,Infra Física,6,0.4418262150220913
Adobe,2015-19,Chips & Hardware,1,0.07363770250368189
Adobe,2015-19,Cloud & Compute,189,13.917525773195877
Adobe,2015-19,Modelos de IA,136,10.014727540500736
Adobe,2015-19,Software & Aplicação,1026,75.55228276877762
Adobe,2020-25,Chips & Hardware,8,0.2621231979030144
Adobe,2020-25,Cloud & Compute,145,4.750982961992136
Adobe,2020-25,Modelos de IA,957,31.3564875491481
Adobe,2020-25,Software & Aplicação,1942,63.630406290956756
Amazon,2005-09,Cloud & Compute,7,20.0
Amazon,2005-09,Modelos de IA,1,2.857142857142857
Amazon,2005-09,Software & Aplicação,27,77.14285714285715
Amazon,2010-14,Infra Física,52,5.942857142857143
Amazon,2010-14,Cloud & Compute,397,45.371428571428574
Amazon,2010-14,Modelos de IA,20,2.2857142857142856
Amazon,2010-14,Software & Aplicação,406,46.400000000000006
Amazon,2015-19,Infra Física,318,6.642991435136829
Amazon,2015-19,Chips & Hardware,45,0.9400459578023814
Amazon,2015-19,Cloud & Compute,2073,43.304783789429706
Amazon,2015-19,Modelos de IA,221,4.616670148318362
Amazon,2015-19,Software & Aplicação,2130,44.49550866931272
Amazon,2020-25,Infra Física,228,3.301476976542137
Amazon,2020-25,Chips & Hardware,221,3.2001158412974227
Amazon,2020-25,Cloud & Compute,2218,32.116999710396755
Amazon,2020-25,Modelos de IA,1257,18.201563857515204
Amazon,2020-25,Software & Aplicação,2982,43.17984361424848
Apple,Até 1999,Infra Física,21,7.5
Apple,Até 1999,Chips & Hardware,6,2.142857142857143
Apple,Até 1999,Cloud & Compute,29,10.357142857142858
Apple,Até 1999,Modelos de IA,7,2.5
Apple,Até 1999,Software & Aplicação,217,77.5
Apple,2000-04,Infra Física,19,14.285714285714285
Apple,2000-04,Chips & Hardware,3,2.2556390977443606
Apple,2000-04,Cloud & Compute,18,13.533834586466165
Apple,2000-04,Modelos de IA,1,0.7518796992481203
Apple,2000-04,Software & Aplicação,92,69.17293233082707
Apple,2005-09,Infra Física,63,24.045801526717558
Apple,2005-09,Chips & Hardware,32,12.213740458015266
Apple,2005-09,Cloud & Compute,41,15.648854961832063
Apple,2005-09,Software & Aplicação,126,48.091603053435115
Apple,2010-14,Infra Física,287,19.590443686006825
Apple,2010-14,Chips & Hardware,115,7.849829351535837
Apple,2010-14,Cloud & Compute,384,26.21160409556314
Apple,2010-14,Modelos de IA,16,1.0921501706484642
Apple,2010-14,Software & Aplicação,663,45.255972696245735
Apple,2015-19,Infra Física,666,20.606435643564357
Apple,2015-19,Chips & Hardware,241,7.4566831683168315
Apple,2015-19,Cloud & Compute,675,20.88490099009901
Apple,2015-19,Modelos de IA,57,1.7636138613861385
Apple,2015-19,Software & Aplicação,1593,49.288366336633665
Apple,2020-25,Infra Física,854,16.073781291172594
Apple,2020-25,Chips & Hardware,254,4.780726519856954
Apple,2020-25,Cloud & Compute,898,16.901938641069076
Apple,2020-25,Modelos de IA,420,7.905138339920949
Apple,2020-25,Software & Aplicação,2887,54.338415207980425
Applied Materials,Até 1999,Infra Física,1,0.2288329519450801
Applied Materials,Até 1999,Chips & Hardware,435,99.54233409610984
Applied Materials,Até 1999,Software & Aplicação,1,0.2288329519450801
Applied Materials,2000-04,Infra Física,1,0.08583690987124463
Applied Materials,2000-04,Chips & Hardware,1147,98.45493562231759
Applied Materials,2000-04,Software & Aplicação,17,1.4592274678111588
Applied Materials,2005-09,Chips & Hardware,842,96.44902634593356
Applied Materials,2005-09,Cloud & Compute,2,0.22909507445589922
Applied Materials,2005-09,Software & Aplicação,29,3.3218785796105386
Applied Materials,2010-14,Chips & Hardware,952,97.04383282364934
Applied Materials,2010-14,Cloud & Compute,1,0.10193679918450561
Applied Materials,2010-14,Modelos de IA,1,0.10193679918450561
Applied Materials,2010-14,Software & Aplicação,27,2.7522935779816518
Applied Materials,2015-19,Infra Física,9,0.6215469613259669
Applied Materials,2015-19,Chips & Hardware,1348,93.0939226519337
Applied Materials,2015-19,Cloud & Compute,6,0.4143646408839779
Applied Materials,2015-19,Modelos de IA,12,0.8287292817679558
Applied Materials,2015-19,Software & Aplicação,73,5.041436464088398
Applied Materials,2020-25,Infra Física,15,0.5880047040376323
Applied Materials,2020-25,Chips & Hardware,2176,85.29988239905919
Applied Materials,2020-25,Cloud & Compute,2,0.07840062720501764
Applied Materials,2020-25,Modelos de IA,140,5.488043904351235
Applied Materials,2020-25,Software & Aplicação,218,8.545668365346923
BOE,2010-14,Chips & Hardware,7,100.0
BOE,2015-19,Infra Física,53,7.863501483679524
BOE,2015-19,Chips & Hardware,382,56.676557863501486
BOE,2015-19,Cloud & Compute,8,1.1869436201780417
BOE,2015-19,Modelos de IA,6,0.8902077151335311
BOE,2015-19,Software & Aplicação,225,33.38278931750742
BOE,2020-25,Infra Física,129,6.946688206785137
BOE,2020-25,Chips & Hardware,417,22.45557350565428
BOE,2020-25,Cloud & Compute,84,4.523424878836833
BOE,2020-25,Modelos de IA,130,7.000538502961766
BOE,2020-25,Software & Aplicação,1097,59.07377490576198
Baidu,2015-19,Infra Física,17,7.024793388429752
Baidu,2015-19,Chips & Hardware,2,0.8264462809917356
Baidu,2015-19,Cloud & Compute,48,19.834710743801654
Baidu,2015-19,Modelos de IA,47,19.421487603305785
Baidu,2015-19,Software & Aplicação,128,52.892561983471076
Baidu,2020-25,Infra Física,350,12.929442186922794
Baidu,2020-25,Chips & Hardware,59,2.1795345400812707
Baidu,2020-25,Cloud & Compute,234,8.644255633542668
Baidu,2020-25,Modelos de IA,715,26.413003324713706
Baidu,2020-25,Software & Aplicação,1349,49.83376431473957
Bank of America,2005-09,Software & Aplicação,5,100.0
Bank of America,2010-14,Infra Física,1,0.411522633744856
Bank of America,2010-14,Cloud & Compute,25,10.2880658436214
Bank of America,2010-14,Modelos de IA,2,0.823045267489712
Bank of America,2010-14,Software & Aplicação,215,88.47736625514403
Bank of America,2015-19,Infra Física,5,0.78125
Bank of America,2015-19,Cloud & Compute,248,38.75
Bank of America,2015-19,Modelos de IA,49,7.656250000000001
Bank of America,2015-19,Software & Aplicação,338,52.81249999999999
Bank of America,2020-25,Infra Física,14,0.5884825556956704
Bank of America,2020-25,Chips & Hardware,8,0.33627574611181166
Bank of America,2020-25,Cloud & Compute,656,27.574611181168557
Bank of America,2020-25,Modelos de IA,851,35.77133249264397
Bank of America,2020-25,Software & Aplicação,850,35.72929802437999
Base total,Até 1999,Infra Física,7421,9.081119445906092
Base total,Até 1999,Chips & Hardware,51825,63.41854403504693
Base total,Até 1999,Cloud & Compute,2090,2.557544757033248
Base total,Até 1999,Modelos de IA,2596,3.176739803472876
Base total,Até 1999,Software & Aplicação,17787,21.766051958540853
Base total,2000-04,Infra Física,5687,7.535644246568082
Base total,2000-04,Chips & Hardware,48303,64.00461122595007
Base total,2000-04,Cloud & Compute,4643,6.152276461546616
Base total,2000-04,Modelos de IA,868,1.1501563576615255
Base total,2000-04,Software & Aplicação,15967,21.157311708273703
Base total,2005-09,Infra Física,7398,7.959289064853467
Base total,2005-09,Chips & Hardware,46229,49.736411757111505
Base total,2005-09,Cloud & Compute,11428,12.295046692774454
Base total,2005-09,Modelos de IA,1191,1.2813616215518355
Base total,2005-09,Software & Aplicação,26702,28.727890863708737
Base total,2010-14,Infra Física,16129,9.574777534386445
Base total,2010-14,Chips & Hardware,58737,34.86847963526918
Base total,2010-14,Cloud & Compute,30367,18.026986755949732
Base total,2010-14,Modelos de IA,3272,1.9423815544988812
Base total,2010-14,Software & Aplicação,59948,35.58737451989576
Base total,2015-19,Infra Física,35901,12.732657114484326
Base total,2015-19,Chips & Hardware,67858,24.06653426017875
Base total,2015-19,Cloud & Compute,64385,22.83479926230671
Base total,2015-19,Modelos de IA,11043,3.916512980564619
Base total,2015-19,Software & Aplicação,102773,36.4494963824656
Base total,2020-25,Infra Física,48524,10.114540016050192
Base total,2020-25,Chips & Hardware,84488,17.61102252238168
Base total,2020-25,Cloud & Compute,79097,16.48730054508124
Base total,2020-25,Modelos de IA,75700,15.77921604185557
Base total,2020-25,Software & Aplicação,191936,40.00792087463132
BlackBerry,Até 1999,Cloud & Compute,1,100.0
BlackBerry,2000-04,Infra Física,7,25.0
BlackBerry,2000-04,Chips & Hardware,1,3.571428571428571
BlackBerry,2000-04,Cloud & Compute,10,35.714285714285715
BlackBerry,2000-04,Software & Aplicação,10,35.714285714285715
BlackBerry,2005-09,Infra Física,33,20.245398773006134
BlackBerry,2005-09,Chips & Hardware,2,1.2269938650306749
BlackBerry,2005-09,Cloud & Compute,74,45.39877300613497
BlackBerry,2005-09,Software & Aplicação,54,33.12883435582822
BlackBerry,2010-14,Infra Física,109,9.663120567375886
BlackBerry,2010-14,Chips & Hardware,3,0.26595744680851063
BlackBerry,2010-14,Cloud & Compute,482,42.730496453900706
BlackBerry,2010-14,Modelos de IA,3,0.26595744680851063
BlackBerry,2010-14,Software & Aplicação,531,47.07446808510639
BlackBerry,2015-19,Infra Física,50,6.720430107526881
BlackBerry,2015-19,Chips & Hardware,8,1.0752688172043012
BlackBerry,2015-19,Cloud & Compute,346,46.50537634408602
BlackBerry,2015-19,Modelos de IA,10,1.3440860215053763
BlackBerry,2015-19,Software & Aplicação,330,44.354838709677416
BlackBerry,2020-25,Infra Física,1,0.3194888178913738
BlackBerry,2020-25,Chips & Hardware,1,0.3194888178913738
BlackBerry,2020-25,Cloud & Compute,145,46.325878594249204
BlackBerry,2020-25,Modelos de IA,22,7.0287539936102235
BlackBerry,2020-25,Software & Aplicação,144,46.00638977635783
Boeing,Até 1999,Infra Física,18,25.0
Boeing,Até 1999,Chips & Hardware,35,48.61111111111111
Boeing,Até 1999,Cloud & Compute,4,5.555555555555555
Boeing,Até 1999,Modelos de IA,4,5.555555555555555
Boeing,Até 1999,Software & Aplicação,11,15.277777777777779
Boeing,2000-04,Infra Física,14,36.84210526315789
Boeing,2000-04,Chips & Hardware,8,21.052631578947366
Boeing,2000-04,Cloud & Compute,4,10.526315789473683
Boeing,2000-04,Software & Aplicação,12,31.57894736842105
Boeing,2005-09,Infra Física,14,8.433734939759036
Boeing,2005-09,Chips & Hardware,16,9.63855421686747
Boeing,2005-09,Cloud & Compute,24,14.457831325301203
Boeing,2005-09,Modelos de IA,6,3.614457831325301
Boeing,2005-09,Software & Aplicação,106,63.85542168674698
Boeing,2010-14,Infra Física,58,14.536340852130325
Boeing,2010-14,Chips & Hardware,21,5.263157894736842
Boeing,2010-14,Cloud & Compute,58,14.536340852130325
Boeing,2010-14,Modelos de IA,23,5.764411027568922
Boeing,2010-14,Software & Aplicação,239,59.899749373433586
Boeing,2015-19,Infra Física,96,14.117647058823529
Boeing,2015-19,Chips & Hardware,26,3.823529411764706
Boeing,2015-19,Cloud & Compute,125,18.38235294117647
Boeing,2015-19,Modelos de IA,36,5.294117647058823
Boeing,2015-19,Software & Aplicação,397,58.38235294117647
Boeing,2020-25,Infra Física,82,8.932461873638346
Boeing,2020-25,Chips & Hardware,32,3.485838779956427
Boeing,2020-25,Cloud & Compute,102,11.11111111111111
Boeing,2020-25,Modelos de IA,168,18.30065359477124
Boeing,2020-25,Software & Aplicação,534,58.16993464052288
Bosch,Até 1999,Infra Física,86,52.760736196319016
Bosch,Até 1999,Chips & Hardware,72,44.171779141104295
Bosch,Até 1999,Cloud & Compute,1,0.6134969325153374
Bosch,Até 1999,Software & Aplicação,4,2.4539877300613497
Bosch,2000-04,Infra Física,37,34.57943925233645
Bosch,2000-04,Chips & Hardware,46,42.99065420560748
Bosch,2000-04,Cloud & Compute,5,4.672897196261682
Bosch,2000-04,Software & Aplicação,19,17.75700934579439
Bosch,2005-09,Infra Física,24,24.489795918367346
Bosch,2005-09,Chips & Hardware,38,38.775510204081634
Bosch,2005-09,Cloud & Compute,11,11.224489795918368
Bosch,2005-09,Modelos de IA,1,1.0204081632653061
Bosch,2005-09,Software & Aplicação,24,24.489795918367346
Bosch,2010-14,Infra Física,62,24.313725490196077
Bosch,2010-14,Chips & Hardware,80,31.372549019607842
Bosch,2010-14,Cloud & Compute,17,6.666666666666667
Bosch,2010-14,Modelos de IA,3,1.1764705882352942
Bosch,2010-14,Software & Aplicação,93,36.470588235294116
Bosch,2015-19,Infra Física,307,44.68704512372635
Bosch,2015-19,Chips & Hardware,67,9.75254730713246
Bosch,2015-19,Cloud & Compute,57,8.296943231441048
Bosch,2015-19,Modelos de IA,23,3.3478893740902476
Bosch,2015-19,Software & Aplicação,233,33.9155749636099
Bosch,2020-25,Infra Física,184,12.867132867132867
Bosch,2020-25,Chips & Hardware,65,4.545454545454546
Bosch,2020-25,Cloud & Compute,120,8.391608391608392
Bosch,2020-25,Modelos de IA,429,30.0
Bosch,2020-25,Software & Aplicação,632,44.19580419580419
Broadcom,2000-04,Infra Física,7,6.0344827586206895
Broadcom,2000-04,Chips & Hardware,50,43.103448275862064
Broadcom,2000-04,Cloud & Compute,17,14.655172413793101
Broadcom,2000-04,Software & Aplicação,42,36.206896551724135
Broadcom,2005-09,Infra Física,59,16.434540389972145
Broadcom,2005-09,Chips & Hardware,151,42.061281337047355
Broadcom,2005-09,Cloud & Compute,72,20.055710306406684
Broadcom,2005-09,Software & Aplicação,77,21.448467966573816
Broadcom,2010-14,Infra Física,132,18.435754189944134
Broadcom,2010-14,Chips & Hardware,235,32.82122905027933
Broadcom,2010-14,Cloud & Compute,217,30.307262569832403
Broadcom,2010-14,Software & Aplicação,132,18.435754189944134
Broadcom,2015-19,Infra Física,149,24.110032362459545
Broadcom,2015-19,Chips & Hardware,193,31.22977346278317
Broadcom,2015-19,Cloud & Compute,219,35.43689320388349
Broadcom,2015-19,Modelos de IA,2,0.3236245954692557
Broadcom,2015-19,Software & Aplicação,55,8.89967637540453
Broadcom,2020-25,Infra Física,28,20.74074074074074
Broadcom,2020-25,Chips & Hardware,27,20.0
Broadcom,2020-25,Cloud & Compute,45,33.33333333333333
Broadcom,2020-25,Modelos de IA,16,11.851851851851853
Broadcom,2020-25,Software & Aplicação,19,14.074074074074074
Canon,Até 1999,Infra Física,61,3.6287923854848305
Canon,Até 1999,Chips & Hardware,879,52.29030339083879
Canon,Até 1999,Cloud & Compute,14,0.8328375966686495
Canon,Até 1999,Modelos de IA,22,1.3087447947650208
Canon,Até 1999,Software & Aplicação,705,41.93932183224271
Canon,2000-04,Infra Física,46,3.508771929824561
Canon,2000-04,Chips & Hardware,647,49.35163996948894
Canon,2000-04,Cloud & Compute,28,2.135774218154081
Canon,2000-04,Modelos de IA,4,0.30511060259344014
Canon,2000-04,Software & Aplicação,586,44.698703279938975
Canon,2005-09,Infra Física,45,2.512562814070352
Canon,2005-09,Chips & Hardware,831,46.39865996649916
Canon,2005-09,Cloud & Compute,98,5.471803461753211
Canon,2005-09,Modelos de IA,10,0.5583472920156337
Canon,2005-09,Software & Aplicação,807,45.058626465661646
Canon,2010-14,Infra Física,131,5.603079555175364
Canon,2010-14,Chips & Hardware,605,25.876817792985456
Canon,2010-14,Cloud & Compute,231,9.880239520958083
Canon,2010-14,Modelos de IA,14,0.5988023952095809
Canon,2010-14,Software & Aplicação,1357,58.041060735671515
Canon,2015-19,Infra Física,367,11.566341002206114
Canon,2015-19,Chips & Hardware,577,18.18468326504885
Canon,2015-19,Cloud & Compute,301,9.486290576741254
Canon,2015-19,Modelos de IA,22,0.6933501418216199
Canon,2015-19,Software & Aplicação,1906,60.06933501418216
Canon,2020-25,Infra Física,584,11.824255922251469
Canon,2020-25,Chips & Hardware,732,14.820813929945334
Canon,2020-25,Cloud & Compute,283,5.729904839036242
Canon,2020-25,Modelos de IA,363,7.349665924276169
Canon,2020-25,Software & Aplicação,2977,60.27535938449079
Capital One,2000-04,Software & Aplicação,1,100.0
Capital One,2010-14,Software & Aplicação,7,100.0
Capital One,2015-19,Infra Física,12,2.3391812865497075
Capital One,2015-19,Chips & Hardware,13,2.53411306042885
Capital One,2015-19,Cloud & Compute,111,21.637426900584796
Capital One,2015-19,Modelos de IA,115,22.417153996101362
Capital One,2015-19,Software & Aplicação,262,51.07212475633528
Capital One,2020-25,Infra Física,42,1.1260053619302948
Capital One,2020-25,Chips & Hardware,64,1.7158176943699734
Capital One,2020-25,Cloud & Compute,691,18.525469168900806
Capital One,2020-25,Modelos de IA,1329,35.630026809651476
Capital One,2020-25,Software & Aplicação,1604,43.002680965147455
Cisco,Até 1999,Infra Física,1,33.33333333333333
Cisco,Até 1999,Cloud & Compute,2,66.66666666666666
Cisco,2000-04,Infra Física,11,7.6923076923076925
Cisco,2000-04,Chips & Hardware,5,3.4965034965034967
Cisco,2000-04,Cloud & Compute,111,77.62237762237763
Cisco,2000-04,Software & Aplicação,16,11.188811188811188
Cisco,2005-09,Infra Física,26,5.6521739130434785
Cisco,2005-09,Chips & Hardware,18,3.91304347826087
Cisco,2005-09,Cloud & Compute,354,76.95652173913044
Cisco,2005-09,Modelos de IA,3,0.6521739130434783
Cisco,2005-09,Software & Aplicação,59,12.82608695652174
Cisco,2010-14,Infra Física,52,6.175771971496437
Cisco,2010-14,Chips & Hardware,13,1.5439429928741093
Cisco,2010-14,Cloud & Compute,584,69.35866983372921
Cisco,2010-14,Modelos de IA,8,0.9501187648456058
Cisco,2010-14,Software & Aplicação,185,21.971496437054633
Cisco,2015-19,Infra Física,78,5.492957746478874
Cisco,2015-19,Chips & Hardware,32,2.2535211267605635
Cisco,2015-19,Cloud & Compute,964,67.88732394366197
Cisco,2015-19,Modelos de IA,119,8.380281690140844
Cisco,2015-19,Software & Aplicação,227,15.985915492957748
Cisco,2020-25,Infra Física,170,8.045433033601515
Cisco,2020-25,Chips & Hardware,47,2.224325603407477
Cisco,2020-25,Cloud & Compute,1164,55.087553241836254
Cisco,2020-25,Modelos de IA,437,20.681495504022717
Cisco,2020-25,Software & Aplicação,295,13.96119261713204
Dell,Até 1999,Infra Física,59,70.23809523809523
Dell,Até 1999,Chips & Hardware,18,21.428571428571427
Dell,Até 1999,Cloud & Compute,5,5.952380952380952
Dell,Até 1999,Software & Aplicação,2,2.380952380952381
Dell,2000-04,Infra Física,77,62.601626016260155
Dell,2000-04,Chips & Hardware,18,14.634146341463413
Dell,2000-04,Cloud & Compute,5,4.0650406504065035
Dell,2000-04,Software & Aplicação,23,18.69918699186992
Dell,2005-09,Infra Física,92,60.130718954248366
Dell,2005-09,Chips & Hardware,16,10.457516339869281
Dell,2005-09,Cloud & Compute,15,9.803921568627452
Dell,2005-09,Software & Aplicação,30,19.607843137254903
Dell,2010-14,Infra Física,135,42.99363057324841
Dell,2010-14,Chips & Hardware,13,4.140127388535031
Dell,2010-14,Cloud & Compute,111,35.35031847133758
Dell,2010-14,Modelos de IA,1,0.3184713375796179
Dell,2010-14,Software & Aplicação,54,17.197452229299362
Dell,2015-19,Infra Física,482,46.124401913875595
Dell,2015-19,Chips & Hardware,22,2.1052631578947367
Dell,2015-19,Cloud & Compute,392,37.51196172248804
Dell,2015-19,Modelos de IA,9,0.8612440191387559
Dell,2015-19,Software & Aplicação,140,13.397129186602871
Dell,2020-25,Infra Física,880,28.097062579821202
Dell,2020-25,Chips & Hardware,88,2.80970625798212
Dell,2020-25,Cloud & Compute,1007,32.15197956577267
Dell,2020-25,Modelos de IA,528,16.85823754789272
Dell,2020-25,Software & Aplicação,629,20.08301404853129
Denso,Até 1999,Infra Física,102,41.9753086419753
Denso,Até 1999,Chips & Hardware,111,45.67901234567901
Denso,Até 1999,Modelos de IA,7,2.880658436213992
Denso,Até 1999,Software & Aplicação,23,9.465020576131687
Denso,2000-04,Infra Física,74,36.45320197044335
Denso,2000-04,Chips & Hardware,113,55.66502463054187
Denso,2000-04,Cloud & Compute,5,2.4630541871921183
Denso,2000-04,Modelos de IA,3,1.477832512315271
Denso,2000-04,Software & Aplicação,8,3.9408866995073892
Denso,2005-09,Infra Física,79,32.113821138211385
Denso,2005-09,Chips & Hardware,120,48.78048780487805
Denso,2005-09,Cloud & Compute,8,3.2520325203252036
Denso,2005-09,Software & Aplicação,39,15.853658536585366
Denso,2010-14,Infra Física,99,27.049180327868854
Denso,2010-14,Chips & Hardware,159,43.44262295081967
Denso,2010-14,Cloud & Compute,13,3.551912568306011
Denso,2010-14,Modelos de IA,2,0.546448087431694
Denso,2010-14,Software & Aplicação,93,25.40983606557377
Denso,2015-19,Infra Física,187,26.676176890156917
Denso,2015-19,Chips & Hardware,181,25.82025677603424
Denso,2015-19,Cloud & Compute,49,6.990014265335236
Denso,2015-19,Modelos de IA,19,2.710413694721826
Denso,2015-19,Software & Aplicação,265,37.803138373751786
Denso,2020-25,Infra Física,255,23.743016759776538
Denso,2020-25,Chips & Hardware,253,23.556797020484172
Denso,2020-25,Cloud & Compute,93,8.659217877094973
Denso,2020-25,Modelos de IA,45,4.189944134078212
Denso,2020-25,Software & Aplicação,428,39.85102420856611
EMC,Até 1999,Infra Física,5,21.73913043478261
EMC,Até 1999,Chips & Hardware,2,8.695652173913043
EMC,Até 1999,Cloud & Compute,14,60.86956521739131
EMC,Até 1999,Modelos de IA,1,4.3478260869565215
EMC,Até 1999,Software & Aplicação,1,4.3478260869565215
EMC,2000-04,Infra Física,10,15.625
EMC,2000-04,Chips & Hardware,2,3.125
EMC,2000-04,Cloud & Compute,50,78.125
EMC,2000-04,Software & Aplicação,2,3.125
EMC,2005-09,Infra Física,19,12.258064516129032
EMC,2005-09,Chips & Hardware,2,1.2903225806451613
EMC,2005-09,Cloud & Compute,120,77.41935483870968
EMC,2005-09,Modelos de IA,2,1.2903225806451613
EMC,2005-09,Software & Aplicação,12,7.741935483870968
EMC,2010-14,Infra Física,40,9.411764705882353
EMC,2010-14,Chips & Hardware,1,0.2352941176470588
EMC,2010-14,Cloud & Compute,300,70.58823529411765
EMC,2010-14,Modelos de IA,11,2.588235294117647
EMC,2010-14,Software & Aplicação,73,17.176470588235293
EMC,2015-19,Infra Física,59,5.566037735849057
EMC,2015-19,Chips & Hardware,14,1.3207547169811322
EMC,2015-19,Cloud & Compute,752,70.94339622641509
EMC,2015-19,Modelos de IA,80,7.547169811320755
EMC,2015-19,Software & Aplicação,155,14.622641509433961
EMC,2020-25,Infra Física,66,3.3570701932858595
EMC,2020-25,Chips & Hardware,21,1.0681586978636826
EMC,2020-25,Cloud & Compute,1218,61.953204476093596
EMC,2020-25,Modelos de IA,433,22.02441505595117
EMC,2020-25,Software & Aplicação,228,11.597151576805697
ETRI,Até 1999,Infra Física,1,1.5151515151515151
ETRI,Até 1999,Chips & Hardware,50,75.75757575757575
ETRI,Até 1999,Cloud & Compute,1,1.5151515151515151
ETRI,Até 1999,Modelos de IA,5,7.575757575757576
ETRI,Até 1999,Software & Aplicação,9,13.636363636363635
ETRI,2000-04,Infra Física,2,2.3529411764705883
ETRI,2000-04,Chips & Hardware,50,58.82352941176471
ETRI,2000-04,Cloud & Compute,1,1.1764705882352942
ETRI,2000-04,Modelos de IA,2,2.3529411764705883
ETRI,2000-04,Software & Aplicação,30,35.294117647058826
ETRI,2005-09,Infra Física,4,3.1746031746031744
ETRI,2005-09,Chips & Hardware,29,23.015873015873016
ETRI,2005-09,Cloud & Compute,21,16.666666666666664
ETRI,2005-09,Modelos de IA,1,0.7936507936507936
ETRI,2005-09,Software & Aplicação,71,56.34920634920635
ETRI,2010-14,Infra Física,38,7.818930041152264
ETRI,2010-14,Chips & Hardware,92,18.930041152263374
ETRI,2010-14,Cloud & Compute,113,23.25102880658436
ETRI,2010-14,Modelos de IA,10,2.05761316872428
ETRI,2010-14,Software & Aplicação,233,47.94238683127572
ETRI,2015-19,Infra Física,83,12.332838038632987
ETRI,2015-19,Chips & Hardware,81,12.035661218424963
ETRI,2015-19,Cloud & Compute,159,23.625557206537888
ETRI,2015-19,Modelos de IA,24,3.566121842496285
ETRI,2015-19,Software & Aplicação,326,48.439821693907874
ETRI,2020-25,Infra Física,76,6.229508196721312
ETRI,2020-25,Chips & Hardware,129,10.573770491803279
ETRI,2020-25,Cloud & Compute,158,12.950819672131148
ETRI,2020-25,Modelos de IA,329,26.967213114754095
ETRI,2020-25,Software & Aplicação,528,43.278688524590166
Ericsson,Até 1999,Infra Física,18,34.61538461538461
Ericsson,Até 1999,Chips & Hardware,16,30.76923076923077
Ericsson,Até 1999,Cloud & Compute,8,15.384615384615385
Ericsson,Até 1999,Software & Aplicação,10,19.230769230769234
Ericsson,2000-04,Infra Física,34,21.25
Ericsson,2000-04,Chips & Hardware,59,36.875
Ericsson,2000-04,Cloud & Compute,43,26.875
Ericsson,2000-04,Software & Aplicação,24,15.0
Ericsson,2005-09,Infra Física,5,3.937007874015748
Ericsson,2005-09,Chips & Hardware,5,3.937007874015748
Ericsson,2005-09,Cloud & Compute,84,66.14173228346458
Ericsson,2005-09,Software & Aplicação,33,25.984251968503933
Ericsson,2010-14,Infra Física,18,4.390243902439024
Ericsson,2010-14,Chips & Hardware,3,0.7317073170731708
Ericsson,2010-14,Cloud & Compute,313,76.34146341463415
Ericsson,2010-14,Modelos de IA,3,0.7317073170731708
Ericsson,2010-14,Software & Aplicação,73,17.804878048780488
Ericsson,2015-19,Infra Física,47,5.414746543778802
Ericsson,2015-19,Chips & Hardware,9,1.0368663594470047
Ericsson,2015-19,Cloud & Compute,665,76.61290322580645
Ericsson,2015-19,Modelos de IA,18,2.0737327188940093
Ericsson,2015-19,Software & Aplicação,129,14.861751152073733
Ericsson,2020-25,Infra Física,65,5.448449287510478
Ericsson,2020-25,Chips & Hardware,19,1.5926236378876781
Ericsson,2020-25,Cloud & Compute,758,63.53730092204526
Ericsson,2020-25,Modelos de IA,154,12.908633696563285
Ericsson,2020-25,Software & Aplicação,197,16.512992455993295
Ford,Até 1999,Infra Física,41,36.607142857142854
Ford,Até 1999,Chips & Hardware,52,46.42857142857143
Ford,Até 1999,Modelos de IA,6,5.357142857142857
Ford,Até 1999,Software & Aplicação,13,11.607142857142858
Ford,2000-04,Infra Física,24,38.70967741935484
Ford,2000-04,Chips & Hardware,6,9.67741935483871
Ford,2000-04,Cloud & Compute,3,4.838709677419355
Ford,2000-04,Modelos de IA,1,1.6129032258064515
Ford,2000-04,Software & Aplicação,28,45.16129032258064
Ford,2005-09,Infra Física,10,14.285714285714285
Ford,2005-09,Chips & Hardware,1,1.4285714285714286
Ford,2005-09,Cloud & Compute,1,1.4285714285714286
Ford,2005-09,Modelos de IA,2,2.857142857142857
Ford,2005-09,Software & Aplicação,56,80.0
Ford,2010-14,Infra Física,40,43.47826086956522
Ford,2010-14,Chips & Hardware,1,1.0869565217391304
Ford,2010-14,Cloud & Compute,17,18.478260869565215
Ford,2010-14,Modelos de IA,5,5.434782608695652
Ford,2010-14,Software & Aplicação,29,31.521739130434785
Ford,2015-19,Infra Física,230,35.16819571865443
Ford,2015-19,Chips & Hardware,9,1.3761467889908259
Ford,2015-19,Cloud & Compute,127,19.418960244648318
Ford,2015-19,Modelos de IA,31,4.740061162079511
Ford,2015-19,Software & Aplicação,257,39.296636085626915
Ford,2020-25,Infra Física,295,19.08150064683053
Ford,2020-25,Chips & Hardware,16,1.034928848641656
Ford,2020-25,Cloud & Compute,170,10.996119016817593
Ford,2020-25,Modelos de IA,239,15.459249676584735
Ford,2020-25,Software & Aplicação,826,53.42820181112549
Fujifilm,Até 1999,Infra Física,5,2.100840336134454
Fujifilm,Até 1999,Chips & Hardware,27,11.344537815126051
Fujifilm,Até 1999,Cloud & Compute,7,2.941176470588235
Fujifilm,Até 1999,Modelos de IA,6,2.5210084033613445
Fujifilm,Até 1999,Software & Aplicação,193,81.09243697478992
Fujifilm,2000-04,Chips & Hardware,8,6.896551724137931
Fujifilm,2000-04,Cloud & Compute,9,7.758620689655173
Fujifilm,2000-04,Modelos de IA,4,3.4482758620689653
Fujifilm,2000-04,Software & Aplicação,95,81.89655172413794
Fujifilm,2005-09,Infra Física,7,1.4056224899598393
Fujifilm,2005-09,Chips & Hardware,171,34.33734939759036
Fujifilm,2005-09,Cloud & Compute,20,4.016064257028113
Fujifilm,2005-09,Modelos de IA,6,1.2048192771084338
Fujifilm,2005-09,Software & Aplicação,294,59.036144578313255
Fujifilm,2010-14,Infra Física,27,2.0104244229337302
Fujifilm,2010-14,Chips & Hardware,454,33.804914370811616
Fujifilm,2010-14,Cloud & Compute,46,3.4251675353685775
Fujifilm,2010-14,Modelos de IA,5,0.37230081906180196
Fujifilm,2010-14,Software & Aplicação,811,60.38719285182428
Fujifilm,2015-19,Infra Física,47,3.7360890302066774
Fujifilm,2015-19,Chips & Hardware,364,28.934817170111288
Fujifilm,2015-19,Cloud & Compute,73,5.802861685214626
Fujifilm,2015-19,Modelos de IA,14,1.1128775834658187
Fujifilm,2015-19,Software & Aplicação,760,60.413354531001595
Fujifilm,2020-25,Infra Física,61,2.8665413533834583
Fujifilm,2020-25,Chips & Hardware,352,16.541353383458645
Fujifilm,2020-25,Cloud & Compute,107,5.0281954887218046
Fujifilm,2020-25,Modelos de IA,157,7.37781954887218
Fujifilm,2020-25,Software & Aplicação,1451,68.18609022556392
Fujitsu,Até 1999,Infra Física,87,3.14192849404117
Fujitsu,Até 1999,Chips & Hardware,2062,74.46731672083786
Fujitsu,Até 1999,Cloud & Compute,47,1.6973636691946552
Fujitsu,Até 1999,Modelos de IA,54,1.9501625135427951
Fujitsu,Até 1999,Software & Aplicação,519,18.74322860238353
Fujitsu,2000-04,Infra Física,124,7.307012374779022
Fujitsu,2000-04,Chips & Hardware,1041,61.34354743665291
Fujitsu,2000-04,Cloud & Compute,85,5.008839127872716
Fujitsu,2000-04,Modelos de IA,15,0.8839127872716559
Fujitsu,2000-04,Software & Aplicação,432,25.456688273423687
Fujitsu,2005-09,Infra Física,127,7.907845579078455
Fujitsu,2005-09,Chips & Hardware,871,54.23412204234121
Fujitsu,2005-09,Cloud & Compute,134,8.34371108343711
Fujitsu,2005-09,Modelos de IA,13,0.809464508094645
Fujitsu,2005-09,Software & Aplicação,461,28.704856787048566
Fujitsu,2010-14,Infra Física,237,12.22279525528623
Fujitsu,2010-14,Chips & Hardware,858,44.24961320268179
Fujitsu,2010-14,Cloud & Compute,287,14.801444043321299
Fujitsu,2010-14,Modelos de IA,28,1.444043321299639
Fujitsu,2010-14,Software & Aplicação,529,27.282104177411036
Fujitsu,2015-19,Infra Física,397,19.26249393498302
Fujitsu,2015-19,Chips & Hardware,362,17.564289180009705
Fujitsu,2015-19,Cloud & Compute,547,26.540514313440077
Fujitsu,2015-19,Modelos de IA,69,3.3478893740902476
Fujitsu,2015-19,Software & Aplicação,686,33.28481319747695
Fujitsu,2020-25,Infra Física,149,9.612903225806452
Fujitsu,2020-25,Chips & Hardware,146,9.419354838709678
Fujitsu,2020-25,Cloud & Compute,265,17.096774193548388
Fujitsu,2020-25,Modelos de IA,399,25.74193548387097
Fujitsu,2020-25,Software & Aplicação,591,38.12903225806451
GE,Até 1999,Infra Física,178,17.348927875243664
GE,Até 1999,Chips & Hardware,557,54.28849902534113
GE,Até 1999,Cloud & Compute,5,0.4873294346978557
GE,Até 1999,Modelos de IA,29,2.8265107212475633
GE,Até 1999,Software & Aplicação,257,25.048732943469787
GE,2000-04,Infra Física,35,12.867647058823529
GE,2000-04,Chips & Hardware,51,18.75
GE,2000-04,Cloud & Compute,14,5.147058823529411
GE,2000-04,Modelos de IA,11,4.044117647058823
GE,2000-04,Software & Aplicação,161,59.19117647058824
GE,2005-09,Infra Física,92,24.932249322493224
GE,2005-09,Chips & Hardware,26,7.046070460704606
GE,2005-09,Cloud & Compute,14,3.7940379403794036
GE,2005-09,Modelos de IA,8,2.168021680216802
GE,2005-09,Software & Aplicação,229,62.05962059620597
GE,2010-14,Infra Física,318,32.648870636550306
GE,2010-14,Chips & Hardware,89,9.137577002053387
GE,2010-14,Cloud & Compute,36,3.696098562628337
GE,2010-14,Modelos de IA,15,1.5400410677618068
GE,2010-14,Software & Aplicação,516,52.977412731006154
GE,2015-19,Infra Física,435,34.60620525059666
GE,2015-19,Chips & Hardware,112,8.910103420843278
GE,2015-19,Cloud & Compute,118,9.387430389817025
GE,2015-19,Modelos de IA,40,3.182179793158314
GE,2015-19,Software & Aplicação,552,43.914081145584724
GE,2020-25,Infra Física,232,25.217391304347824
GE,2020-25,Chips & Hardware,62,6.739130434782608
GE,2020-25,Cloud & Compute,71,7.717391304347826
GE,2020-25,Modelos de IA,193,20.97826086956522
GE,2020-25,Software & Aplicação,362,39.34782608695652
General Motors,Até 1999,Infra Física,55,40.74074074074074
General Motors,Até 1999,Chips & Hardware,63,46.666666666666664
General Motors,Até 1999,Modelos de IA,7,5.185185185185185
General Motors,Até 1999,Software & Aplicação,10,7.4074074074074066
General Motors,2000-04,Infra Física,17,56.666666666666664
General Motors,2000-04,Chips & Hardware,2,6.666666666666667
General Motors,2000-04,Cloud & Compute,2,6.666666666666667
General Motors,2000-04,Modelos de IA,1,3.3333333333333335
General Motors,2000-04,Software & Aplicação,8,26.666666666666668
General Motors,2005-09,Infra Física,14,20.0
General Motors,2005-09,Chips & Hardware,5,7.142857142857142
General Motors,2005-09,Cloud & Compute,13,18.571428571428573
General Motors,2005-09,Modelos de IA,3,4.285714285714286
General Motors,2005-09,Software & Aplicação,35,50.0
General Motors,2010-14,Infra Física,80,29.304029304029307
General Motors,2010-14,Chips & Hardware,11,4.029304029304029
General Motors,2010-14,Cloud & Compute,57,20.87912087912088
General Motors,2010-14,Modelos de IA,3,1.098901098901099
General Motors,2010-14,Software & Aplicação,122,44.68864468864469
General Motors,2015-19,Infra Física,106,18.761061946902654
General Motors,2015-19,Chips & Hardware,9,1.592920353982301
General Motors,2015-19,Cloud & Compute,142,25.13274336283186
General Motors,2015-19,Modelos de IA,25,4.424778761061947
General Motors,2015-19,Software & Aplicação,283,50.08849557522124
General Motors,2020-25,Infra Física,240,17.49271137026239
General Motors,2020-25,Chips & Hardware,23,1.6763848396501457
General Motors,2020-25,Cloud & Compute,100,7.288629737609329
General Motors,2020-25,Modelos de IA,214,15.597667638483964
General Motors,2020-25,Software & Aplicação,795,57.94460641399417
GlobalFoundries,2005-09,Chips & Hardware,6,85.71428571428571
GlobalFoundries,2005-09,Cloud & Compute,1,14.285714285714285
GlobalFoundries,2010-14,Infra Física,18,2.5787965616045847
GlobalFoundries,2010-14,Chips & Hardware,658,94.26934097421203
GlobalFoundries,2010-14,Cloud & Compute,13,1.8624641833810889
GlobalFoundries,2010-14,Software & Aplicação,9,1.2893982808022924
GlobalFoundries,2015-19,Infra Física,33,1.4634146341463417
GlobalFoundries,2015-19,Chips & Hardware,2125,94.2350332594235
GlobalFoundries,2015-19,Cloud & Compute,42,1.862527716186253
GlobalFoundries,2015-19,Modelos de IA,8,0.3547671840354767
GlobalFoundries,2015-19,Software & Aplicação,47,2.084257206208426
GlobalFoundries,2020-25,Infra Física,2,0.30303030303030304
GlobalFoundries,2020-25,Chips & Hardware,644,97.57575757575758
GlobalFoundries,2020-25,Modelos de IA,10,1.5151515151515151
GlobalFoundries,2020-25,Software & Aplicação,4,0.6060606060606061
Google,2000-04,Software & Aplicação,1,100.0
Google,2005-09,Infra Física,4,4.705882352941177
Google,2005-09,Cloud & Compute,18,21.176470588235293
Google,2005-09,Modelos de IA,4,4.705882352941177
Google,2005-09,Software & Aplicação,59,69.41176470588235
Google,2010-14,Infra Física,105,4.128981517892253
Google,2010-14,Chips & Hardware,72,2.8313016122689736
Google,2010-14,Cloud & Compute,527,20.723554856468738
Google,2010-14,Modelos de IA,148,5.81989775855289
Google,2010-14,Software & Aplicação,1691,66.49626425481715
Google,2015-19,Infra Física,330,4.809794490599038
Google,2015-19,Chips & Hardware,130,1.894767526599621
Google,2015-19,Cloud & Compute,1955,28.494388573094305
Google,2015-19,Modelos de IA,466,6.792012826118642
Google,2015-19,Software & Aplicação,3980,58.009036583588404
Google,2020-25,Infra Física,356,4.469554300062774
Google,2020-25,Chips & Hardware,319,4.005021971123666
Google,2020-25,Cloud & Compute,1407,17.664783427495294
Google,2020-25,Modelos de IA,1915,24.042686754551163
Google,2020-25,Software & Aplicação,3968,49.81795354676711
HP,Até 1999,Infra Física,27,4.821428571428572
HP,Até 1999,Chips & Hardware,227,40.535714285714285
HP,Até 1999,Cloud & Compute,36,6.428571428571428
HP,Até 1999,Modelos de IA,14,2.5
HP,Até 1999,Software & Aplicação,256,45.714285714285715
HP,2000-04,Infra Física,156,16.455696202531644
HP,2000-04,Chips & Hardware,331,34.91561181434599
HP,2000-04,Cloud & Compute,153,16.139240506329113
HP,2000-04,Modelos de IA,14,1.4767932489451476
HP,2000-04,Software & Aplicação,294,31.0126582278481
HP,2005-09,Infra Física,274,16.830466830466833
HP,2005-09,Chips & Hardware,386,23.710073710073708
HP,2005-09,Cloud & Compute,412,25.307125307125304
HP,2005-09,Modelos de IA,28,1.71990171990172
HP,2005-09,Software & Aplicação,528,32.432432432432435
HP,2010-14,Infra Física,302,18.10551558752998
HP,2010-14,Chips & Hardware,140,8.393285371702639
HP,2010-14,Cloud & Compute,578,34.65227817745804
HP,2010-14,Modelos de IA,42,2.5179856115107913
HP,2010-14,Software & Aplicação,606,36.330935251798564
HP,2015-19,Infra Física,139,17.572692793931733
HP,2015-19,Chips & Hardware,41,5.183312262958281
HP,2015-19,Cloud & Compute,245,30.973451327433626
HP,2015-19,Modelos de IA,18,2.275600505689001
HP,2015-19,Software & Aplicação,348,43.994943109987354
HP,2020-25,Infra Física,148,18.734177215189874
HP,2020-25,Chips & Hardware,19,2.4050632911392404
HP,2020-25,Cloud & Compute,117,14.810126582278482
HP,2020-25,Modelos de IA,61,7.721518987341772
HP,2020-25,Software & Aplicação,445,56.32911392405063
Hitachi,Até 1999,Infra Física,190,6.26855823160673
Hitachi,Até 1999,Chips & Hardware,1820,60.046189376443415
Hitachi,Até 1999,Cloud & Compute,113,3.72814252721874
Hitachi,Até 1999,Modelos de IA,189,6.235565819861432
Hitachi,Até 1999,Software & Aplicação,719,23.72154404486968
Hitachi,2000-04,Infra Física,163,8.873162765378334
Hitachi,2000-04,Chips & Hardware,1306,71.09417528579205
Hitachi,2000-04,Cloud & Compute,79,4.3004899292324446
Hitachi,2000-04,Modelos de IA,7,0.38105606967882416
Hitachi,2000-04,Software & Aplicação,282,15.351115949918345
Hitachi,2005-09,Infra Física,220,12.074643249176729
Hitachi,2005-09,Chips & Hardware,820,45.00548847420417
Hitachi,2005-09,Cloud & Compute,373,20.472008781558728
Hitachi,2005-09,Modelos de IA,5,0.27442371020856204
Hitachi,2005-09,Software & Aplicação,404,22.17343578485181
Hitachi,2010-14,Infra Física,417,17.602363866610386
Hitachi,2010-14,Chips & Hardware,885,37.3575348248206
Hitachi,2010-14,Cloud & Compute,498,21.021528070916
Hitachi,2010-14,Modelos de IA,12,0.5065428450823132
Hitachi,2010-14,Software & Aplicação,557,23.512030392570704
Hitachi,2015-19,Infra Física,339,18.39392295170917
Hitachi,2015-19,Chips & Hardware,656,35.594139989148125
Hitachi,2015-19,Cloud & Compute,319,17.308735756918068
Hitachi,2015-19,Modelos de IA,41,2.224633749321758
Hitachi,2015-19,Software & Aplicação,488,26.478567552902877
Hitachi,2020-25,Infra Física,335,16.381418092909534
Hitachi,2020-25,Chips & Hardware,321,15.69682151589242
Hitachi,2020-25,Cloud & Compute,293,14.327628361858192
Hitachi,2020-25,Modelos de IA,279,13.643031784841074
Hitachi,2020-25,Software & Aplicação,817,39.951100244498775
Hon Hai,Até 1999,Infra Física,2,18.181818181818183
Hon Hai,Até 1999,Chips & Hardware,9,81.81818181818183
Hon Hai,2000-04,Infra Física,11,9.734513274336283
Hon Hai,2000-04,Chips & Hardware,97,85.84070796460178
Hon Hai,2000-04,Software & Aplicação,5,4.424778761061947
Hon Hai,2005-09,Infra Física,65,27.659574468085108
Hon Hai,2005-09,Chips & Hardware,144,61.27659574468085
Hon Hai,2005-09,Cloud & Compute,2,0.851063829787234
Hon Hai,2005-09,Software & Aplicação,24,10.212765957446807
Hon Hai,2010-14,Infra Física,487,54.904171364148816
Hon Hai,2010-14,Chips & Hardware,200,22.547914317925592
Hon Hai,2010-14,Cloud & Compute,26,2.931228861330327
Hon Hai,2010-14,Modelos de IA,1,0.11273957158962795
Hon Hai,2010-14,Software & Aplicação,173,19.503945885005635
Hon Hai,2015-19,Infra Física,164,44.80874316939891
Hon Hai,2015-19,Chips & Hardware,72,19.672131147540984
Hon Hai,2015-19,Cloud & Compute,22,6.0109289617486334
Hon Hai,2015-19,Modelos de IA,1,0.273224043715847
Hon Hai,2015-19,Software & Aplicação,107,29.23497267759563
Hon Hai,2020-25,Infra Física,20,6.7114093959731544
Hon Hai,2020-25,Chips & Hardware,36,12.080536912751679
Hon Hai,2020-25,Cloud & Compute,16,5.369127516778524
Hon Hai,2020-25,Modelos de IA,46,15.436241610738255
Hon Hai,2020-25,Software & Aplicação,180,60.40268456375839
Honda,Até 1999,Infra Física,45,44.554455445544555
Honda,Até 1999,Chips & Hardware,4,3.9603960396039604
Honda,Até 1999,Cloud & Compute,5,4.9504950495049505
Honda,Até 1999,Modelos de IA,17,16.831683168316832
Honda,Até 1999,Software & Aplicação,30,29.7029702970297
Honda,2000-04,Infra Física,39,45.348837209302324
Honda,2000-04,Chips & Hardware,6,6.976744186046512
Honda,2000-04,Cloud & Compute,2,2.3255813953488373
Honda,2000-04,Modelos de IA,3,3.488372093023256
Honda,2000-04,Software & Aplicação,36,41.86046511627907
Honda,2005-09,Infra Física,19,10.982658959537572
Honda,2005-09,Chips & Hardware,4,2.312138728323699
Honda,2005-09,Cloud & Compute,2,1.1560693641618496
Honda,2005-09,Modelos de IA,12,6.9364161849710975
Honda,2005-09,Software & Aplicação,136,78.61271676300578
Honda,2010-14,Infra Física,72,21.492537313432834
Honda,2010-14,Chips & Hardware,27,8.059701492537313
Honda,2010-14,Cloud & Compute,12,3.582089552238806
Honda,2010-14,Modelos de IA,26,7.761194029850746
Honda,2010-14,Software & Aplicação,198,59.1044776119403
Honda,2015-19,Infra Física,131,28.98230088495575
Honda,2015-19,Chips & Hardware,5,1.1061946902654867
Honda,2015-19,Cloud & Compute,35,7.7433628318584065
Honda,2015-19,Modelos de IA,17,3.761061946902655
Honda,2015-19,Software & Aplicação,264,58.4070796460177
Honda,2020-25,Infra Física,326,23.285714285714285
Honda,2020-25,Chips & Hardware,15,1.0714285714285714
Honda,2020-25,Cloud & Compute,77,5.5
Honda,2020-25,Modelos de IA,142,10.142857142857142
Honda,2020-25,Software & Aplicação,840,60.0
Honeywell,Até 1999,Infra Física,35,13.88888888888889
Honeywell,Até 1999,Chips & Hardware,158,62.698412698412696
Honeywell,Até 1999,Cloud & Compute,1,0.3968253968253968
Honeywell,Até 1999,Modelos de IA,14,5.555555555555555
Honeywell,Até 1999,Software & Aplicação,44,17.46031746031746
Honeywell,2000-04,Infra Física,18,11.76470588235294
Honeywell,2000-04,Chips & Hardware,104,67.97385620915033
Honeywell,2000-04,Cloud & Compute,7,4.57516339869281
Honeywell,2000-04,Modelos de IA,1,0.6535947712418301
Honeywell,2000-04,Software & Aplicação,23,15.032679738562091
Honeywell,2005-09,Infra Física,40,17.391304347826086
Honeywell,2005-09,Chips & Hardware,92,40.0
Honeywell,2005-09,Cloud & Compute,16,6.956521739130435
Honeywell,2005-09,Modelos de IA,12,5.217391304347826
Honeywell,2005-09,Software & Aplicação,70,30.434782608695656
Honeywell,2010-14,Infra Física,52,12.322274881516588
Honeywell,2010-14,Chips & Hardware,86,20.379146919431278
Honeywell,2010-14,Cloud & Compute,54,12.796208530805686
Honeywell,2010-14,Modelos de IA,19,4.502369668246446
Honeywell,2010-14,Software & Aplicação,211,50.0
Honeywell,2015-19,Infra Física,66,11.418685121107266
Honeywell,2015-19,Chips & Hardware,56,9.688581314878892
Honeywell,2015-19,Cloud & Compute,144,24.91349480968858
Honeywell,2015-19,Modelos de IA,20,3.4602076124567476
Honeywell,2015-19,Software & Aplicação,292,50.51903114186851
Honeywell,2020-25,Infra Física,52,6.770833333333333
Honeywell,2020-25,Chips & Hardware,25,3.2552083333333335
Honeywell,2020-25,Cloud & Compute,176,22.916666666666664
Honeywell,2020-25,Modelos de IA,112,14.583333333333334
Honeywell,2020-25,Software & Aplicação,403,52.473958333333336
Huawei,2005-09,Infra Física,2,33.33333333333333
Huawei,2005-09,Cloud & Compute,3,50.0
Huawei,2005-09,Software & Aplicação,1,16.666666666666664
Huawei,2010-14,Infra Física,17,5.666666666666666
Huawei,2010-14,Chips & Hardware,4,1.3333333333333335
Huawei,2010-14,Cloud & Compute,224,74.66666666666667
Huawei,2010-14,Modelos de IA,6,2.0
Huawei,2010-14,Software & Aplicação,49,16.333333333333332
Huawei,2015-19,Infra Física,165,13.602638087386646
Huawei,2015-19,Chips & Hardware,51,4.204451772464963
Huawei,2015-19,Cloud & Compute,715,58.94476504534213
Huawei,2015-19,Modelos de IA,28,2.3083264633140974
Huawei,2015-19,Software & Aplicação,254,20.93981863149217
Huawei,2020-25,Infra Física,641,17.21267454350161
Huawei,2020-25,Chips & Hardware,208,5.5853920515574655
Huawei,2020-25,Cloud & Compute,1418,38.07733619763695
Huawei,2020-25,Modelos de IA,411,11.036519871106337
Huawei,2020-25,Software & Aplicação,1046,28.088077336197635
IBM,Até 1999,Infra Física,190,3.6907536907536906
IBM,Até 1999,Chips & Hardware,3154,61.26651126651127
IBM,Até 1999,Cloud & Compute,345,6.701631701631702
IBM,Até 1999,Modelos de IA,147,2.8554778554778557
IBM,Até 1999,Software & Aplicação,1312,25.485625485625484
IBM,2000-04,Infra Física,244,5.549238116897885
IBM,2000-04,Chips & Hardware,2439,55.46963838981124
IBM,2000-04,Cloud & Compute,657,14.942005913122584
IBM,2000-04,Modelos de IA,45,1.0234250625426429
IBM,2000-04,Software & Aplicação,1012,23.015692517625656
IBM,2005-09,Infra Física,371,6.414246196403872
IBM,2005-09,Chips & Hardware,2211,38.22614107883817
IBM,2005-09,Cloud & Compute,1412,24.41217150760719
IBM,2005-09,Modelos de IA,96,1.6597510373443984
IBM,2005-09,Software & Aplicação,1694,29.287690179806365
IBM,2010-14,Infra Física,940,7.954641618007955
IBM,2010-14,Chips & Hardware,3450,29.195227215029195
IBM,2010-14,Cloud & Compute,3338,28.24744012862825
IBM,2010-14,Modelos de IA,372,3.148007108403148
IBM,2010-14,Software & Aplicação,3717,31.454683929931456
IBM,2015-19,Infra Física,1324,6.531176006314128
IBM,2015-19,Chips & Hardware,3978,19.623125493291237
IBM,2015-19,Cloud & Compute,7293,35.97573007103394
IBM,2015-19,Modelos de IA,1517,7.483228097868983
IBM,2015-19,Software & Aplicação,6160,30.386740331491712
IBM,2020-25,Infra Física,544,2.7780614850372793
IBM,2020-25,Chips & Hardware,2680,13.686038198345418
IBM,2020-25,Cloud & Compute,4100,20.93759575120008
IBM,2020-25,Modelos de IA,5646,28.83260136860382
IBM,2020-25,Software & Aplicação,6612,33.765703196813405
Infineon,Até 1999,Infra Física,1,50.0
Infineon,Até 1999,Chips & Hardware,1,50.0
Infineon,2000-04,Infra Física,9,1.1734028683181226
Infineon,2000-04,Chips & Hardware,746,97.26205997392438
Infineon,2000-04,Software & Aplicação,12,1.564537157757497
Infineon,2005-09,Infra Física,26,2.0
Infineon,2005-09,Chips & Hardware,1250,96.15384615384616
Infineon,2005-09,Cloud & Compute,1,0.07692307692307693
Infineon,2005-09,Software & Aplicação,23,1.7692307692307692
Infineon,2010-14,Infra Física,30,2.5146689019279127
Infineon,2010-14,Chips & Hardware,1147,96.1441743503772
Infineon,2010-14,Cloud & Compute,5,0.4191114836546521
Infineon,2010-14,Modelos de IA,1,0.08382229673093043
Infineon,2010-14,Software & Aplicação,10,0.8382229673093042
Infineon,2015-19,Infra Física,96,6.9015097052480225
Infineon,2015-19,Chips & Hardware,1270,91.30122214234365
Infineon,2015-19,Cloud & Compute,10,0.7189072609633357
Infineon,2015-19,Modelos de IA,2,0.14378145219266716
Infineon,2015-19,Software & Aplicação,13,0.9345794392523363
Infineon,2020-25,Infra Física,74,7.020872865275142
Infineon,2020-25,Chips & Hardware,849,80.55028462998102
Infineon,2020-25,Cloud & Compute,37,3.510436432637571
Infineon,2020-25,Modelos de IA,43,4.0796963946869065
Infineon,2020-25,Software & Aplicação,51,4.838709677419355
Intel,Até 1999,Infra Física,126,14.285714285714285
Intel,Até 1999,Chips & Hardware,539,61.111111111111114
Intel,Até 1999,Cloud & Compute,49,5.555555555555555
Intel,Até 1999,Modelos de IA,27,3.061224489795918
Intel,Até 1999,Software & Aplicação,141,15.98639455782313
Intel,2000-04,Infra Física,257,16.645077720207254
Intel,2000-04,Chips & Hardware,907,58.74352331606217
Intel,2000-04,Cloud & Compute,96,6.217616580310881
Intel,2000-04,Modelos de IA,8,0.5181347150259068
Intel,2000-04,Software & Aplicação,276,17.875647668393782
Intel,2005-09,Infra Física,390,15.738498789346247
Intel,2005-09,Chips & Hardware,1507,60.815173527037935
Intel,2005-09,Cloud & Compute,290,11.702986279257466
Intel,2005-09,Modelos de IA,8,0.3228410008071025
Intel,2005-09,Software & Aplicação,283,11.420500403551252
Intel,2010-14,Infra Física,553,24.742729306487696
Intel,2010-14,Chips & Hardware,837,37.4496644295302
Intel,2010-14,Cloud & Compute,497,22.237136465324383
Intel,2010-14,Modelos de IA,18,0.8053691275167786
Intel,2010-14,Software & Aplicação,330,14.76510067114094
Intel,2015-19,Infra Física,1580,24.579962663347853
Intel,2015-19,Chips & Hardware,1753,27.2713130056005
Intel,2015-19,Cloud & Compute,1450,22.55756067205974
Intel,2015-19,Modelos de IA,151,2.3490976975731175
Intel,2015-19,Software & Aplicação,1494,23.242065961418792
Intel,2020-25,Infra Física,1397,14.629804167975704
Intel,2020-25,Chips & Hardware,3153,33.019164310399
Intel,2020-25,Cloud & Compute,1831,19.174782699759138
Intel,2020-25,Modelos de IA,1152,12.064090480678605
Intel,2020-25,Software & Aplicação,2016,21.11215834118756
Kioxia,2015-19,Infra Física,87,11.83673469387755
Kioxia,2015-19,Chips & Hardware,618,84.08163265306122
Kioxia,2015-19,Cloud & Compute,18,2.4489795918367347
Kioxia,2015-19,Modelos de IA,2,0.27210884353741494
Kioxia,2015-19,Software & Aplicação,10,1.3605442176870748
Kioxia,2020-25,Infra Física,223,12.402669632925473
Kioxia,2020-25,Chips & Hardware,1468,81.64627363737486
Kioxia,2020-25,Cloud & Compute,45,2.502780867630701
Kioxia,2020-25,Modelos de IA,33,1.8353726362625138
Kioxia,2020-25,Software & Aplicação,29,1.6129032258064515
LG Electronics,Até 1999,Infra Física,5,8.928571428571429
LG Electronics,Até 1999,Chips & Hardware,30,53.57142857142857
LG Electronics,Até 1999,Modelos de IA,3,5.357142857142857
LG Electronics,Até 1999,Software & Aplicação,18,32.142857142857146
LG Electronics,2000-04,Infra Física,17,19.54022988505747
LG Electronics,2000-04,Chips & Hardware,34,39.08045977011494
LG Electronics,2000-04,Cloud & Compute,1,1.1494252873563218
LG Electronics,2000-04,Software & Aplicação,35,40.229885057471265
LG Electronics,2005-09,Infra Física,52,28.10810810810811
LG Electronics,2005-09,Chips & Hardware,25,13.513513513513514
LG Electronics,2005-09,Cloud & Compute,34,18.37837837837838
LG Electronics,2005-09,Software & Aplicação,74,40.0
LG Electronics,2010-14,Infra Física,109,26.265060240963855
LG Electronics,2010-14,Chips & Hardware,23,5.542168674698795
LG Electronics,2010-14,Cloud & Compute,163,39.277108433734945
LG Electronics,2010-14,Software & Aplicação,120,28.915662650602407
LG Electronics,2015-19,Infra Física,259,24.003707136237256
LG Electronics,2015-19,Chips & Hardware,20,1.8535681186283595
LG Electronics,2015-19,Cloud & Compute,274,25.393883225208526
LG Electronics,2015-19,Modelos de IA,6,0.5560704355885079
LG Electronics,2015-19,Software & Aplicação,520,48.19277108433735
LG Electronics,2020-25,Infra Física,425,19.424131627056674
LG Electronics,2020-25,Chips & Hardware,71,3.2449725776965264
LG Electronics,2020-25,Cloud & Compute,273,12.477148080438758
LG Electronics,2020-25,Modelos de IA,384,17.550274223034734
LG Electronics,2020-25,Software & Aplicação,1035,47.3034734917733
Lam Research,Até 1999,Infra Física,1,1.4925373134328357
Lam Research,Até 1999,Chips & Hardware,66,98.50746268656717
Lam Research,2000-04,Chips & Hardware,225,99.5575221238938
Lam Research,2000-04,Software & Aplicação,1,0.4424778761061947
Lam Research,2005-09,Chips & Hardware,253,98.828125
Lam Research,2005-09,Cloud & Compute,1,0.390625
Lam Research,2005-09,Modelos de IA,1,0.390625
Lam Research,2005-09,Software & Aplicação,1,0.390625
Lam Research,2010-14,Chips & Hardware,418,99.76133651551312
Lam Research,2010-14,Software & Aplicação,1,0.23866348448687352
Lam Research,2015-19,Infra Física,4,0.7194244604316548
Lam Research,2015-19,Chips & Hardware,547,98.38129496402878
Lam Research,2015-19,Cloud & Compute,2,0.3597122302158274
Lam Research,2015-19,Software & Aplicação,3,0.539568345323741
Lam Research,2020-25,Infra Física,4,0.7692307692307693
Lam Research,2020-25,Chips & Hardware,501,96.34615384615385
Lam Research,2020-25,Cloud & Compute,2,0.38461538461538464
Lam Research,2020-25,Modelos de IA,8,1.5384615384615385
Lam Research,2020-25,Software & Aplicação,5,0.9615384615384616
Meta,2010-14,Infra Física,8,1.8181818181818181
Meta,2010-14,Cloud & Compute,183,41.590909090909086
Meta,2010-14,Modelos de IA,11,2.5
Meta,2010-14,Software & Aplicação,238,54.090909090909086
Meta,2015-19,Infra Física,71,2.419904567143831
Meta,2015-19,Chips & Hardware,16,0.5453306066803
Meta,2015-19,Cloud & Compute,1064,36.264485344239944
Meta,2015-19,Modelos de IA,164,5.589638718473075
Meta,2015-19,Software & Aplicação,1619,55.180640763462854
Meta,2020-25,Infra Física,110,2.9940119760479043
Meta,2020-25,Chips & Hardware,165,4.491017964071856
Meta,2020-25,Cloud & Compute,658,17.909635274904737
Meta,2020-25,Modelos de IA,637,17.3380511703865
Meta,2020-25,Software & Aplicação,2104,57.267283614589005
Micron,Até 1999,Infra Física,5,0.4032258064516129
Micron,Até 1999,Chips & Hardware,1228,99.03225806451613
Micron,Até 1999,Cloud & Compute,3,0.24193548387096775
Micron,Até 1999,Software & Aplicação,4,0.3225806451612903
Micron,2000-04,Infra Física,31,0.744297719087635
Micron,2000-04,Chips & Hardware,4075,97.8391356542617
Micron,2000-04,Cloud & Compute,11,0.26410564225690275
Micron,2000-04,Modelos de IA,3,0.07202881152460984
Micron,2000-04,Software & Aplicação,45,1.0804321728691477
Micron,2005-09,Infra Física,42,1.257861635220126
Micron,2005-09,Chips & Hardware,3212,96.19646600778677
Micron,2005-09,Cloud & Compute,24,0.7187780772686434
Micron,2005-09,Software & Aplicação,61,1.8268942797244683
Micron,2010-14,Infra Física,79,3.5746606334841626
Micron,2010-14,Chips & Hardware,2086,94.3891402714932
Micron,2010-14,Cloud & Compute,13,0.5882352941176471
Micron,2010-14,Modelos de IA,6,0.27149321266968324
Micron,2010-14,Software & Aplicação,26,1.1764705882352942
Micron,2015-19,Infra Física,229,9.439406430338003
Micron,2015-19,Chips & Hardware,2103,86.68590272052762
Micron,2015-19,Cloud & Compute,39,1.6075845012366035
Micron,2015-19,Modelos de IA,30,1.2366034624896949
Micron,2015-19,Software & Aplicação,25,1.030502885408079
Micron,2020-25,Infra Física,757,13.158352164088303
Micron,2020-25,Chips & Hardware,4183,72.70989049191726
Micron,2020-25,Cloud & Compute,279,4.849643664175213
Micron,2020-25,Modelos de IA,362,6.2923691986789505
Micron,2020-25,Software & Aplicação,172,2.9897444811402747
Microsoft,Até 1999,Infra Física,4,1.2738853503184715
Microsoft,Até 1999,Chips & Hardware,1,0.3184713375796179
Microsoft,Até 1999,Cloud & Compute,62,19.745222929936308
Microsoft,Até 1999,Modelos de IA,5,1.5923566878980893
Microsoft,Até 1999,Software & Aplicação,242,77.07006369426752
Microsoft,2000-04,Infra Física,7,0.853658536585366
Microsoft,2000-04,Chips & Hardware,4,0.4878048780487805
Microsoft,2000-04,Cloud & Compute,214,26.097560975609756
Microsoft,2000-04,Modelos de IA,26,3.1707317073170733
Microsoft,2000-04,Software & Aplicação,569,69.39024390243902
Microsoft,2005-09,Infra Física,75,2.344482650828384
Microsoft,2005-09,Chips & Hardware,11,0.34385745545482965
Microsoft,2005-09,Cloud & Compute,911,28.47764926539544
Microsoft,2005-09,Modelos de IA,83,2.594560800250078
Microsoft,2005-09,Software & Aplicação,2119,66.23944982807127
Microsoft,2010-14,Infra Física,160,3.29015011309891
Microsoft,2010-14,Chips & Hardware,16,0.32901501130989097
Microsoft,2010-14,Cloud & Compute,1657,34.07361710878059
Microsoft,2010-14,Modelos de IA,191,3.927616697511824
Microsoft,2010-14,Software & Aplicação,2839,58.37960106929879
Microsoft,2015-19,Infra Física,379,5.656716417910448
Microsoft,2015-19,Chips & Hardware,67,1.0
Microsoft,2015-19,Cloud & Compute,2286,34.11940298507463
Microsoft,2015-19,Modelos de IA,411,6.134328358208956
Microsoft,2015-19,Software & Aplicação,3557,53.08955223880597
Microsoft,2020-25,Infra Física,427,4.73970473970474
Microsoft,2020-25,Chips & Hardware,233,2.5863025863025864
Microsoft,2020-25,Cloud & Compute,2339,25.962925962925965
Microsoft,2020-25,Modelos de IA,2044,22.688422688422687
Microsoft,2020-25,Software & Aplicação,3966,44.02264402264402
Mitsubishi Electric,Até 1999,Infra Física,235,10.681818181818182
Mitsubishi Electric,Até 1999,Chips & Hardware,1688,76.72727272727272
Mitsubishi Electric,Até 1999,Cloud & Compute,21,0.9545454545454546
Mitsubishi Electric,Até 1999,Modelos de IA,89,4.045454545454545
Mitsubishi Electric,Até 1999,Software & Aplicação,167,7.590909090909091
Mitsubishi Electric,2000-04,Infra Física,100,7.262164124909224
Mitsubishi Electric,2000-04,Chips & Hardware,1097,79.66594045025418
Mitsubishi Electric,2000-04,Cloud & Compute,25,1.815541031227306
Mitsubishi Electric,2000-04,Modelos de IA,8,0.5809731299927379
Mitsubishi Electric,2000-04,Software & Aplicação,147,10.675381263616558
Mitsubishi Electric,2005-09,Infra Física,49,11.421911421911423
Mitsubishi Electric,2005-09,Chips & Hardware,169,39.39393939393939
Mitsubishi Electric,2005-09,Cloud & Compute,17,3.9627039627039626
Mitsubishi Electric,2005-09,Modelos de IA,2,0.4662004662004662
Mitsubishi Electric,2005-09,Software & Aplicação,192,44.75524475524475
Mitsubishi Electric,2010-14,Infra Física,125,19.53125
Mitsubishi Electric,2010-14,Chips & Hardware,221,34.53125
Mitsubishi Electric,2010-14,Cloud & Compute,17,2.65625
Mitsubishi Electric,2010-14,Modelos de IA,20,3.125
Mitsubishi Electric,2010-14,Software & Aplicação,257,40.15625
Mitsubishi Electric,2015-19,Infra Física,285,24.93438320209974
Mitsubishi Electric,2015-19,Chips & Hardware,458,40.06999125109361
Mitsubishi Electric,2015-19,Cloud & Compute,58,5.074365704286964
Mitsubishi Electric,2015-19,Modelos de IA,39,3.4120734908136483
Mitsubishi Electric,2015-19,Software & Aplicação,303,26.509186351706038
Mitsubishi Electric,2020-25,Infra Física,346,18.692598595353864
Mitsubishi Electric,2020-25,Chips & Hardware,685,37.007023230686116
Mitsubishi Electric,2020-25,Cloud & Compute,105,5.6726094003241485
Mitsubishi Electric,2020-25,Modelos de IA,198,10.696920583468396
Mitsubishi Electric,2020-25,Software & Aplicação,517,27.930848190167477
Motorola,Até 1999,Infra Física,272,13.64776718514802
Motorola,Até 1999,Chips & Hardware,1448,72.65429001505268
Motorola,Até 1999,Cloud & Compute,36,1.806322127446061
Motorola,Até 1999,Modelos de IA,79,3.9638735574510786
Motorola,Até 1999,Software & Aplicação,158,7.927747114902157
Motorola,2000-04,Infra Física,97,13.397790055248619
Motorola,2000-04,Chips & Hardware,472,65.19337016574586
Motorola,2000-04,Cloud & Compute,56,7.734806629834254
Motorola,2000-04,Modelos de IA,6,0.8287292817679558
Motorola,2000-04,Software & Aplicação,93,12.845303867403315
Motorola,2005-09,Infra Física,55,21.0727969348659
Motorola,2005-09,Chips & Hardware,49,18.773946360153257
Motorola,2005-09,Cloud & Compute,65,24.904214559386972
Motorola,2005-09,Modelos de IA,4,1.532567049808429
Motorola,2005-09,Software & Aplicação,88,33.71647509578544
Motorola,2010-14,Infra Física,13,14.606741573033707
Motorola,2010-14,Chips & Hardware,5,5.617977528089887
Motorola,2010-14,Cloud & Compute,39,43.82022471910113
Motorola,2010-14,Modelos de IA,4,4.49438202247191
Motorola,2010-14,Software & Aplicação,28,31.46067415730337
Motorola,2015-19,Infra Física,53,26.237623762376238
Motorola,2015-19,Cloud & Compute,50,24.752475247524753
Motorola,2015-19,Modelos de IA,8,3.9603960396039604
Motorola,2015-19,Software & Aplicação,91,45.04950495049505
Motorola,2020-25,Infra Física,32,7.207207207207207
Motorola,2020-25,Chips & Hardware,2,0.45045045045045046
Motorola,2020-25,Cloud & Compute,77,17.34234234234234
Motorola,2020-25,Modelos de IA,47,10.585585585585585
Motorola,2020-25,Software & Aplicação,286,64.41441441441441
NEC,Até 1999,Infra Física,83,4.4719827586206895
NEC,Até 1999,Chips & Hardware,1380,74.35344827586206
NEC,Até 1999,Cloud & Compute,34,1.8318965517241377
NEC,Até 1999,Modelos de IA,17,0.9159482758620688
NEC,Até 1999,Software & Aplicação,342,18.426724137931032
NEC,2000-04,Infra Física,85,4.815864022662889
NEC,2000-04,Chips & Hardware,1384,78.41359773371104
NEC,2000-04,Cloud & Compute,52,2.9461756373937678
NEC,2000-04,Modelos de IA,4,0.22662889518413595
NEC,2000-04,Software & Aplicação,240,13.59773371104816
NEC,2005-09,Infra Física,44,4.994324631101021
NEC,2005-09,Chips & Hardware,593,67.30987514188422
NEC,2005-09,Cloud & Compute,76,8.626560726447218
NEC,2005-09,Modelos de IA,5,0.5675368898978433
NEC,2005-09,Software & Aplicação,163,18.501702610669692
NEC,2010-14,Infra Física,59,5.977710233029382
NEC,2010-14,Chips & Hardware,412,41.742654508611956
NEC,2010-14,Cloud & Compute,161,16.312056737588655
NEC,2010-14,Modelos de IA,17,1.7223910840932117
NEC,2010-14,Software & Aplicação,338,34.2451874366768
NEC,2015-19,Infra Física,232,18.80064829821718
NEC,2015-19,Chips & Hardware,52,4.213938411669368
NEC,2015-19,Cloud & Compute,293,23.743922204213938
NEC,2015-19,Modelos de IA,130,10.53484602917342
NEC,2015-19,Software & Aplicação,527,42.706645056726096
NEC,2020-25,Infra Física,80,2.7548209366391188
NEC,2020-25,Chips & Hardware,42,1.4462809917355373
NEC,2020-25,Cloud & Compute,287,9.882920110192837
NEC,2020-25,Modelos de IA,583,20.075757575757574
NEC,2020-25,Software & Aplicação,1912,65.84022038567493
NVIDIA,Até 1999,Software & Aplicação,1,100.0
NVIDIA,2000-04,Chips & Hardware,2,2.7777777777777777
NVIDIA,2000-04,Software & Aplicação,70,97.22222222222221
NVIDIA,2005-09,Infra Física,41,11.357340720221606
NVIDIA,2005-09,Chips & Hardware,23,6.3711911357340725
NVIDIA,2005-09,Cloud & Compute,28,7.756232686980609
NVIDIA,2005-09,Software & Aplicação,269,74.51523545706371
NVIDIA,2010-14,Infra Física,80,13.651877133105803
NVIDIA,2010-14,Chips & Hardware,26,4.436860068259386
NVIDIA,2010-14,Cloud & Compute,55,9.385665529010238
NVIDIA,2010-14,Modelos de IA,1,0.17064846416382254
NVIDIA,2010-14,Software & Aplicação,424,72.35494880546075
NVIDIA,2015-19,Infra Física,95,13.590844062947067
NVIDIA,2015-19,Chips & Hardware,76,10.872675250357654
NVIDIA,2015-19,Cloud & Compute,95,13.590844062947067
NVIDIA,2015-19,Modelos de IA,17,2.432045779685265
NVIDIA,2015-19,Software & Aplicação,416,59.513590844062946
NVIDIA,2020-25,Infra Física,130,6.578947368421052
NVIDIA,2020-25,Chips & Hardware,199,10.07085020242915
NVIDIA,2020-25,Cloud & Compute,170,8.60323886639676
NVIDIA,2020-25,Modelos de IA,544,27.530364372469634
NVIDIA,2020-25,Software & Aplicação,933,47.2165991902834
Nikon,Até 1999,Infra Física,4,0.8620689655172413
Nikon,Até 1999,Chips & Hardware,446,96.12068965517241
Nikon,Até 1999,Modelos de IA,1,0.21551724137931033
Nikon,Até 1999,Software & Aplicação,13,2.8017241379310347
Nikon,2000-04,Infra Física,1,0.15174506828528073
Nikon,2000-04,Chips & Hardware,645,97.87556904400607
Nikon,2000-04,Cloud & Compute,1,0.15174506828528073
Nikon,2000-04,Modelos de IA,1,0.15174506828528073
Nikon,2000-04,Software & Aplicação,11,1.669195751138088
Nikon,2005-09,Chips & Hardware,340,93.15068493150685
Nikon,2005-09,Modelos de IA,1,0.273972602739726
Nikon,2005-09,Software & Aplicação,24,6.575342465753424
Nikon,2010-14,Infra Física,3,0.425531914893617
Nikon,2010-14,Chips & Hardware,556,78.86524822695036
Nikon,2010-14,Cloud & Compute,1,0.14184397163120568
Nikon,2010-14,Software & Aplicação,145,20.56737588652482
Nikon,2015-19,Infra Física,5,0.7961783439490446
Nikon,2015-19,Chips & Hardware,532,84.71337579617835
Nikon,2015-19,Cloud & Compute,1,0.15923566878980894
Nikon,2015-19,Software & Aplicação,90,14.331210191082802
Nikon,2020-25,Chips & Hardware,181,61.35593220338983
Nikon,2020-25,Modelos de IA,3,1.0169491525423728
Nikon,2020-25,Software & Aplicação,111,37.6271186440678
Nokia,Até 1999,Infra Física,26,65.0
Nokia,Até 1999,Chips & Hardware,4,10.0
Nokia,Até 1999,Cloud & Compute,1,2.5
Nokia,Até 1999,Software & Aplicação,9,22.5
Nokia,2000-04,Infra Física,23,19.166666666666668
Nokia,2000-04,Chips & Hardware,14,11.666666666666666
Nokia,2000-04,Cloud & Compute,47,39.166666666666664
Nokia,2000-04,Modelos de IA,1,0.8333333333333334
Nokia,2000-04,Software & Aplicação,35,29.166666666666668
Nokia,2005-09,Infra Física,24,5.797101449275362
Nokia,2005-09,Chips & Hardware,23,5.555555555555555
Nokia,2005-09,Cloud & Compute,254,61.35265700483091
Nokia,2005-09,Modelos de IA,4,0.966183574879227
Nokia,2005-09,Software & Aplicação,109,26.32850241545894
Nokia,2010-14,Infra Física,43,7.452339688041594
Nokia,2010-14,Chips & Hardware,7,1.2131715771230502
Nokia,2010-14,Cloud & Compute,335,58.05892547660312
Nokia,2010-14,Modelos de IA,11,1.9064124783362217
Nokia,2010-14,Software & Aplicação,181,31.369150779896017
Nokia,2015-19,Infra Física,81,9.375
Nokia,2015-19,Chips & Hardware,10,1.1574074074074074
Nokia,2015-19,Cloud & Compute,360,41.66666666666667
Nokia,2015-19,Modelos de IA,23,2.662037037037037
Nokia,2015-19,Software & Aplicação,390,45.13888888888889
Nokia,2020-25,Infra Física,45,4.918032786885246
Nokia,2020-25,Chips & Hardware,33,3.606557377049181
Nokia,2020-25,Cloud & Compute,336,36.721311475409834
Nokia,2020-25,Modelos de IA,187,20.437158469945356
Nokia,2020-25,Software & Aplicação,314,34.31693989071039
Oracle,Até 1999,Chips & Hardware,1,4.761904761904762
Oracle,Até 1999,Cloud & Compute,6,28.57142857142857
Oracle,Até 1999,Modelos de IA,1,4.761904761904762
Oracle,Até 1999,Software & Aplicação,13,61.904761904761905
Oracle,2000-04,Infra Física,1,1.6666666666666667
Oracle,2000-04,Cloud & Compute,38,63.33333333333333
Oracle,2000-04,Modelos de IA,2,3.3333333333333335
Oracle,2000-04,Software & Aplicação,19,31.666666666666664
Oracle,2005-09,Infra Física,1,0.4273504273504274
Oracle,2005-09,Cloud & Compute,115,49.14529914529914
Oracle,2005-09,Modelos de IA,12,5.128205128205128
Oracle,2005-09,Software & Aplicação,106,45.2991452991453
Oracle,2010-14,Infra Física,102,8.232445520581114
Oracle,2010-14,Chips & Hardware,103,8.313155770782888
Oracle,2010-14,Cloud & Compute,551,44.471347861178366
Oracle,2010-14,Modelos de IA,43,3.470540758676352
Oracle,2010-14,Software & Aplicação,440,35.512510088781276
Oracle,2015-19,Infra Física,77,4.700854700854701
Oracle,2015-19,Chips & Hardware,57,3.47985347985348
Oracle,2015-19,Cloud & Compute,919,56.105006105006105
Oracle,2015-19,Modelos de IA,43,2.625152625152625
Oracle,2015-19,Software & Aplicação,542,33.089133089133085
Oracle,2020-25,Infra Física,56,2.2090729783037477
Oracle,2020-25,Chips & Hardware,14,0.5522682445759369
Oracle,2020-25,Cloud & Compute,1124,44.33925049309665
Oracle,2020-25,Modelos de IA,599,23.629191321499015
Oracle,2020-25,Software & Aplicação,742,29.270216962524653
Panasonic,Até 1999,Infra Física,23,10.50228310502283
Panasonic,Até 1999,Chips & Hardware,133,60.73059360730594
Panasonic,Até 1999,Cloud & Compute,2,0.91324200913242
Panasonic,Até 1999,Modelos de IA,5,2.28310502283105
Panasonic,Até 1999,Software & Aplicação,56,25.570776255707763
Panasonic,2000-04,Infra Física,11,7.746478873239436
Panasonic,2000-04,Chips & Hardware,107,75.35211267605634
Panasonic,2000-04,Cloud & Compute,4,2.8169014084507045
Panasonic,2000-04,Software & Aplicação,20,14.084507042253522
Panasonic,2005-09,Infra Física,45,14.195583596214512
Panasonic,2005-09,Chips & Hardware,164,51.73501577287066
Panasonic,2005-09,Cloud & Compute,28,8.832807570977918
Panasonic,2005-09,Modelos de IA,2,0.6309148264984227
Panasonic,2005-09,Software & Aplicação,78,24.605678233438486
Panasonic,2010-14,Infra Física,240,14.78743068391867
Panasonic,2010-14,Chips & Hardware,801,49.35304990757856
Panasonic,2010-14,Cloud & Compute,113,6.96241528034504
Panasonic,2010-14,Modelos de IA,11,0.6777572396796057
Panasonic,2010-14,Software & Aplicação,458,28.219346888478125
Panasonic,2015-19,Infra Física,556,29.543039319872477
Panasonic,2015-19,Chips & Hardware,307,16.312433581296492
Panasonic,2015-19,Cloud & Compute,188,9.989373007438896
Panasonic,2015-19,Modelos de IA,30,1.5940488841657812
Panasonic,2015-19,Software & Aplicação,801,42.561105207226355
Panasonic,2020-25,Infra Física,369,17.647058823529413
Panasonic,2020-25,Chips & Hardware,165,7.890961262553802
Panasonic,2020-25,Cloud & Compute,218,10.425633668101387
Panasonic,2020-25,Modelos de IA,146,6.982305117168819
Panasonic,2020-25,Software & Aplicação,1193,57.05404112864658
Philips,Até 1999,Infra Física,49,5.27448869752422
Philips,Até 1999,Chips & Hardware,581,62.540365984930034
Philips,Até 1999,Cloud & Compute,4,0.4305705059203444
Philips,Até 1999,Modelos de IA,37,3.982777179763186
Philips,Até 1999,Software & Aplicação,258,27.771797631862217
Philips,2000-04,Infra Física,41,6.677524429967427
Philips,2000-04,Chips & Hardware,231,37.62214983713355
Philips,2000-04,Cloud & Compute,29,4.723127035830619
Philips,2000-04,Modelos de IA,8,1.3029315960912053
Philips,2000-04,Software & Aplicação,305,49.6742671009772
Philips,2005-09,Infra Física,24,5.010438413361169
Philips,2005-09,Chips & Hardware,102,21.29436325678497
Philips,2005-09,Cloud & Compute,30,6.263048016701461
Philips,2005-09,Modelos de IA,5,1.0438413361169103
Philips,2005-09,Software & Aplicação,318,66.38830897703549
Philips,2010-14,Infra Física,23,4.500978473581213
Philips,2010-14,Chips & Hardware,62,12.13307240704501
Philips,2010-14,Cloud & Compute,37,7.240704500978473
Philips,2010-14,Modelos de IA,6,1.1741682974559686
Philips,2010-14,Software & Aplicação,383,74.95107632093934
Philips,2015-19,Infra Física,68,8.531994981179423
Philips,2015-19,Chips & Hardware,32,4.0150564617314926
Philips,2015-19,Cloud & Compute,32,4.0150564617314926
Philips,2015-19,Modelos de IA,12,1.5056461731493098
Philips,2015-19,Software & Aplicação,653,81.93224592220828
Philips,2020-25,Infra Física,91,7.059736229635376
Philips,2020-25,Chips & Hardware,21,1.6291698991466252
Philips,2020-25,Cloud & Compute,40,3.1031807602792862
Philips,2020-25,Modelos de IA,208,16.13653995345229
Philips,2020-25,Software & Aplicação,929,72.07137315748642
Qualcomm,Até 1999,Chips & Hardware,1,8.333333333333332
Qualcomm,Até 1999,Cloud & Compute,1,8.333333333333332
Qualcomm,Até 1999,Software & Aplicação,10,83.33333333333334
Qualcomm,2000-04,Infra Física,12,20.689655172413794
Qualcomm,2000-04,Chips & Hardware,11,18.96551724137931
Qualcomm,2000-04,Cloud & Compute,11,18.96551724137931
Qualcomm,2000-04,Software & Aplicação,24,41.37931034482759
Qualcomm,2005-09,Infra Física,27,19.565217391304348
Qualcomm,2005-09,Chips & Hardware,24,17.391304347826086
Qualcomm,2005-09,Cloud & Compute,44,31.88405797101449
Qualcomm,2005-09,Modelos de IA,2,1.4492753623188406
Qualcomm,2005-09,Software & Aplicação,41,29.71014492753623
Qualcomm,2010-14,Infra Física,192,19.651995905834184
Qualcomm,2010-14,Chips & Hardware,266,27.226202661207775
Qualcomm,2010-14,Cloud & Compute,272,27.840327533265096
Qualcomm,2010-14,Modelos de IA,15,1.5353121801432956
Qualcomm,2010-14,Software & Aplicação,232,23.74616171954964
Qualcomm,2015-19,Infra Física,789,23.62982929020665
Qualcomm,2015-19,Chips & Hardware,771,23.090745732255165
Qualcomm,2015-19,Cloud & Compute,679,20.335429769392032
Qualcomm,2015-19,Modelos de IA,136,4.073075771188979
Qualcomm,2015-19,Software & Aplicação,964,28.87091943695717
Qualcomm,2020-25,Infra Física,293,10.6197897789054
Qualcomm,2020-25,Chips & Hardware,534,19.35483870967742
Qualcomm,2020-25,Cloud & Compute,443,16.056542225444
Qualcomm,2020-25,Modelos de IA,457,16.563972453787603
Qualcomm,2020-25,Software & Aplicação,1032,37.40485683218557
Red Hat,2005-09,Cloud & Compute,7,87.5
Red Hat,2005-09,Software & Aplicação,1,12.5
Red Hat,2010-14,Infra Física,9,2.631578947368421
Red Hat,2010-14,Cloud & Compute,247,72.22222222222221
Red Hat,2010-14,Modelos de IA,19,5.555555555555555
Red Hat,2010-14,Software & Aplicação,67,19.5906432748538
Red Hat,2015-19,Infra Física,21,2.6054590570719602
Red Hat,2015-19,Chips & Hardware,1,0.12406947890818859
Red Hat,2015-19,Cloud & Compute,706,87.59305210918114
Red Hat,2015-19,Modelos de IA,10,1.240694789081886
Red Hat,2015-19,Software & Aplicação,68,8.436724565756824
Red Hat,2020-25,Infra Física,50,4.716981132075472
Red Hat,2020-25,Chips & Hardware,3,0.2830188679245283
Red Hat,2020-25,Cloud & Compute,872,82.26415094339623
Red Hat,2020-25,Modelos de IA,77,7.264150943396226
Red Hat,2020-25,Software & Aplicação,58,5.471698113207547
Renesas,2000-04,Infra Física,10,2.2522522522522523
Renesas,2000-04,Chips & Hardware,414,93.24324324324324
Renesas,2000-04,Cloud & Compute,1,0.22522522522522523
Renesas,2000-04,Software & Aplicação,19,4.2792792792792795
Renesas,2005-09,Infra Física,50,4.0453074433656955
Renesas,2005-09,Chips & Hardware,1165,94.25566343042071
Renesas,2005-09,Cloud & Compute,3,0.24271844660194172
Renesas,2005-09,Modelos de IA,1,0.08090614886731393
Renesas,2005-09,Software & Aplicação,17,1.3754045307443366
Renesas,2010-14,Infra Física,84,5.175600739371535
Renesas,2010-14,Chips & Hardware,1499,92.35982747997535
Renesas,2010-14,Cloud & Compute,12,0.7393715341959335
Renesas,2010-14,Modelos de IA,1,0.06161429451632779
Renesas,2010-14,Software & Aplicação,27,1.6635859519408502
Renesas,2015-19,Infra Física,136,10.518174787316319
Renesas,2015-19,Chips & Hardware,1074,83.06264501160094
Renesas,2015-19,Cloud & Compute,33,2.5522041763341066
Renesas,2015-19,Modelos de IA,2,0.15467904098994587
Renesas,2015-19,Software & Aplicação,48,3.7122969837587005
Renesas,2020-25,Infra Física,57,13.411764705882353
Renesas,2020-25,Chips & Hardware,293,68.94117647058823
Renesas,2020-25,Cloud & Compute,29,6.8235294117647065
Renesas,2020-25,Modelos de IA,14,3.294117647058824
Renesas,2020-25,Software & Aplicação,32,7.529411764705881
Ricoh,Até 1999,Infra Física,11,2.528735632183908
Ricoh,Até 1999,Chips & Hardware,69,15.862068965517242
Ricoh,Até 1999,Cloud & Compute,6,1.3793103448275863
Ricoh,Até 1999,Modelos de IA,55,12.643678160919542
Ricoh,Até 1999,Software & Aplicação,294,67.58620689655173
Ricoh,2000-04,Infra Física,17,9.289617486338798
Ricoh,2000-04,Chips & Hardware,30,16.39344262295082
Ricoh,2000-04,Cloud & Compute,10,5.46448087431694
Ricoh,2000-04,Modelos de IA,4,2.185792349726776
Ricoh,2000-04,Software & Aplicação,122,66.66666666666666
Ricoh,2005-09,Infra Física,41,9.44700460829493
Ricoh,2005-09,Chips & Hardware,45,10.368663594470046
Ricoh,2005-09,Cloud & Compute,80,18.433179723502306
Ricoh,2005-09,Modelos de IA,2,0.4608294930875576
Ricoh,2005-09,Software & Aplicação,266,61.29032258064516
Ricoh,2010-14,Infra Física,80,12.269938650306749
Ricoh,2010-14,Chips & Hardware,46,7.05521472392638
Ricoh,2010-14,Cloud & Compute,126,19.32515337423313
Ricoh,2010-14,Modelos de IA,1,0.15337423312883436
Ricoh,2010-14,Software & Aplicação,399,61.19631901840491
Ricoh,2015-19,Infra Física,95,9.566968781470292
Ricoh,2015-19,Chips & Hardware,18,1.812688821752266
Ricoh,2015-19,Cloud & Compute,262,26.384692849949648
Ricoh,2015-19,Modelos de IA,6,0.6042296072507553
Ricoh,2015-19,Software & Aplicação,612,61.631419939577036
Ricoh,2020-25,Infra Física,51,6.028368794326241
Ricoh,2020-25,Chips & Hardware,10,1.1820330969267139
Ricoh,2020-25,Cloud & Compute,167,19.739952718676122
Ricoh,2020-25,Modelos de IA,71,8.39243498817967
Ricoh,2020-25,Software & Aplicação,547,64.65721040189125
SAP,2000-04,Cloud & Compute,1,7.6923076923076925
SAP,2000-04,Software & Aplicação,12,92.3076923076923
SAP,2005-09,Cloud & Compute,93,26.495726495726498
SAP,2005-09,Modelos de IA,15,4.273504273504273
SAP,2005-09,Software & Aplicação,243,69.23076923076923
SAP,2010-14,Infra Física,6,0.4618937644341801
SAP,2010-14,Cloud & Compute,297,22.863741339491916
SAP,2010-14,Modelos de IA,32,2.4634334103156275
SAP,2010-14,Software & Aplicação,964,74.21093148575828
SAP,2015-19,Infra Física,9,0.8595988538681949
SAP,2015-19,Chips & Hardware,1,0.09551098376313276
SAP,2015-19,Cloud & Compute,375,35.816618911174785
SAP,2015-19,Modelos de IA,71,6.781279847182425
SAP,2015-19,Software & Aplicação,591,56.446991404011456
SAP,2020-25,Infra Física,13,0.7501442585112521
SAP,2020-25,Chips & Hardware,7,0.4039238315060588
SAP,2020-25,Cloud & Compute,612,35.314483554529716
SAP,2020-25,Modelos de IA,466,26.889786497403346
SAP,2020-25,Software & Aplicação,635,36.64166185804962
SK Hynix,Até 1999,Chips & Hardware,319,98.4567901234568
SK Hynix,Até 1999,Software & Aplicação,5,1.5432098765432098
SK Hynix,2000-04,Infra Física,7,0.726895119418484
SK Hynix,2000-04,Chips & Hardware,943,97.92315680166148
SK Hynix,2000-04,Modelos de IA,1,0.10384215991692627
SK Hynix,2000-04,Software & Aplicação,12,1.2461059190031152
SK Hynix,2005-09,Infra Física,4,0.37418147801683815
SK Hynix,2005-09,Chips & Hardware,1063,99.43872778297475
SK Hynix,2005-09,Software & Aplicação,2,0.18709073900841908
SK Hynix,2010-14,Infra Física,6,0.39215686274509803
SK Hynix,2010-14,Chips & Hardware,1521,99.41176470588235
SK Hynix,2010-14,Cloud & Compute,1,0.065359477124183
SK Hynix,2010-14,Software & Aplicação,2,0.130718954248366
SK Hynix,2015-19,Infra Física,115,7.007921998781232
SK Hynix,2015-19,Chips & Hardware,1504,91.65143205362584
SK Hynix,2015-19,Cloud & Compute,5,0.30469226081657524
SK Hynix,2015-19,Modelos de IA,7,0.42656916514320536
SK Hynix,2015-19,Software & Aplicação,10,0.6093845216331505
SK Hynix,2020-25,Infra Física,398,17.863554757630162
SK Hynix,2020-25,Chips & Hardware,1579,70.87073608617594
SK Hynix,2020-25,Cloud & Compute,47,2.10951526032316
SK Hynix,2020-25,Modelos de IA,141,6.3285457809694785
SK Hynix,2020-25,Software & Aplicação,63,2.827648114901257
STATS ChipPAC,2005-09,Chips & Hardware,100,100.0
STATS ChipPAC,2010-14,Chips & Hardware,981,100.0
STATS ChipPAC,2015-19,Chips & Hardware,459,100.0
STATS ChipPAC,2020-25,Chips & Hardware,151,99.3421052631579
STATS ChipPAC,2020-25,Software & Aplicação,1,0.6578947368421052
STMicroelectronics,Até 1999,Infra Física,9,2.9315960912052117
STMicroelectronics,Até 1999,Chips & Hardware,294,95.76547231270358
STMicroelectronics,Até 1999,Modelos de IA,3,0.9771986970684038
STMicroelectronics,Até 1999,Software & Aplicação,1,0.32573289902280134
STMicroelectronics,2000-04,Infra Física,25,4.562043795620438
STMicroelectronics,2000-04,Chips & Hardware,436,79.56204379562044
STMicroelectronics,2000-04,Cloud & Compute,2,0.36496350364963503
STMicroelectronics,2000-04,Modelos de IA,10,1.824817518248175
STMicroelectronics,2000-04,Software & Aplicação,75,13.686131386861314
STMicroelectronics,2005-09,Infra Física,18,4.358353510895883
STMicroelectronics,2005-09,Chips & Hardware,311,75.30266343825666
STMicroelectronics,2005-09,Cloud & Compute,6,1.4527845036319613
STMicroelectronics,2005-09,Modelos de IA,10,2.4213075060532687
STMicroelectronics,2005-09,Software & Aplicação,68,16.46489104116223
STMicroelectronics,2010-14,Infra Física,36,7.422680412371134
STMicroelectronics,2010-14,Chips & Hardware,358,73.81443298969073
STMicroelectronics,2010-14,Cloud & Compute,18,3.711340206185567
STMicroelectronics,2010-14,Software & Aplicação,73,15.051546391752577
STMicroelectronics,2015-19,Infra Física,57,8.050847457627118
STMicroelectronics,2015-19,Chips & Hardware,558,78.8135593220339
STMicroelectronics,2015-19,Cloud & Compute,12,1.694915254237288
STMicroelectronics,2015-19,Modelos de IA,8,1.1299435028248588
STMicroelectronics,2015-19,Software & Aplicação,73,10.310734463276836
STMicroelectronics,2020-25,Infra Física,102,13.636363636363635
STMicroelectronics,2020-25,Chips & Hardware,464,62.03208556149733
STMicroelectronics,2020-25,Cloud & Compute,29,3.8770053475935833
STMicroelectronics,2020-25,Modelos de IA,83,11.096256684491978
STMicroelectronics,2020-25,Software & Aplicação,70,9.358288770053475
Salesforce,2005-09,Cloud & Compute,3,75.0
Salesforce,2005-09,Software & Aplicação,1,25.0
Salesforce,2010-14,Cloud & Compute,119,59.798994974874375
Salesforce,2010-14,Modelos de IA,3,1.507537688442211
Salesforce,2010-14,Software & Aplicação,77,38.69346733668342
Salesforce,2015-19,Infra Física,6,0.8163265306122449
Salesforce,2015-19,Cloud & Compute,363,49.38775510204081
Salesforce,2015-19,Modelos de IA,51,6.938775510204081
Salesforce,2015-19,Software & Aplicação,315,42.857142857142854
Salesforce,2020-25,Infra Física,5,0.257201646090535
Salesforce,2020-25,Chips & Hardware,7,0.360082304526749
Salesforce,2020-25,Cloud & Compute,682,35.08230452674897
Salesforce,2020-25,Modelos de IA,475,24.434156378600825
Salesforce,2020-25,Software & Aplicação,775,39.86625514403292
Samsung,Até 1999,Infra Física,72,8.944099378881988
Samsung,Até 1999,Chips & Hardware,600,74.53416149068323
Samsung,Até 1999,Cloud & Compute,1,0.12422360248447205
Samsung,Até 1999,Modelos de IA,25,3.1055900621118013
Samsung,Até 1999,Software & Aplicação,107,13.291925465838508
Samsung,2000-04,Infra Física,55,3.6375661375661372
Samsung,2000-04,Chips & Hardware,1317,87.10317460317461
Samsung,2000-04,Cloud & Compute,18,1.1904761904761905
Samsung,2000-04,Modelos de IA,1,0.06613756613756613
Samsung,2000-04,Software & Aplicação,121,8.002645502645503
Samsung,2005-09,Infra Física,183,6.934444865479349
Samsung,2005-09,Chips & Hardware,2124,80.48503220917014
Samsung,2005-09,Cloud & Compute,64,2.425161045850701
Samsung,2005-09,Modelos de IA,7,0.2652519893899204
Samsung,2005-09,Software & Aplicação,261,9.89010989010989
Samsung,2010-14,Infra Física,458,9.19494077494479
Samsung,2010-14,Chips & Hardware,3013,60.48986147359968
Samsung,2010-14,Cloud & Compute,440,8.833567556715519
Samsung,2010-14,Modelos de IA,31,0.6223649869504115
Samsung,2010-14,Software & Aplicação,1039,20.8592652077896
Samsung,2015-19,Infra Física,1552,16.54055206224022
Samsung,2015-19,Chips & Hardware,3752,39.98721091335394
Samsung,2015-19,Cloud & Compute,1158,12.341468613449855
Samsung,2015-19,Modelos de IA,101,1.0764147927102206
Samsung,2015-19,Software & Aplicação,2820,30.054353618245766
Samsung,2020-25,Infra Física,1881,11.412449945394975
Samsung,2020-25,Chips & Hardware,5780,35.06855964082029
Samsung,2020-25,Cloud & Compute,1361,8.257493022691422
Samsung,2020-25,Modelos de IA,1994,12.098046353597864
Samsung,2020-25,Software & Aplicação,5466,33.16345103749545
SanDisk,Até 1999,Infra Física,2,10.0
SanDisk,Até 1999,Chips & Hardware,18,90.0
SanDisk,2000-04,Infra Física,3,4.477611940298507
SanDisk,2000-04,Chips & Hardware,64,95.52238805970148
SanDisk,2005-09,Infra Física,13,3.4759358288770055
SanDisk,2005-09,Chips & Hardware,360,96.2566844919786
SanDisk,2005-09,Software & Aplicação,1,0.267379679144385
SanDisk,2010-14,Infra Física,31,5.236486486486487
SanDisk,2010-14,Chips & Hardware,555,93.75
SanDisk,2010-14,Cloud & Compute,3,0.5067567567567568
SanDisk,2010-14,Software & Aplicação,3,0.5067567567567568
SanDisk,2015-19,Infra Física,91,11.375
SanDisk,2015-19,Chips & Hardware,678,84.75
SanDisk,2015-19,Cloud & Compute,29,3.6249999999999996
SanDisk,2015-19,Modelos de IA,1,0.125
SanDisk,2015-19,Software & Aplicação,1,0.125
SanDisk,2020-25,Infra Física,32,3.6613272311212817
SanDisk,2020-25,Chips & Hardware,769,87.98627002288329
SanDisk,2020-25,Cloud & Compute,9,1.0297482837528604
SanDisk,2020-25,Modelos de IA,48,5.491990846681922
SanDisk,2020-25,Software & Aplicação,16,1.8306636155606408
Seiko Epson,Até 1999,Infra Física,15,5.376344086021505
Seiko Epson,Até 1999,Chips & Hardware,180,64.51612903225806
Seiko Epson,Até 1999,Cloud & Compute,7,2.5089605734767026
Seiko Epson,Até 1999,Modelos de IA,1,0.35842293906810035
Seiko Epson,Até 1999,Software & Aplicação,76,27.24014336917563
Seiko Epson,2000-04,Infra Física,33,7.036247334754798
Seiko Epson,2000-04,Chips & Hardware,334,71.21535181236673
Seiko Epson,2000-04,Cloud & Compute,15,3.1982942430703627
Seiko Epson,2000-04,Modelos de IA,1,0.21321961620469082
Seiko Epson,2000-04,Software & Aplicação,86,18.336886993603414
Seiko Epson,2005-09,Infra Física,41,4.8065650644783116
Seiko Epson,2005-09,Chips & Hardware,545,63.89214536928488
Seiko Epson,2005-09,Cloud & Compute,35,4.103165298944901
Seiko Epson,2005-09,Software & Aplicação,232,27.198124267291913
Seiko Epson,2010-14,Infra Física,71,10.410557184750733
Seiko Epson,2010-14,Chips & Hardware,215,31.524926686217007
Seiko Epson,2010-14,Cloud & Compute,45,6.598240469208211
Seiko Epson,2010-14,Modelos de IA,6,0.8797653958944283
Seiko Epson,2010-14,Software & Aplicação,345,50.58651026392962
Seiko Epson,2015-19,Infra Física,46,10.244988864142538
Seiko Epson,2015-19,Chips & Hardware,79,17.59465478841871
Seiko Epson,2015-19,Cloud & Compute,60,13.3630289532294
Seiko Epson,2015-19,Modelos de IA,1,0.22271714922048996
Seiko Epson,2015-19,Software & Aplicação,263,58.57461024498887
Seiko Epson,2020-25,Infra Física,119,21.715328467153284
Seiko Epson,2020-25,Chips & Hardware,40,7.2992700729927
Seiko Epson,2020-25,Cloud & Compute,27,4.927007299270073
Seiko Epson,2020-25,Modelos de IA,52,9.48905109489051
Seiko Epson,2020-25,Software & Aplicação,310,56.56934306569343
Semiconductor Energy Lab,Até 1999,Infra Física,1,0.3436426116838488
Semiconductor Energy Lab,Até 1999,Chips & Hardware,290,99.65635738831615
Semiconductor Energy Lab,2000-04,Chips & Hardware,369,99.19354838709677
Semiconductor Energy Lab,2000-04,Software & Aplicação,3,0.8064516129032258
Semiconductor Energy Lab,2005-09,Infra Física,1,0.18083182640144665
Semiconductor Energy Lab,2005-09,Chips & Hardware,543,98.19168173598554
Semiconductor Energy Lab,2005-09,Cloud & Compute,3,0.5424954792043399
Semiconductor Energy Lab,2005-09,Software & Aplicação,6,1.0849909584086799
Semiconductor Energy Lab,2010-14,Infra Física,63,5.932203389830509
Semiconductor Energy Lab,2010-14,Chips & Hardware,979,92.18455743879473
Semiconductor Energy Lab,2010-14,Software & Aplicação,20,1.8832391713747645
Semiconductor Energy Lab,2015-19,Infra Física,162,17.802197802197803
Semiconductor Energy Lab,2015-19,Chips & Hardware,720,79.12087912087912
Semiconductor Energy Lab,2015-19,Modelos de IA,4,0.43956043956043955
Semiconductor Energy Lab,2015-19,Software & Aplicação,24,2.6373626373626373
Semiconductor Energy Lab,2020-25,Infra Física,131,16.253101736972706
Semiconductor Energy Lab,2020-25,Chips & Hardware,442,54.83870967741935
Semiconductor Energy Lab,2020-25,Modelos de IA,108,13.399503722084367
Semiconductor Energy Lab,2020-25,Software & Aplicação,125,15.508684863523573
Sharp,Até 1999,Infra Física,27,3.241296518607443
Sharp,Até 1999,Chips & Hardware,468,56.182472989195674
Sharp,Até 1999,Cloud & Compute,8,0.9603841536614646
Sharp,Até 1999,Modelos de IA,27,3.241296518607443
Sharp,Até 1999,Software & Aplicação,303,36.37454981992797
Sharp,2000-04,Infra Física,18,2.922077922077922
Sharp,2000-04,Chips & Hardware,444,72.07792207792207
Sharp,2000-04,Cloud & Compute,9,1.461038961038961
Sharp,2000-04,Software & Aplicação,145,23.53896103896104
Sharp,2005-09,Infra Física,21,3.7168141592920354
Sharp,2005-09,Chips & Hardware,362,64.070796460177
Sharp,2005-09,Cloud & Compute,38,6.725663716814159
Sharp,2005-09,Modelos de IA,2,0.35398230088495575
Sharp,2005-09,Software & Aplicação,142,25.13274336283186
Sharp,2010-14,Infra Física,51,8.717948717948717
Sharp,2010-14,Chips & Hardware,206,35.21367521367522
Sharp,2010-14,Cloud & Compute,65,11.11111111111111
Sharp,2010-14,Modelos de IA,1,0.17094017094017094
Sharp,2010-14,Software & Aplicação,262,44.78632478632479
Sharp,2015-19,Infra Física,57,16.76470588235294
Sharp,2015-19,Chips & Hardware,89,26.176470588235297
Sharp,2015-19,Cloud & Compute,35,10.294117647058822
Sharp,2015-19,Software & Aplicação,159,46.76470588235294
Sharp,2020-25,Infra Física,73,26.16487455197133
Sharp,2020-25,Chips & Hardware,54,19.35483870967742
Sharp,2020-25,Cloud & Compute,26,9.31899641577061
Sharp,2020-25,Modelos de IA,8,2.867383512544803
Sharp,2020-25,Software & Aplicação,118,42.29390681003584
Shin-Etsu,Até 1999,Chips & Hardware,226,99.55947136563876
Shin-Etsu,Até 1999,Software & Aplicação,1,0.4405286343612335
Shin-Etsu,2000-04,Chips & Hardware,253,100.0
Shin-Etsu,2005-09,Infra Física,1,0.390625
Shin-Etsu,2005-09,Chips & Hardware,254,99.21875
Shin-Etsu,2005-09,Software & Aplicação,1,0.390625
Shin-Etsu,2010-14,Chips & Hardware,382,100.0
Shin-Etsu,2015-19,Infra Física,1,0.21413276231263384
Shin-Etsu,2015-19,Chips & Hardware,465,99.57173447537473
Shin-Etsu,2015-19,Software & Aplicação,1,0.21413276231263384
Shin-Etsu,2020-25,Infra Física,4,1.0610079575596816
Shin-Etsu,2020-25,Chips & Hardware,373,98.93899204244032
Siemens,Até 1999,Infra Física,125,11.241007194244604
Siemens,Até 1999,Chips & Hardware,769,69.15467625899281
Siemens,Até 1999,Cloud & Compute,15,1.3489208633093526
Siemens,Até 1999,Modelos de IA,48,4.316546762589928
Siemens,Até 1999,Software & Aplicação,155,13.93884892086331
Siemens,2000-04,Infra Física,54,10.865191146881289
Siemens,2000-04,Chips & Hardware,226,45.47283702213279
Siemens,2000-04,Cloud & Compute,15,3.0181086519114686
Siemens,2000-04,Modelos de IA,25,5.030181086519115
Siemens,2000-04,Software & Aplicação,177,35.61368209255533
Siemens,2005-09,Infra Física,88,12.021857923497267
Siemens,2005-09,Chips & Hardware,42,5.737704918032787
Siemens,2005-09,Cloud & Compute,67,9.153005464480875
Siemens,2005-09,Modelos de IA,11,1.5027322404371584
Siemens,2005-09,Software & Aplicação,524,71.58469945355192
Siemens,2010-14,Infra Física,125,8.085381630012936
Siemens,2010-14,Chips & Hardware,36,2.3285899094437257
Siemens,2010-14,Cloud & Compute,135,8.73221216041397
Siemens,2010-14,Modelos de IA,37,2.393272962483829
Siemens,2010-14,Software & Aplicação,1213,78.46054333764553
Siemens,2015-19,Infra Física,292,20.34843205574913
Siemens,2015-19,Chips & Hardware,18,1.254355400696864
Siemens,2015-19,Cloud & Compute,127,8.850174216027874
Siemens,2015-19,Modelos de IA,93,6.480836236933799
Siemens,2015-19,Software & Aplicação,905,63.06620209059234
Siemens,2020-25,Infra Física,350,13.446023818670763
Siemens,2020-25,Chips & Hardware,69,2.650787552823665
Siemens,2020-25,Cloud & Compute,263,10.103726469458318
Siemens,2020-25,Modelos de IA,561,21.552055320783712
Siemens,2020-25,Software & Aplicação,1360,52.247406838263544
Snap,2010-14,Cloud & Compute,2,66.66666666666666
Snap,2010-14,Software & Aplicação,1,33.33333333333333
Snap,2015-19,Infra Física,12,5.687203791469194
Snap,2015-19,Chips & Hardware,1,0.47393364928909953
Snap,2015-19,Cloud & Compute,57,27.014218009478675
Snap,2015-19,Modelos de IA,12,5.687203791469194
Snap,2015-19,Software & Aplicação,129,61.137440758293835
Snap,2020-25,Infra Física,103,3.923809523809524
Snap,2020-25,Chips & Hardware,16,0.6095238095238096
Snap,2020-25,Cloud & Compute,410,15.619047619047619
Snap,2020-25,Modelos de IA,299,11.39047619047619
Snap,2020-25,Software & Aplicação,1797,68.45714285714286
Sony,Até 1999,Infra Física,64,7.231638418079096
Sony,Até 1999,Chips & Hardware,518,58.53107344632769
Sony,Até 1999,Cloud & Compute,13,1.4689265536723164
Sony,Até 1999,Modelos de IA,12,1.3559322033898304
Sony,Até 1999,Software & Aplicação,278,31.412429378531076
Sony,2000-04,Infra Física,91,7.79777206512425
Sony,2000-04,Chips & Hardware,517,44.30162810625535
Sony,2000-04,Cloud & Compute,73,6.2553556126820915
Sony,2000-04,Modelos de IA,39,3.3419023136246784
Sony,2000-04,Software & Aplicação,447,38.303341902313626
Sony,2005-09,Infra Física,133,8.542068079640334
Sony,2005-09,Chips & Hardware,470,30.186255619781633
Sony,2005-09,Cloud & Compute,202,12.973667308927425
Sony,2005-09,Modelos de IA,64,4.110468850353243
Sony,2005-09,Software & Aplicação,688,44.18754014129737
Sony,2010-14,Infra Física,251,9.08432862830257
Sony,2010-14,Chips & Hardware,357,12.920738327904452
Sony,2010-14,Cloud & Compute,580,20.991675714802753
Sony,2010-14,Modelos de IA,64,2.316322837495476
Sony,2010-14,Software & Aplicação,1511,54.68693449149475
Sony,2015-19,Infra Física,388,11.840097650289898
Sony,2015-19,Chips & Hardware,357,10.894110466890448
Sony,2015-19,Cloud & Compute,529,16.142813548977724
Sony,2015-19,Modelos de IA,55,1.6783643576441867
Sony,2015-19,Software & Aplicação,1948,59.44461397619774
Sony,2020-25,Infra Física,212,4.309819068916446
Sony,2020-25,Chips & Hardware,491,9.981703598292334
Sony,2020-25,Cloud & Compute,523,10.63224232567595
Sony,2020-25,Modelos de IA,506,10.286643626753406
Sony,2020-25,Software & Aplicação,3187,64.78959138036187
Sumitomo Electric,Até 1999,Infra Física,45,3.548895899053628
Sumitomo Electric,Até 1999,Chips & Hardware,784,61.82965299684543
Sumitomo Electric,Até 1999,Cloud & Compute,10,0.7886435331230284
Sumitomo Electric,Até 1999,Modelos de IA,58,4.574132492113565
Sumitomo Electric,Até 1999,Software & Aplicação,371,29.258675078864353
Sumitomo Electric,2000-04,Infra Física,89,7.639484978540772
Sumitomo Electric,2000-04,Chips & Hardware,776,66.60944206008583
Sumitomo Electric,2000-04,Cloud & Compute,30,2.575107296137339
Sumitomo Electric,2000-04,Modelos de IA,7,0.6008583690987125
Sumitomo Electric,2000-04,Software & Aplicação,263,22.57510729613734
Sumitomo Electric,2005-09,Infra Física,87,7.8449053201082055
Sumitomo Electric,2005-09,Chips & Hardware,717,64.65284039675383
Sumitomo Electric,2005-09,Cloud & Compute,51,4.598737601442742
Sumitomo Electric,2005-09,Modelos de IA,6,0.5410279531109108
Sumitomo Electric,2005-09,Software & Aplicação,248,22.36248872858431
Sumitomo Electric,2010-14,Infra Física,10,4.405286343612335
Sumitomo Electric,2010-14,Chips & Hardware,208,91.62995594713657
Sumitomo Electric,2010-14,Cloud & Compute,5,2.2026431718061676
Sumitomo Electric,2010-14,Modelos de IA,2,0.881057268722467
Sumitomo Electric,2010-14,Software & Aplicação,2,0.881057268722467
Sumitomo Electric,2015-19,Infra Física,65,24.528301886792452
Sumitomo Electric,2015-19,Chips & Hardware,187,70.56603773584905
Sumitomo Electric,2015-19,Cloud & Compute,9,3.3962264150943398
Sumitomo Electric,2015-19,Software & Aplicação,4,1.509433962264151
Sumitomo Electric,2020-25,Infra Física,171,41.50485436893204
Sumitomo Electric,2020-25,Chips & Hardware,163,39.56310679611651
Sumitomo Electric,2020-25,Cloud & Compute,62,15.048543689320388
Sumitomo Electric,2020-25,Modelos de IA,2,0.48543689320388345
Sumitomo Electric,2020-25,Software & Aplicação,14,3.3980582524271843
TSMC,Até 1999,Chips & Hardware,435,98.86363636363636
TSMC,Até 1999,Modelos de IA,1,0.22727272727272727
TSMC,Até 1999,Software & Aplicação,4,0.9090909090909091
TSMC,2000-04,Infra Física,1,0.07867820613690008
TSMC,2000-04,Chips & Hardware,1246,98.0330448465775
TSMC,2000-04,Software & Aplicação,24,1.8882769472856018
TSMC,2005-09,Infra Física,1,0.09551098376313276
TSMC,2005-09,Chips & Hardware,979,93.50525310410697
TSMC,2005-09,Cloud & Compute,4,0.38204393505253104
TSMC,2005-09,Software & Aplicação,63,6.017191977077363
TSMC,2010-14,Infra Física,6,0.29955067398901647
TSMC,2010-14,Chips & Hardware,1961,97.90314528207689
TSMC,2010-14,Cloud & Compute,3,0.14977533699450823
TSMC,2010-14,Software & Aplicação,33,1.6475287069395907
TSMC,2015-19,Infra Física,28,0.44129235618597323
TSMC,2015-19,Chips & Hardware,6258,98.62884160756501
TSMC,2015-19,Cloud & Compute,11,0.17336485421591805
TSMC,2015-19,Modelos de IA,2,0.031520882584712376
TSMC,2015-19,Software & Aplicação,46,0.7249802994483846
TSMC,2020-25,Infra Física,59,0.4830522351400033
TSMC,2020-25,Chips & Hardware,11891,97.35549369575897
TSMC,2020-25,Cloud & Compute,10,0.08187326019322089
TSMC,2020-25,Modelos de IA,91,0.7450466677583101
TSMC,2020-25,Software & Aplicação,163,1.3345341411495004
Tencent,2005-09,Infra Física,27,55.10204081632652
Tencent,2005-09,Chips & Hardware,19,38.775510204081634
Tencent,2005-09,Software & Aplicação,3,6.122448979591836
Tencent,2010-14,Infra Física,267,56.567796610169495
Tencent,2010-14,Chips & Hardware,72,15.254237288135593
Tencent,2010-14,Cloud & Compute,25,5.296610169491525
Tencent,2010-14,Modelos de IA,1,0.211864406779661
Tencent,2010-14,Software & Aplicação,107,22.66949152542373
Tencent,2015-19,Infra Física,85,7.720254314259764
Tencent,2015-19,Chips & Hardware,159,14.441416893732969
Tencent,2015-19,Cloud & Compute,427,38.782924613987284
Tencent,2015-19,Modelos de IA,21,1.9073569482288828
Tencent,2015-19,Software & Aplicação,409,37.148047229791096
Tencent,2020-25,Infra Física,79,2.7506963788300838
Tencent,2020-25,Chips & Hardware,45,1.5668523676880222
Tencent,2020-25,Cloud & Compute,513,17.862116991643454
Tencent,2020-25,Modelos de IA,588,20.473537604456823
Tencent,2020-25,Software & Aplicação,1647,57.34679665738162
Texas Instruments,Até 1999,Infra Física,39,2.030192608016658
Texas Instruments,Até 1999,Chips & Hardware,1660,86.4133263925039
Texas Instruments,Até 1999,Cloud & Compute,16,0.8328995314940135
Texas Instruments,Até 1999,Modelos de IA,33,1.717855283706403
Texas Instruments,Até 1999,Software & Aplicação,173,9.005726184279021
Texas Instruments,2000-04,Infra Física,73,6.426056338028169
Texas Instruments,2000-04,Chips & Hardware,946,83.27464788732394
Texas Instruments,2000-04,Cloud & Compute,21,1.8485915492957745
Texas Instruments,2000-04,Modelos de IA,2,0.17605633802816903
Texas Instruments,2000-04,Software & Aplicação,94,8.274647887323944
Texas Instruments,2005-09,Infra Física,101,10.895361380798274
Texas Instruments,2005-09,Chips & Hardware,730,78.74865156418555
Texas Instruments,2005-09,Cloud & Compute,41,4.4228694714131604
Texas Instruments,2005-09,Modelos de IA,1,0.10787486515641855
Texas Instruments,2005-09,Software & Aplicação,54,5.825242718446602
Texas Instruments,2010-14,Infra Física,128,13.631522896698616
Texas Instruments,2010-14,Chips & Hardware,705,75.07987220447284
Texas Instruments,2010-14,Cloud & Compute,28,2.9818956336528224
Texas Instruments,2010-14,Software & Aplicação,78,8.30670926517572
Texas Instruments,2015-19,Infra Física,186,18.289085545722713
Texas Instruments,2015-19,Chips & Hardware,672,66.07669616519173
Texas Instruments,2015-19,Cloud & Compute,33,3.2448377581120944
Texas Instruments,2015-19,Modelos de IA,4,0.39331366764995085
Texas Instruments,2015-19,Software & Aplicação,122,11.9960668633235
Texas Instruments,2020-25,Infra Física,309,18.98034398034398
Texas Instruments,2020-25,Chips & Hardware,956,58.72235872235873
Texas Instruments,2020-25,Cloud & Compute,109,6.695331695331695
Texas Instruments,2020-25,Modelos de IA,47,2.886977886977887
Texas Instruments,2020-25,Software & Aplicação,207,12.714987714987716
Tokyo Electron,Até 1999,Infra Física,3,0.7832898172323759
Tokyo Electron,Até 1999,Chips & Hardware,374,97.65013054830287
Tokyo Electron,Até 1999,Software & Aplicação,6,1.5665796344647518
Tokyo Electron,2000-04,Chips & Hardware,642,99.84447900466563
Tokyo Electron,2000-04,Software & Aplicação,1,0.15552099533437014
Tokyo Electron,2005-09,Infra Física,1,0.13793103448275862
Tokyo Electron,2005-09,Chips & Hardware,715,98.62068965517241
Tokyo Electron,2005-09,Modelos de IA,1,0.13793103448275862
Tokyo Electron,2005-09,Software & Aplicação,8,1.103448275862069
Tokyo Electron,2010-14,Chips & Hardware,1360,97.4910394265233
Tokyo Electron,2010-14,Cloud & Compute,1,0.07168458781362007
Tokyo Electron,2010-14,Modelos de IA,11,0.7885304659498209
Tokyo Electron,2010-14,Software & Aplicação,23,1.6487455197132617
Tokyo Electron,2015-19,Infra Física,3,0.22675736961451248
Tokyo Electron,2015-19,Chips & Hardware,1292,97.65684051398337
Tokyo Electron,2015-19,Cloud & Compute,1,0.07558578987150416
Tokyo Electron,2015-19,Modelos de IA,8,0.6046863189720333
Tokyo Electron,2015-19,Software & Aplicação,19,1.436130007558579
Tokyo Electron,2020-25,Infra Física,4,0.19426906265177268
Tokyo Electron,2020-25,Chips & Hardware,1955,94.94900437105392
Tokyo Electron,2020-25,Cloud & Compute,1,0.04856726566294317
Tokyo Electron,2020-25,Modelos de IA,18,0.8742107819329772
Tokyo Electron,2020-25,Software & Aplicação,81,3.933948518698397
Toshiba,Até 1999,Infra Física,175,6.049083995852056
Toshiba,Até 1999,Chips & Hardware,2134,73.76425855513308
Toshiba,Até 1999,Cloud & Compute,31,1.0715520221223642
Toshiba,Até 1999,Modelos de IA,76,2.6270307639128934
Toshiba,Até 1999,Software & Aplicação,477,16.488074662979606
Toshiba,2000-04,Infra Física,93,6.102362204724409
Toshiba,2000-04,Chips & Hardware,1200,78.74015748031496
Toshiba,2000-04,Cloud & Compute,32,2.099737532808399
Toshiba,2000-04,Modelos de IA,9,0.5905511811023622
Toshiba,2000-04,Software & Aplicação,190,12.46719160104987
Toshiba,2005-09,Infra Física,106,5.148130160271977
Toshiba,2005-09,Chips & Hardware,1478,71.78241864983002
Toshiba,2005-09,Cloud & Compute,85,4.12821758135017
Toshiba,2005-09,Modelos de IA,5,0.24283632831471588
Toshiba,2005-09,Software & Aplicação,385,18.698397280233124
Toshiba,2010-14,Infra Física,278,9.609402004839266
Toshiba,2010-14,Chips & Hardware,1891,65.36467334946423
Toshiba,2010-14,Cloud & Compute,72,2.488765986864846
Toshiba,2010-14,Modelos de IA,9,0.3110957483581058
Toshiba,2010-14,Software & Aplicação,643,22.22606291047356
Toshiba,2015-19,Infra Física,329,12.746997287872919
Toshiba,2015-19,Chips & Hardware,1195,46.29988376598217
Toshiba,2015-19,Cloud & Compute,107,4.145679969004261
Toshiba,2015-19,Modelos de IA,27,1.0461061604029445
Toshiba,2015-19,Software & Aplicação,923,35.7613328167377
Toshiba,2020-25,Infra Física,249,15.504358655043587
Toshiba,2020-25,Chips & Hardware,420,26.1519302615193
Toshiba,2020-25,Cloud & Compute,89,5.5417185554171855
Toshiba,2020-25,Modelos de IA,221,13.760896637608965
Toshiba,2020-25,Software & Aplicação,627,39.04109589041096
Toyota,Até 1999,Infra Física,22,39.285714285714285
Toyota,Até 1999,Chips & Hardware,4,7.142857142857142
Toyota,Até 1999,Modelos de IA,9,16.071428571428573
Toyota,Até 1999,Software & Aplicação,21,37.5
Toyota,2000-04,Infra Física,36,65.45454545454545
Toyota,2000-04,Chips & Hardware,3,5.454545454545454
Toyota,2000-04,Cloud & Compute,4,7.2727272727272725
Toyota,2000-04,Software & Aplicação,12,21.818181818181817
Toyota,2005-09,Infra Física,30,52.63157894736842
Toyota,2005-09,Chips & Hardware,4,7.017543859649122
Toyota,2005-09,Cloud & Compute,5,8.771929824561402
Toyota,2005-09,Modelos de IA,1,1.7543859649122806
Toyota,2005-09,Software & Aplicação,17,29.82456140350877
Toyota,2010-14,Infra Física,215,45.55084745762712
Toyota,2010-14,Chips & Hardware,109,23.093220338983052
Toyota,2010-14,Cloud & Compute,17,3.6016949152542375
Toyota,2010-14,Modelos de IA,11,2.330508474576271
Toyota,2010-14,Software & Aplicação,120,25.423728813559322
Toyota,2015-19,Infra Física,466,40.98504837291117
Toyota,2015-19,Chips & Hardware,231,20.316622691292878
Toyota,2015-19,Cloud & Compute,69,6.068601583113456
Toyota,2015-19,Modelos de IA,31,2.7264731750219875
Toyota,2015-19,Software & Aplicação,340,29.90325417766051
Toyota,2020-25,Infra Física,699,19.57983193277311
Toyota,2020-25,Chips & Hardware,157,4.397759103641457
Toyota,2020-25,Cloud & Compute,281,7.871148459383753
Toyota,2020-25,Modelos de IA,425,11.904761904761903
Toyota,2020-25,Software & Aplicação,2008,56.246498599439775
VMware,2000-04,Cloud & Compute,6,100.0
VMware,2005-09,Cloud & Compute,21,100.0
VMware,2010-14,Infra Física,9,3.0821917808219177
VMware,2010-14,Cloud & Compute,271,92.8082191780822
VMware,2010-14,Software & Aplicação,12,4.10958904109589
VMware,2015-19,Infra Física,41,3.52233676975945
VMware,2015-19,Chips & Hardware,1,0.0859106529209622
VMware,2015-19,Cloud & Compute,1018,87.45704467353951
VMware,2015-19,Modelos de IA,18,1.5463917525773196
VMware,2015-19,Software & Aplicação,86,7.3883161512027495
VMware,2020-25,Infra Física,31,1.3710747456877488
VMware,2020-25,Chips & Hardware,4,0.17691287041132242
VMware,2020-25,Cloud & Compute,1887,83.45864661654136
VMware,2020-25,Modelos de IA,166,7.341884122069881
VMware,2020-25,Software & Aplicação,173,7.651481645289694
Verizon,2000-04,Cloud & Compute,8,44.44444444444444
Verizon,2000-04,Modelos de IA,2,11.11111111111111
Verizon,2000-04,Software & Aplicação,8,44.44444444444444
Verizon,2005-09,Cloud & Compute,23,41.07142857142857
Verizon,2005-09,Modelos de IA,1,1.7857142857142856
Verizon,2005-09,Software & Aplicação,32,57.14285714285714
Verizon,2010-14,Infra Física,8,1.82648401826484
Verizon,2010-14,Cloud & Compute,234,53.42465753424658
Verizon,2010-14,Modelos de IA,3,0.684931506849315
Verizon,2010-14,Software & Aplicação,193,44.06392694063927
Verizon,2015-19,Infra Física,16,2.272727272727273
Verizon,2015-19,Chips & Hardware,1,0.14204545454545456
Verizon,2015-19,Cloud & Compute,453,64.3465909090909
Verizon,2015-19,Modelos de IA,17,2.414772727272727
Verizon,2015-19,Software & Aplicação,217,30.823863636363637
Verizon,2020-25,Infra Física,19,1.3929618768328444
Verizon,2020-25,Chips & Hardware,1,0.07331378299120235
Verizon,2020-25,Cloud & Compute,585,42.888563049853374
Verizon,2020-25,Modelos de IA,263,19.281524926686217
Verizon,2020-25,Software & Aplicação,496,36.36363636363637
Winbond,Até 1999,Infra Física,3,0.7894736842105263
Winbond,Até 1999,Chips & Hardware,358,94.21052631578948
Winbond,Até 1999,Modelos de IA,4,1.0526315789473684
Winbond,Até 1999,Software & Aplicação,15,3.9473684210526314
Winbond,2000-04,Infra Física,3,0.303951367781155
Winbond,2000-04,Chips & Hardware,956,96.85916919959473
Winbond,2000-04,Modelos de IA,10,1.0131712259371835
Winbond,2000-04,Software & Aplicação,18,1.82370820668693
Winbond,2005-09,Infra Física,2,0.6688963210702341
Winbond,2005-09,Chips & Hardware,283,94.64882943143813
Winbond,2005-09,Cloud & Compute,1,0.33444816053511706
Winbond,2005-09,Modelos de IA,3,1.0033444816053512
Winbond,2005-09,Software & Aplicação,10,3.3444816053511706
Winbond,2010-14,Infra Física,1,0.24937655860349126
Winbond,2010-14,Chips & Hardware,398,99.25187032418953
Winbond,2010-14,Software & Aplicação,2,0.4987531172069825
Winbond,2015-19,Infra Física,7,0.7909604519774011
Winbond,2015-19,Chips & Hardware,867,97.96610169491525
Winbond,2015-19,Modelos de IA,2,0.22598870056497175
Winbond,2015-19,Software & Aplicação,9,1.0169491525423728
Winbond,2020-25,Infra Física,23,2.50272034820457
Winbond,2020-25,Chips & Hardware,865,94.12404787812841
Winbond,2020-25,Modelos de IA,16,1.7410228509249184
Winbond,2020-25,Software & Aplicação,15,1.632208922742111
Xerox,Até 1999,Infra Física,1,0.16366612111292964
Xerox,Até 1999,Chips & Hardware,159,26.02291325695581
Xerox,Até 1999,Cloud & Compute,21,3.436988543371522
Xerox,Até 1999,Modelos de IA,8,1.309328968903437
Xerox,Até 1999,Software & Aplicação,422,69.0671031096563
Xerox,2000-04,Infra Física,1,0.2544529262086514
Xerox,2000-04,Chips & Hardware,54,13.740458015267176
Xerox,2000-04,Cloud & Compute,14,3.5623409669211195
Xerox,2000-04,Modelos de IA,6,1.5267175572519083
Xerox,2000-04,Software & Aplicação,318,80.91603053435115
Xerox,2005-09,Infra Física,3,0.7936507936507936
Xerox,2005-09,Chips & Hardware,36,9.523809523809524
Xerox,2005-09,Cloud & Compute,24,6.349206349206349
Xerox,2005-09,Modelos de IA,5,1.3227513227513228
Xerox,2005-09,Software & Aplicação,310,82.01058201058201
Xerox,2010-14,Infra Física,19,2.6685393258426964
Xerox,2010-14,Chips & Hardware,17,2.387640449438202
Xerox,2010-14,Cloud & Compute,44,6.179775280898876
Xerox,2010-14,Modelos de IA,37,5.196629213483146
Xerox,2010-14,Software & Aplicação,595,83.56741573033707
Xerox,2015-19,Infra Física,10,1.7301038062283738
Xerox,2015-19,Chips & Hardware,25,4.325259515570934
Xerox,2015-19,Cloud & Compute,40,6.920415224913495
Xerox,2015-19,Modelos de IA,46,7.958477508650519
Xerox,2015-19,Software & Aplicação,457,79.06574394463668
Xerox,2020-25,Infra Física,3,1.36986301369863
Xerox,2020-25,Chips & Hardware,25,11.415525114155251
Xerox,2020-25,Cloud & Compute,13,5.93607305936073
Xerox,2020-25,Modelos de IA,42,19.17808219178082
Xerox,2020-25,Software & Aplicação,136,62.10045662100456
