k,cobertura
1,5.565218194924496
2,8.637413821784374
3,10.775372899839196
4,12.782932554571836
5,14.622202096002072
6,16.315361440215884
7,17.678964197918784
8,19.02861209175092
9,20.308023584644104
10,21.52412990037521
11,22.659464355026522
12,23.681034323420143
13,24.689758423747296
14,25.590725098423377
15,26.426261020645804
16,27.11688815777314
17,27.793283182078625
18,28.472820361162967
19,29.15023196495573
20,29.823854499750475
21,30.43648226530876
22,31.026190784244868
23,31.6089680794041
24,32.174093858011574
25,32.7264661848696
26,33.23207585531301
27,33.73306470990518
28,34.22878583442693
29,34.71711365358668
30,35.18501746668392
31,35.61872724248193
32,36.07175202853816
33,36.518400088719666
34,36.95645343141785
35,37.38794521560727
36,37.81195127811767
37,38.22967303107036
38,38.6382455686376
39,39.03554331552779
40,39.436999796684105
41,39.80463190580929
42,40.15701532262536
43,40.509029074173334
44,40.85799308725949
45,41.19651405652182
46,41.5062935511894
47,41.83548047243221
48,42.155610594606586
49,42.46733083193169
50,42.77914348557381
51,43.07552261427278
52,43.36367669075652
53,43.65488050570209
54,43.94081659057723
55,44.21224331367946
56,44.48450178363492
57,44.73929356967266
58,44.99269911095503
59,45.22438681773654
60,45.47298671053361
61,45.71650370589431
62,45.95992828493799
63,46.18302127423618
64,46.40482043509602
65,46.62504851856644
66,46.843982773598505
67,47.04877733212576
68,47.26438459974493
69,47.477589043121455
70,47.68811341330425
71,47.89817570190193
72,48.1078683252315
73,48.3161747038057
74,48.52346450289263
75,48.73001497144336
76,48.92529064931704
77,49.117516588728904
78,49.303920300168194
79,49.48930743212021
80,49.66314252444411
81,49.834297543574294
82,49.95332975990241
83,50.10969816830859
84,50.26412583405726
85,50.41762933663567
86,50.57085559026302
87,50.716596122211335
88,50.86363048259801
89,51.01048001035062
90,51.15159972644771
91,51.29336635676395
92,51.43587231761639
93,51.574681625787846
94,51.71330610132525
95,51.849805001571085
96,51.98417832652533
97,52.11956823096686
98,52.24941315638689
99,52.37999741234313
100,52.501802118181985
101,52.632016708870125
102,52.75964364268155
103,52.88856440493134
104,53.01341884923202
105,53.13734913036245
106,53.1379036282646
107,53.25582684878842
108,53.36820509029074
109,53.48049091547603
110,53.59203741012513
111,53.70219766001886
112,53.810232334621
113,53.916603515516705
114,54.023436777997524
115,54.13017762416133
116,54.23673363769107
117,54.3428275696357
118,54.448644252629244
119,54.55178086242907
120,54.65094357059682
121,54.75518917620094
122,54.85832578600077
123,54.9566567473153
124,55.05544979021496
125,55.155629077869996
126,55.254791786037735
127,55.352291000499044
128,55.44951296600927
129,55.546642515202485
130,55.64192373805519
131,55.735633883518474
132,55.826848788422076
133,55.91981960334916
134,56.008169602425006
135,56.09892242574349
136,56.18958283274495
137,56.276639003382435
138,56.362493761898605
139,56.447978855146665
140,56.532724617858534
141,56.616084135815015
142,56.69888915586936
143,56.781416926972625
144,56.86339020017375
145,56.94453172652163
146,57.02511875496737
147,57.105520950779066
148,57.185645897639695
149,57.26456943237898
150,57.34340055080125
151,57.42213925290649
152,57.50069312237769
153,57.576751751289216
154,57.65040755595808
155,57.71713213685008
156,57.78755337042308
157,57.8573276897769
158,57.92627026227751
159,57.99290242685249
160,58.06110566881688
161,58.12893924551319
162,58.19621832430734
163,58.26368223573554
164,58.32985231872539
165,58.39602240171524
166,58.4621924847051
167,58.527715653475774
168,58.59314640592943
169,58.65829990943201
170,58.72336099661756
171,58.787775169583945
172,58.85172726096519
173,58.915217270761325
174,58.977783117387204
175,59.040164131379036
176,59.10254514537087
177,59.16464891041162
178,59.22629059386725
179,59.28793227732289
180,59.34781805075504
181,59.40687207733397
182,59.465371606010756
183,59.52340905310242
184,59.57627118644068
185,59.6300574829492
186,59.6860617710663
187,59.74104947969614
188,59.794650943570595
189,59.85037798273664
190,59.906012605585644
191,59.96118514684953
192,60.016265271796385
193,60.07097573147515
194,60.12531652588581
195,60.1793800713454
196,60.23270428626878
197,60.28575125224109
198,60.33796647136018
199,60.3906437720644
200,60.43906992218546
201,60.49017614550025
202,60.54128236881504
203,60.591464428959576
204,60.64164648910412
205,60.69155130029758
206,60.74117886253997
207,60.79071400846533
208,60.839694656488554
209,60.88886013714582
210,60.93784078516903
211,60.986174518973066
212,61.03450825277711
213,61.082472321313055
214,61.129327394044694
215,61.17609005045931
216,61.22359203741012
217,61.251871430419754
218,61.29900375210248
219,61.346043657468165
220,61.39225181598063
221,61.437720643956894
222,61.48355913720126
223,61.529305214128605
224,61.57468162578785
225,61.61894904164279
226,61.66404820435096
227,61.70877770179103
228,61.7527678686949
229,61.79694286823282
230,61.841117867770734
231,61.8847383694065
232,61.9284512873593
233,61.97188695636101
234,62.00062843095577
235,62.04350960205534
236,62.08629835683789
237,62.12834778108422
238,62.17104411954975
239,62.21364804169824
240,62.255235384359466
241,62.29238674380348
242,62.3332347559285
243,62.37389793541948
244,62.41382178437425
245,62.45393046596307
246,62.493946731234864
247,62.533962996506666
248,62.57388684546144
249,62.613625861782154
250,62.65327246178586
251,62.6927342291555
252,62.73219599652514
253,62.77156534757778
254,62.81056503336229
255,62.84272591168697
256,62.84318799327209
257,62.882187679056614
258,62.92118736484114
259,62.95954013640649
260,62.9981701569229
261,63.0367077611223
262,63.07450603478551
263,63.11211947581465
264,63.149732916843796
265,63.18725394155592
266,63.22449771731697
267,63.261094578858845
268,63.29787627303477
269,63.33447313457664
270,63.370885163484466
271,63.40701994344121
272,63.44112156442342
273,63.476701846478015
274,63.51154279799641
275,63.54564441897862
276,63.578914293107594
277,63.612738665138714
278,63.646655453486865
279,63.68057224183502
280,63.71430419754912
281,63.74785132062917
282,63.781213611075174
283,63.81448348520414
284,63.847476110382054
285,63.88037631924293
286,63.91299927915273
287,63.945437406428475
288,63.97778311738721
289,64.01003641202891
290,64.04090346191524
291,64.07297192392288
292,64.10457830434541
293,64.13599985213389
294,64.16732898360534
295,64.19847328244275
296,64.2294327486461
297,64.26029979853243
298,64.29005785261445
299,64.29440141951463
300,64.32369739201154
301,64.35391752767869
302,64.38367558176071
303,64.41371088479382
304,64.44393102046098
305,64.47415115612813
306,64.50353954494206
307,64.53357484797516
308,64.56351773469123
309,64.59346062140732
310,64.6200765207105
311,64.6497421584755
312,64.67940779624051
313,64.70352845498401
314,64.73282442748092
315,64.75768441676063
316,64.77894016967636
317,64.80777406058814
318,64.83660795149991
319,64.8654418424117
320,64.89418331700645
321,64.92255512633311
322,64.95120418461083
323,64.97902149603534
324,65.00757813799605
325,65.03613477995674
326,65.05886919394487
327,65.08696375432046
328,65.11311757203852
329,65.14130454873113
330,65.16949152542372
331,65.19758608579932
332,65.22577306249191
333,65.25386762286749
334,65.28196218324307
335,65.30968707835055
336,65.33768922240911
337,65.36559895015064
338,65.39193760050274
339,65.41892316507403
340,65.44553906437721
341,65.47307912685064
342,65.50034194037299
343,65.52751233757832
344,65.55366615529637
345,65.57991238933147
346,65.60699037021976
347,65.63406835110808
348,65.66105391567936
349,65.68803948025064
350,65.71493262850488
351,65.71798236696671
352,65.74478309890395
353,65.77158383084118
354,65.79829214646138
355,65.82500046208159
356,65.85133911243369
357,65.87749293015175
358,65.90383158050386
359,65.93017023085595
360,65.95604679962294
361,65.98220061734101
362,66.00835443505906
363,66.03312200802173
364,66.0589061604717
365,66.08496756187272
366,66.10760955954383
367,66.13348612831082
368,66.15927028076078
369,66.15927028076078
370,66.18486960057668
371,66.21046892039259
372,66.23597582389147
373,66.26120547843928
374,66.28652754930411
375,66.31184962016894
376,66.33707927471674
377,66.36212409663051
378,66.3869840859102
379,66.41193649150694
380,66.43688889710367
381,66.4618413027004
382,66.48522263090771
383,66.50897362438312
384,66.5337411973458
385,66.55823152135741
386,66.58281426168604
387,66.60721216938063
388,66.63161007707521
389,66.65582315213574
390,66.68003622719627
391,66.7042493022568
392,66.72550505517253
393,66.74934846496498
394,66.77300704212335
395,66.79675803559877
396,66.8202317801231
397,66.84130270040478
398,66.86496127756317
399,66.88861985472155
400,66.9121860155629
401,66.93565976008725
402,66.94822837920263
403,66.97160970740994
404,66.99508345193428
405,67.0185571964586
406,67.04193852466591
407,67.06531985287323
408,67.08851634844648
409,67.11143559506867
410,67.13435484169085
411,67.15727408831303
412,67.17871467386281
413,67.20154150416798
414,67.22427591815611
415,67.24701033214424
416,67.26965232981536
417,67.26992957876644
418,67.29247916012051
419,67.3146590762065
420,67.33711624124355
421,67.35892649206144
422,67.3813836570985
423,67.40384082213555
424,67.42565107295344
425,67.44801582167348
426,67.4700109051254
427,67.4921908212114
428,67.51437073729738
429,67.53470232704287
430,67.55660499417777
431,67.57869249394673
432,67.60077999371569
433,67.6226826608506
434,67.64005692845129
435,67.66131268136702
436,67.6831229321849
437,67.70391660351551
438,67.72554202169935
439,67.7468901909321
440,67.75677873685379
441,67.77766482450141
442,67.7991054100512
443,67.82045357928396
444,67.84180174851672
445,67.8617636729941
446,67.8829270095928
447,67.90390551355748
448,67.92460676857107
449,67.94530802358464
450,67.9659168622812
451,67.98643328466073
452,68.00694970704028
453,68.0274661294198
454,68.04789013548232
455,68.06803689259375
456,68.08836848233925
457,68.10870007208473
458,68.1111953126444
459,68.13143448607286
460,68.15148882686726
461,68.17163558397871
462,68.19150509213907
463,68.21155943293348
464,68.23152135741086
465,68.25139086557122
466,68.27098312478051
467,68.2902057187217
468,68.309890394248
469,68.32948265345729
470,68.34907491266658
471,68.3602572870266
472,68.37901779938265
473,68.391401585864
474,68.41099384507329
475,68.42975435742935
476,68.44860728610243
477,68.46709054950743
478,68.48603589449753
479,68.5051660721217
480,68.52420383342883
481,68.54324159473597
482,68.55738129124079
483,68.57577213832874
484,68.59462506700183
485,68.61347799567493
486,68.63112951222668
487,68.64822653087629
488,68.66707945954937
489,68.68574755558842
490,68.70450806794449
491,68.72299133134946
492,68.74064284790123
493,68.75931094394026
494,68.77751695839417
495,68.79609263811619
496,68.8146683178382
497,68.83315158124319
498,68.84608986562667
499,68.86448071271464
500,68.8828715598026
501,68.90126240689057
502,68.91956083766149
503,68.93785926843243
504,68.95615769920337
505,68.97436371365728
506,68.99192281389203
507,69.01012882834593
508,69.02796517753174
509,69.04284420457276
510,69.06095780270964
511,69.07879415189547
512,69.09690775003234
513,69.11317302182873
514,69.13119420364859
515,69.14921538546845
516,69.16002809456037
517,69.17795686006322
518,69.19560837661497
519,69.21316747684972
520,69.23109624235255
521,69.24893259153836
522,69.26140879433673
523,69.27924514352254
524,69.29643457848917
525,69.31408609504093
526,69.3317376115927
527,69.34791046707207
528,69.36408332255142
529,69.37997892907973
530,69.39753802931446
531,69.40123468199545
532,69.41870136591317
533,69.43616804983088
534,69.45363473374859
535,69.4696227565939
536,69.48635010997542
537,69.50353954494204
538,69.52082139622571
539,69.53810324750937
540,69.55409127035469
541,69.57128070532134
542,69.58717631184962
543,69.60418091418221
544,69.62090826756372
545,69.63800528621333
546,69.65500988854593
547,69.6719220745615
548,69.68883426057705
549,69.70583886290963
550,69.7227510489252
551,69.73966323494076
552,69.75657542095632
553,69.77339519065487
554,69.79021496035341
555,69.80675748110087
556,69.82339241816535
557,69.8402121878639
558,69.8569395412454
559,69.8732048130418
560,69.88900800325305
561,69.90527327504944
562,69.92190821211392
563,69.93854314917843
564,69.95517808624291
565,69.97172060699037
566,69.98826312773784
567,70.0048056484853
568,70.02088608764764
569,70.03733619207807
570,70.05378629650852
571,70.06801840933035
572,70.08446851376078
573,70.1008262018742
574,70.11718388998761
575,70.133449161784
576,70.14906751936122
577,70.16533279115761
578,70.17947248766242
579,70.19564534314179
580,70.21172578230413
581,70.22771380514943
582,70.24379424431177
583,70.25987468347411
584,70.27595512263646
585,70.2920355617988
586,70.29989094874591
587,70.31458514315287
588,70.33011108441306
589,70.34600669094135
590,70.36190229746964
591,70.37761307136388
592,70.39350867789217
593,70.40931186810343
594,70.42456056041254
595,70.44036375062382
596,70.45607452451806
597,70.47169288209525
598,70.4862946601852
599,70.50191301776242
600,70.51753137533963
601,70.53305731659982
602,70.54571835203224
603,70.56124429329242
604,70.57677023455261
605,70.59229617581279
606,70.607822117073
607,70.62334805833318
608,70.63887399959337
609,70.6490397944661
610,70.66428848677523
611,70.6797220117184
612,70.69515553666156
613,70.71058906160471
614,70.72593017023085
615,70.74117886253997
616,70.75642755484908
617,70.7716762471582
618,70.78674010683326
619,70.8013418849232
620,70.81649816091529
621,70.83119235532226
622,70.8461637986803
623,70.86113524203833
624,70.87564460381125
625,70.88488623551375
626,70.89985767887178
627,70.91455187327874
628,70.92564183132174
629,70.94042844204573
630,70.95521505276972
631,70.9700016634937
632,70.98460344158364
633,70.99929763599062
634,71.01352974881246
635,71.02822394321942
636,71.04291813762637
637,71.05751991571631
638,71.07212169380625
639,71.08653863926216
640,71.10114041735208
641,71.11574219544202
642,71.13034397353196
643,71.14457608635381
644,71.15908544812672
645,71.17230098146129
646,71.18431510267453
647,71.19873204813042
648,71.21305657726928
649,71.22728869009111
650,71.24152080291296
651,71.2557529157348
652,71.26989261223962
653,71.28384747611038
654,71.29770992366412
655,71.31184962016893
656,71.32598931667376
657,71.33985176422749
658,71.35380662809825
659,71.36776149196902
660,71.38171635583979
661,71.39567121971055
662,71.40962608358132
663,71.42348853113506
664,71.43661164815259
665,71.45047409570634
666,71.46128680479825
667,71.47505683603497
668,71.48882686727168
669,71.50231964955732
670,71.51608968079404
671,71.52976729571373
672,71.54168900060995
673,71.55508936657856
674,71.56664140620667
675,71.58004177217529
676,71.59362697077796
677,71.60721216938063
678,71.61950353954494
679,71.63299632183057
680,71.64648910411621
681,71.65998188640185
682,71.6734746686875
683,71.68659778570505
684,71.69990573535664
685,71.71330610132524
686,71.72670646729387
687,71.74010683326249
688,71.75341478291408
689,71.76672273256565
690,71.77929135168105
691,71.79232205238156
692,71.80563000203315
693,71.80581483466722
694,71.81893795168475
695,71.83215348501932
696,71.84518418571983
697,71.8583997190544
698,71.87161525238896
699,71.88483078572354
700,71.89767665378999
701,71.91079977080753
702,71.92373805519102
703,71.93686117220857
704,71.94998428922611
705,71.96310740624364
706,71.97613810694416
707,71.98916880764467
708,72.00118292885792
709,72.01421362955843
710,72.02604291813762
711,72.03898120252111
712,72.05173465427056
713,72.06458052233702
714,72.07742639040349
715,72.09027225846995
716,72.10034563702567
717,72.11319150509215
718,72.1260373731586
719,72.13888324122507
720,72.15154427665749
721,72.16429772840692
722,72.17695876383934
723,72.18897288505258
724,72.20172633680203
725,72.21438737223444
726,72.22704840766686
727,72.23961702678224
728,72.25227806221467
729,72.26447701606196
730,72.27713805149438
731,72.28979908692679
732,72.30246012235921
733,72.30246012235921
734,72.31502874147459
735,72.32759736058999
736,72.33896456758406
737,72.35153318669944
738,72.36410180581484
739,72.37602351071105
740,72.38859212982645
741,72.4010683326248
742,72.41335970278912
743,72.42001367761492
744,72.43248988041329
745,72.44496608321165
746,72.45744228601002
747,72.4695488235403
748,72.48193261002163
749,72.49431639650297
750,72.5067001829843
751,72.51834463892945
752,72.53063600909377
753,72.54292737925809
754,72.5548490841543
755,72.56704803800159
756,72.57878491026376
757,72.59098386411105
758,72.6023510711051
759,72.61455002495241
760,72.6267489787997
761,72.63885551632995
762,72.65086963754321
763,72.66297617507347
764,72.67499029628671
765,72.68700441749996
766,72.6990185387132
767,72.71029332939024
768,72.72221503428645
769,72.73413673918267
770,72.74596602776187
771,72.75788773265808
772,72.76953218860321
773,72.78136147718241
774,72.79319076576161
775,72.80474280538972
776,72.81592517974974
777,72.8276620520119
778,72.83939892427406
779,72.85113579653624
780,72.85677319187475
781,72.86851006413693
782,72.88024693639909
783,72.89198380866125
784,72.90372068092343
785,72.91536513686857
786,72.92081769957304
787,72.93246215551818
788,72.94410661146333
789,72.95316341053176
790,72.96453061752584
791,72.97617507347097
792,72.98772711309908
793,72.9992791527272
794,73.01083119235531
795,73.02238323198344
796,73.03393527161155
797,73.04548731123968
798,73.05620760401456
799,73.06720514574053
800,73.07875718536864
801,73.09021680867974
802,73.10010535460141
803,73.11138014527845
804,73.12274735227253
805,73.13383731031551
806,73.14520451730958
807,73.15657172430365
808,73.1675692660296
809,73.17875164038963
810,73.18965676579857
811,73.20093155647561
812,73.21174426556752
813,73.22292663992755
814,73.23420143060459
815,73.24547622128162
816,73.25665859564164
817,73.26784097000166
818,73.27883851172763
819,73.29002088608765
820,73.30111084413063
821,73.31220080217363
822,73.32329076021662
823,73.33438071825962
824,73.3384470362087
825,73.34953699425171
826,73.3606269522947
827,73.37162449402066
828,73.38262203574664
829,73.39352716115557
830,73.40443228656451
831,73.41533741197345
832,73.42624253738241
833,73.43687041384027
834,73.44768312293219
835,73.4536901835388
836,73.46450289263072
837,73.47531560172264
838,73.48585106186349
839,73.49657135463838
840,73.5040570763174
841,73.51477736909229
842,73.52438866606288
843,73.53473929356967
844,73.54545958634456
845,73.55608746280244
846,73.5667153392603
847,73.57725079940114
848,73.58261094578859
849,73.59314640592943
850,73.60368186607027
851,73.61292349777277
852,73.62244237842633
853,73.63094467959263
854,73.6400938949781
855,73.65044452248489
856,73.66079514999169
857,73.67114577749847
858,73.68140398868825
859,73.69156978356098
860,73.70173557843373
861,73.71180895698944
862,73.72206716817922
863,73.73186329778386
864,73.74193667633958
865,73.74193667633958
866,73.75219488752934
867,73.7624530987191
868,73.77252647727482
869,73.78269227214757
870,73.79285806702032
871,73.80302386189305
872,73.8131896567658
873,73.82335545163853
874,73.83259708334103
875,73.83481507494963
876,73.84488845350535
877,73.85459216679297
878,73.86466554534869
879,73.8747389239044
880,73.88481230246012
881,73.8854592166793
882,73.89553259523501
883,73.90560597379073
884,73.91567935234646
885,73.92575273090218
886,73.93582610945788
887,73.94580707169658
888,73.95578803393528
889,73.96576899617396
890,73.97574995841266
891,73.98573092065135
892,73.99571188289005
893,74.00569284512873
894,74.01567380736743
895,74.0255623532891
896,74.03545089921076
897,74.04404561669409
898,74.05393416261575
899,74.0637302922204
900,74.07352642182504
901,74.08332255142967
902,74.0930262647173
903,74.10272997800492
904,74.11178677707336
905,74.12130565772694
906,74.12943829362513
907,74.13914200691273
908,74.14884572020036
909,74.15854943348798
910,74.1682531467756
911,74.1779568600632
912,74.18673641018057
913,74.19560837661497
914,74.20521967358556
915,74.21483097055615
916,74.22398018594163
917,74.23359148291222
918,74.24320277988281
919,74.25272166053638
920,74.26224054118995
921,74.27175942184351
922,74.28118588618007
923,74.28941093839528
924,74.29892981904885
925,74.30844869970242
926,74.317967580356
927,74.32739404469253
928,74.33682050902908
929,74.34615455704859
930,74.35382511136166
931,74.36325157569821
932,74.37240079108366
933,74.38182725542022
934,74.39116130343973
935,74.40058776777629
936,74.4099218157958
937,74.41925586381531
938,74.42775816498161
939,74.4369997966841
940,74.4462414283866
941,74.45418923165073
942,74.46343086335322
943,74.47230282978762
944,74.48154446149012
945,74.49078609319261
946,74.50002772489512
947,74.5092693565976
948,74.5185109883001
949,74.52775262000259
950,74.53690183538806
951,74.54614346709056
952,74.55529268247602
953,74.56444189786149
954,74.57359111324695
955,74.58274032863243
956,74.59188954401789
957,74.5982662698926
958,74.60741548527808
959,74.61656470066355
960,74.62192484705099
961,74.62839398924274
962,74.63754320462822
963,74.64586067316046
964,74.65454780696079
965,74.66360460602924
966,74.67247657246364
967,74.68153337153208
968,74.69059017060053
969,74.69964696966896
970,74.70870376873741
971,74.70870376873741
972,74.71776056780584
973,74.72672495055727
974,74.73513483540654
975,74.74363713657284
976,74.75232427037317
977,74.76101140417352
978,74.76932887270577
979,74.77829325545719
980,74.7872576382086
981,74.79622202096003
982,74.80463190580929
983,74.81359628856072
984,74.8224682549951
985,74.8313402214295
986,74.84021218786388
987,74.84908415429828
988,74.85795612073267
989,74.86682808716706
990,74.87403655989502
991,74.8829085263294
992,74.88974733378926
993,74.89861930022364
994,74.90739885034101
995,74.91617840045839
996,74.92495795057576
997,74.93373750069313
998,74.94251705081048
999,74.94602887085745
1000,74.9548084209748
1001,74.96358797109217
1002,74.97236752120955
1003,74.98114707132692
1004,74.98983420512727
1005,74.9985213389276
1006,75.00637672587473
1007,75.01506385967507
1008,75.02375099347542
1009,75.03234571095872
1010,75.04094042844204
1011,75.04944272960834
1012,75.05812986340868
1013,75.06681699720903
1014,75.07541171469234
1015,75.08317468532243
1016,75.09176940280577
1017,75.10008687133801
1018,75.10868158882133
1019,75.11727630630463
1020,75.12587102378797
1021,75.13446574127128
1022,75.14306045875459
1023,75.15073101306766
1024,75.15932573055099
1025,75.16792044803431
1026,75.1760530839325
1027,75.18446296878177
1028,75.19296526994806
1029,75.20146757111435
1030,75.20996987228065
1031,75.21847217344695
1032,75.22688205829621
1033,75.2302090457091
1034,75.23362844943904
1035,75.24213075060533
1036,75.25063305177162
1037,75.25913535293792
1038,75.26754523778717
1039,75.27198122100438
1040,75.28039110585365
1041,75.28880099070292
1042,75.29693362660112
1043,75.30525109513336
1044,75.31366097998261
1045,75.32207086483189
1046,75.33048074968116
1047,75.33852096926233
1048,75.34572944199027
1049,75.35256824945013
1050,75.36088571798236
1051,75.36855627229544
1052,75.37687374082768
1053,75.38519120935993
1054,75.39350867789217
1055,75.40182614642441
1056,75.40182614642441
1057,75.41005119863962
1058,75.41799900190378
1059,75.42594680516792
1060,75.43352494316396
1061,75.44174999537918
1062,75.4499750475944
1063,75.45801526717557
1064,75.46503890726946
1065,75.47317154316767
1066,75.48139659538288
1067,75.48952923128107
1068,75.4977542834963
1069,75.50579450307747
1070,75.51401955529268
1071,75.52215219119087
1072,75.530007578138
1073,75.53814021403619
1074,75.54627284993438
1075,75.55440548583258
1076,75.56235328909672
1077,75.5703935086779
1078,75.57843372825907
1079,75.58554978466998
1080,75.59359000425115
1081,75.60126055856422
1082,75.6093007781454
1083,75.61734099772656
1084,75.62538121730773
1085,75.63222002476758
1086,75.64016782803171
1087,75.64811563129587
1088,75.65476960612165
1089,75.6627174093858
1090,75.67066521264995
1091,75.67842818328005
1092,75.68637598654419
1093,75.69432378980832
1094,75.70134742990223
1095,75.70162467885329
1096,75.70948006580042
1097,75.71742786906455
1098,75.72537567232871
1099,75.73082823503317
1100,75.73822154039517
1101,75.74607692734229
1102,75.7539323142894
1103,75.76058628911521
1104,75.7683492597453
1105,75.77620464669242
1106,75.78396761732252
1107,75.79108367373344
1108,75.79893906068055
1109,75.80642478235957
1110,75.81418775298967
1111,75.82158105835165
1112,75.82703362105615
1113,75.83479659168623
1114,75.84255956231632
1115,75.85032253294641
1116,75.85808550357652
1117,75.86584847420662
1118,75.8732417795686
1119,75.88081991756465
1120,75.88858288819475
1121,75.89616102619078
1122,75.90207567048039
1123,75.90909931057428
1124,75.91649261593628
1125,75.92028168493428
1126,75.92785982293033
1127,75.93553037724341
1128,75.94320093155648
1129,75.9495776574312
1130,75.95724821174427
1131,75.96491876605734
1132,75.9725893203704
1133,75.98025987468347
1134,75.98756076372844
1135,75.9952313180415
1136,76.00290187235458
1137,76.01057242666765
1138,76.01824298098072
1139,76.02591353529378
1140,76.03358408960686
1141,76.04116222760291
1142,76.04864794928193
1143,76.0492948635011
1144,76.05622608727796
1145,76.06380422527401
1146,76.07119753063601
1147,76.07868325231503
1148,76.08626139031107
1149,76.09383952830711
1150,76.10141766630316
1151,76.10899580429921
1152,76.11657394229525
1153,76.1241520802913
1154,76.13173021828734
1155,76.13182263460436
1156,76.13930835628338
1157,76.14531541689
1158,76.15280113856903
1159,76.16028686024805
1160,76.16777258192707
1161,76.17525830360609
1162,76.1827440252851
1163,76.19022974696412
1164,76.19771546864314
1165,76.20520119032216
1166,76.21259449568416
1167,76.21998780104616
1168,76.22673419218897
1169,76.23412749755096
1170,76.23994972552353
1171,76.24734303088553
1172,76.2546439199305
1173,76.26083581317117
1174,76.26822911853317
1175,76.27562242389516
1176,76.28089015396559
1177,76.28828345932757
1178,76.29438293625122
1179,76.30177624161321
1180,76.30916954697521
1181,76.31656285233721
1182,76.32386374138218
1183,76.33107221411012
1184,76.33837310315509
1185,76.34474982902981
1186,76.35205071807478
1187,76.35935160711975
1188,76.3665600798477
1189,76.37386096889267
1190,76.38116185793764
1191,76.38846274698261
1192,76.39520913812544
1193,76.4025100271704
1194,76.40981091621538
1195,76.41711180526033
1196,76.42441269430532
1197,76.43171358335027
1198,76.43901447239526
1199,76.44548361458699
1200,76.45204517309577
1201,76.45925364582371
1202,76.46535312274735
1203,76.4725615954753
1204,76.47949281925217
1205,76.48670129198011
1206,76.493724932074
1207,76.50093340480196
1208,76.5081418775299
1209,76.51535035025783
1210,76.52255882298579
1211,76.52967487939671
1212,76.53660610317358
1213,76.54372215958449
1214,76.55046855072732
1215,76.55758460713824
1216,76.56470066354916
1217,76.57181671996007
1218,76.57763894793264
1219,76.58475500434356
1220,76.59177864443745
1221,76.59889470084839
1222,76.6060107572593
1223,76.6130343973532
1224,76.619688372179
1225,76.62671201227289
1226,76.63373565236678
1227,76.64075929246069
1228,76.64778293255458
1229,76.65480657264847
1230,76.6615529637913
1231,76.66571169805741
1232,76.67264292183428
1233,76.67957414561116
1234,76.68650536938802
1235,76.69343659316489
1236,76.6998133190396
1237,76.70674454281648
1238,76.71367576659335
1239,76.71367576659335
1240,76.72060699037021
1241,76.72753821414709
1242,76.73446943792396
1243,76.74140066170084
1244,76.74833188547771
1245,76.75526310925457
1246,76.76182466776335
1247,76.76875589154021
1248,76.77568711531708
1249,76.78261833909396
1250,76.7894571465538
1251,76.79629595401364
1252,76.80313476147349
1253,76.80997356893333
1254,76.81671996007616
1255,76.82337393490195
1256,76.82845683233832
1257,76.83529563979816
1258,76.842134447258
1259,76.8487884220838
1260,76.85562722954364
1261,76.8624660370035
1262,76.86912001182928
1263,76.87549673770401
1264,76.88233554516385
1265,76.8891743526237
1266,76.89601316008354
1267,76.8961979927176
1268,76.90303680017743
1269,76.90987560763728
1270,76.916252333512
1271,76.92309114097185
1272,76.92983753211468
1273,76.9365839232575
1274,76.94333031440031
1275,76.95007670554314
1276,76.95682309668595
1277,76.96356948782878
1278,76.96902205053324
1279,76.97576844167607
1280,76.98251483281888
1281,76.9870432323531
1282,76.99378962349593
1283,77.00053601463874
1284,77.00728240578157
1285,77.01402879692438
1286,77.0207751880672
1287,77.02613533445465
1288,77.03288172559746
1289,77.03953570042327
1290,77.04618967524907
1291,77.05284365007485
1292,77.05949762490066
1293,77.0615307838752
1294,77.06763026079885
1295,77.07428423562465
1296,77.08093821045043
1297,77.08759218527624
1298,77.09424616010203
1299,77.09424616010203
1300,77.1008077186108
1301,77.10727686080254
1302,77.1138384193113
1303,77.12039997782009
1304,77.12696153632885
1305,77.13352309483761
1306,77.14008465334639
1307,77.14664621185517
1308,77.15320777036393
1309,77.15976932887271
1310,77.16633088738148
1311,77.17261519693918
1312,77.17917675544794
1313,77.1857383139567
1314,77.19229987246548
1315,77.19886143097425
1316,77.20542298948303
1317,77.21170729904073
1318,77.21826885754949
1319,77.22473799974124
1320,77.23120714193298
1321,77.23767628412472
1322,77.24414542631646
1323,77.24969040533797
1324,77.25449605382326
1325,77.26087277969799
1326,77.26706467293866
1327,77.2735338151304
1328,77.27944845942
1329,77.28490102212446
1330,77.2913701643162
1331,77.29783930650795
1332,77.3043084486997
1333,77.31077759089145
1334,77.3172467330832
1335,77.32362345895791
1336,77.33009260114966
1337,77.3365617433414
1338,77.34293846921612
1339,77.34931519509084
1340,77.35550708833152
1341,77.36188381420624
1342,77.36826054008095
1343,77.37204960907897
1344,77.3784263349537
1345,77.38480306082842
1346,77.39117978670313
1347,77.39755651257786
1348,77.40374840581853
1349,77.41003271537623
1350,77.41640944125095
1351,77.42204683658946
1352,77.42768423192798
1353,77.43406095780271
1354,77.44043768367743
1355,77.44672199323513
1356,77.44967931537992
1357,77.45596362493762
1358,77.46224793449531
1359,77.46843982773598
1360,77.47472413729368
1361,77.48100844685138
1362,77.48710792377503
1363,77.49339223333271
1364,77.49967654289041
1365,77.50596085244811
1366,77.5122451620058
1367,77.51242999463986
1368,77.51871430419754
1369,77.52499861375524
1370,77.53128292331294
1371,77.53682790233444
1372,77.54311221189212
1373,77.54939652144984
1374,77.55568083100752
1375,77.56196514056522
1376,77.56815703380589
1377,77.56954327856126
1378,77.57573517180192
1379,77.5819270650426
1380,77.58811895828327
1381,77.59431085152394
1382,77.60050274476463
1383,77.6066946380053
1384,77.61205478439274
1385,77.61806184499935
1386,77.624161321923
1387,77.63035321516367
1388,77.63654510840435
1389,77.64273700164502
1390,77.64892889488569
1391,77.65512078812635
1392,77.66122026505
1393,77.66676524407148
1394,77.67286472099514
1395,77.67887178160176
1396,77.68413951167219
1397,77.69023898859582
1398,77.69624604920244
1399,77.7023455261261
1400,77.70641184407519
1401,77.71214165573073
1402,77.71824113265438
1403,77.72434060957802
1404,77.73044008650167
1405,77.73653956342532
1406,77.74263904034896
1407,77.74818401937046
1408,77.75419107997708
1409,77.7601981405837
1410,77.76620520119032
1411,77.77175018021182
1412,77.77332125760125
1413,77.77932831820786
1414,77.78006764874407
1415,77.78607470935069
1416,77.7920817699573
1417,77.79808883056393
1418,77.80409589117055
1419,77.81010295177715
1420,77.81601759606677
1421,77.82202465667338
1422,77.82803171728
1423,77.83366911261852
1424,77.83967617322514
1425,77.84568323383176
1426,77.85159787812135
1427,77.85751252241096
1428,77.86342716670055
1429,77.86934181099015
1430,77.87525645527974
1431,77.88117109956933
1432,77.88708574385893
1433,77.89235347392935
1434,77.89826811821895
1435,77.9039979298745
1436,77.9099125741641
1437,77.9158272184537
1438,77.92174186274329
1439,77.92765650703288
1440,77.93310906973736
1441,77.93902371402694
1442,77.94493835831653
1443,77.95085300260614
1444,77.95602831635954
1445,77.96055671589376
1446,77.96508511542798
1447,77.97090734340055
1448,77.97672957137313
1449,77.98255179934569
1450,77.98837402731826
1451,77.9941038389738
1452,77.99992606694637
1453,78.00574829491896
1454,78.01157052289153
1455,78.01739275086409
1456,78.02312256251965
1457,78.02885237417519
1458,78.03421252056263
1459,78.03975749958413
1460,78.04539489492265
1461,78.0511247065782
1462,78.05685451823375
1463,78.06258432988929
1464,78.06831414154483
1465,78.07404395320037
1466,78.07977376485591
1467,78.08476424597526
1468,78.0904940576308
1469,78.09594662033528
1470,78.10167643199082
1471,78.10731382732935
1472,78.1130436389849
1473,78.11877345064045
1474,78.12450326229599
1475,78.12903166183021
1476,78.13254348187716
1477,78.13818087721567
1478,78.1438182725542
1479,78.14945566789272
1480,78.15324473689074
1481,78.15888213222927
1482,78.16451952756779
1483,78.17015692290632
1484,78.17579431824483
1485,78.18143171358335
1486,78.18706910892188
1487,78.19270650426039
1488,78.19705007116056
1489,78.20259505018205
1490,78.20814002920355
1491,78.21368500822506
1492,78.21812099144225
1493,78.22366597046374
1494,78.22921094948524
1495,78.23392418165352
1496,78.23872983013881
1497,78.2442748091603
1498,78.24732454762213
1499,78.25286952664362
1500,78.25841450566512
1501,78.26395948468662
1502,78.26950446370812
1503,78.27403286324234
1504,78.27957784226382
1505,78.28512282128533
1506,78.28992846977062
1507,78.29547344879212
1508,78.30101842781362
1509,78.30619374156701
1510,78.31173872058851
1511,78.31728369961
1512,78.32273626231448
1513,78.32818882501894
1514,78.33373380404043
1515,78.33927878306194
1516,78.3447313457664
1517,78.35009149215385
1518,78.35554405485833
1519,78.36044211966065
1520,78.36570984973108
1521,78.37097757980149
1522,78.37643014250595
1523,78.3814206236253
1524,78.38687318632978
1525,78.39232574903426
1526,78.39777831173872
1527,78.39796314437277
1528,78.40341570707724
1529,78.40886826978172
1530,78.41432083248618
1531,78.41977339519065
1532,78.42522595789512
1533,78.4306785205996
1534,78.43603866698705
1535,78.44139881337449
1536,78.44675895976194
1537,78.45211910614938
1538,78.45747925253683
1539,78.46283939892427
1540,78.46819954531172
1541,78.47355969169917
1542,78.47891983808661
1543,78.48427998447406
1544,78.4896401308615
1545,78.49463061198085
1546,78.4999907583683
1547,78.4999907583683
1548,78.50377982736632
1549,78.50913997375376
1550,78.51450012014122
1551,78.51986026652867
1552,78.52522041291611
1553,78.53058055930356
1554,78.535940705691
1555,78.53640278727612
1556,78.54176293366358
1557,78.54712308005102
1558,78.55248322643847
1559,78.55784337282591
1560,78.56283385394526
1561,78.56819400033271
1562,78.57355414672014
1563,78.57373897935419
1564,78.57909912574164
1565,78.58436685581206
1566,78.58963458588248
1567,78.59480989963588
1568,78.59841413599985
1569,78.59869138495092
1570,78.60395911502135
1571,78.60922684509177
1572,78.61449457516218
1573,78.61976230523261
1574,78.62503003530304
1575,78.63029776537346
1576,78.63556549544387
1577,78.6408332255143
1578,78.64610095558471
1579,78.65136868565514
1580,78.65663641572556
1581,78.66190414579599
1582,78.6671718758664
1583,78.66744912481748
1584,78.67271685488791
1585,78.67798458495831
1586,78.68260540080956
1587,78.68787313087999
1588,78.69304844463339
1589,78.69822375838677
1590,78.70339907214017
1591,78.70857438589357
1592,78.7123634548916
1593,78.71753876864499
1594,78.72262166608137
1595,78.72779697983476
1596,78.73297229358815
1597,78.73814760734156
1598,78.74332292109494
1599,78.74849823484834
1600,78.75367354860174
1601,78.75884886235514
1602,78.75968060920836
1603,78.76430142505961
1604,78.76947673881301
1605,78.77234164464078
1606,78.77751695839417
1607,78.78259985583055
1608,78.78768275326692
1609,78.79276565070329
1610,78.79738646655453
1611,78.8024693639909
1612,78.80755226142728
1613,78.8124503262296
1614,78.81753322366598
1615,78.82261612110234
1616,78.82769901853871
1617,78.82769901853871
1618,78.83278191597508
1619,78.83786481341146
1620,78.84294771084784
1621,78.84793819196717
1622,78.85302108940354
1623,78.85810398683991
1624,78.86318688427629
1625,78.86808494907861
1626,78.87298301388093
1627,78.87806591131731
1628,78.88314880875367
1629,78.88813928987301
1630,78.89312977099236
1631,78.8980278357947
1632,78.90283348428
1633,78.90782396539933
1634,78.91281444651868
1635,78.91780492763803
1636,78.92279540875737
1637,78.92750864092564
1638,78.93249912204499
1639,78.93748960316434
1640,78.94248008428369
1641,78.94719331645196
1642,78.9521837975713
1643,78.95717427869064
1644,78.96207234349296
1645,78.96687799197827
1646,78.9718684730976
1647,78.97685895421695
1648,78.9818494353363
1649,78.98647025118754
1650,78.99146073230689
1651,78.99645121342624
1652,79.00144169454559
1653,79.00643217566493
1654,79.00643217566493
1655,79.01133024046726
1656,79.01622830526958
1657,79.0211263700719
1658,79.02602443487422
1659,79.03092249967655
1660,79.03480398499158
1661,79.03970204979392
1662,79.04460011459624
1663,79.04949817939855
1664,79.0541189952498
1665,79.05901706005213
1666,79.06391512485445
1667,79.06872077333973
1668,79.07361883814205
1669,79.07740790714008
1670,79.0823059719424
1671,79.08720403674472
1672,79.09210210154704
1673,79.0967229173983
1674,79.10162098220061
1675,79.10651904700295
1676,79.11086261390311
1677,79.11557584607138
1678,79.12028907823967
1679,79.12509472672495
1680,79.12990037521025
1681,79.13470602369554
1682,79.13951167218084
1683,79.14431732066613
1684,79.14764430807904
1685,79.15244995656433
1686,79.15725560504963
1687,79.16206125353492
1688,79.16520340831377
1689,79.16945455889692
1690,79.17426020738222
1691,79.17426020738222
1692,79.17703269689297
1693,79.18183834537827
1694,79.1820231780123
1695,79.18673641018059
1696,79.19154205866587
1697,79.19634770715118
1698,79.20115335563646
1699,79.20595900412178
1700,79.21021015470492
1701,79.21501580319021
1702,79.21982145167551
1703,79.2246271001608
1704,79.2294327486461
1705,79.23414598081438
1706,79.23895162929966
1707,79.24357244515092
1708,79.2483780936362
1709,79.25318374212151
1710,79.25798939060681
1711,79.26279503909211
1712,79.2639040348964
1713,79.26861726706468
1714,79.27333049923294
1715,79.27804373140121
1716,79.28275696356948
1717,79.28747019573777
1718,79.2876550283718
1719,79.29236826054009
1720,79.29708149270836
1721,79.30179472487663
1722,79.30521412860655
1723,79.3094652791897
1724,79.31417851135797
1725,79.31852207825814
1726,79.3231428941094
1727,79.32785612627765
1728,79.33256935844592
1729,79.3372825906142
1730,79.34199582278248
1731,79.34661663863372
1732,79.35132987080199
1733,79.35511893980001
1734,79.35983217196828
1735,79.36454540413655
1736,79.36925863630483
1737,79.37397186847309
1738,79.37868510064136
1739,79.38339833280963
1740,79.38811156497792
1741,79.392177882927
1742,79.39689111509529
1743,79.40160434726356
1744,79.4062251631148
1745,79.41084597896605
1746,79.41546679481729
1747,79.42008761066855
1748,79.42470842651979
1749,79.42470842651979
1750,79.42932924237104
1751,79.43395005822228
1752,79.4344121398074
1753,79.43903295565865
1754,79.44365377150989
1755,79.44808975472709
1756,79.45234090531024
1757,79.45696172116149
1758,79.46158253701273
1759,79.46620335286399
1760,79.47082416871523
1761,79.47544498456648
1762,79.47932646988151
1763,79.48394728573277
1764,79.48856810158401
1765,79.49318891743526
1766,79.49771731696949
1767,79.50233813282073
1768,79.50695894867198
1769,79.51130251557214
1770,79.5159233314234
1771,79.52054414727463
1772,79.52516496312589
1773,79.52849195053878
1774,79.53311276639003
1775,79.53764116592426
1776,79.5422619817755
1777,79.54688279762675
1778,79.55150361347799
1779,79.55566234774412
1780,79.56028316359537
1781,79.56490397944661
1782,79.56952479529785
1783,79.57405319483209
1784,79.5785815943663
1785,79.58292516126647
1786,79.5874535608007
1787,79.5919819603349
1788,79.59651035986914
1789,79.60103875940337
1790,79.60556715893759
1791,79.61009555847181
1792,79.61462395800602
1793,79.61915235754024
1794,79.62368075707447
1795,79.62820915660869
1796,79.63273755614291
1797,79.63726595567714
1798,79.64179435521136
1799,79.64632275474558
1800,79.6508511542798
1801,79.65537955381402
1802,79.65990795334824
1803,79.66443635288246
1804,79.66896475241668
1805,79.67340073563388
1806,79.67737463726596
1807,79.68181062048315
1808,79.68624660370035
1809,79.69059017060052
1810,79.69502615381772
1811,79.69946213703491
1812,79.70389812025212
1813,79.70833410346931
1814,79.7127700866865
1815,79.7172060699037
1816,79.7216420531209
1817,79.7260780363381
1818,79.73051401955529
1819,79.73495000277249
1820,79.73920115335564
1821,79.74363713657283
1822,79.7465020424006
1823,79.75075319298377
1824,79.75518917620094
1825,79.75962515941815
1826,79.76359906105021
1827,79.76803504426742
1828,79.77173169694841
1829,79.77422693750809
1830,79.77866292072528
1831,79.78309890394249
1832,79.78753488715967
1833,79.79187845405986
1834,79.79631443727705
1835,79.80075042049424
1836,79.80453948949227
1837,79.80897547270946
1838,79.81331903960964
1839,79.81766260650981
1840,79.82200617340997
1841,79.82634974031015
1842,79.83069330721032
1843,79.83069330721032
1844,79.83466720884239
1845,79.83901077574257
1846,79.84307709369166
1847,79.84742066059184
1848,79.85120972958985
1849,79.85490638227085
1850,79.85924994917103
1851,79.86359351607119
1852,79.86793708297138
1853,79.87218823355452
1854,79.87653180045469
1855,79.88087536735486
1856,79.88484926898694
1857,79.8891928358871
1858,79.89353640278728
1859,79.89714063915126
1860,79.90046762656414
1861,79.90481119346433
1862,79.90786093192614
1863,79.91220449882631
1864,79.91654806572649
1865,79.92089163262665
1866,79.92523519952684
1867,79.929578766427
1868,79.93392233332716
1869,79.93826590022735
1870,79.94260946712751
1871,79.94695303402769
1872,79.95129660092786
1873,79.955547751511
1874,79.95979890209416
1875,79.96312588950704
1876,79.9673770400902
1877,79.97162819067334
1878,79.9758793412565
1879,79.97976082657155
1880,79.9840119771547
1881,79.98826312773784
1882,79.99251427832098
1883,79.99676542890413
1884,80.00101657948727
1885,80.00526773007041
1886,80.00951888065356
1887,80.01358519860267
1888,80.01783634918581
1889,80.02208749976896
1890,80.0263386503521
1891,80.03058980093525
1892,80.0348409515184
1893,80.03909210210155
1894,80.04334325268469
1895,80.04750198695082
1896,80.05175313753396
1897,80.05563462284901
1898,80.05988577343216
1899,80.0641369240153
1900,80.0678335766963
1901,80.07208472727945
1902,80.07633587786259
1903,80.08058702844573
1904,80.08483817902889
1905,80.08908932961204
1906,80.09334048019518
1907,80.09759163077833
1908,80.1008262018742
1909,80.10507735245736
1910,80.1093285030405
1911,80.11357965362365
1912,80.11764597157274
1913,80.11764597157274
1914,80.12152745688779
1915,80.12531652588581
1916,80.12947526015193
1917,80.12947526015193
1918,80.13363399441805
1919,80.13779272868418
1920,80.14176663031624
1921,80.14592536458237
1922,80.1500840988485
1923,80.15424283311462
1924,80.15840156738074
1925,80.16256030164686
1926,80.16653420327893
1927,80.17069293754506
1928,80.17485167181118
1929,80.1790104060773
1930,80.18316914034342
1931,80.18732787460954
1932,80.19148660887566
1933,80.19564534314179
1934,80.1998040774079
1935,80.20340831377189
1936,80.20442489325916
1937,80.20858362752527
1938,80.2127423617914
1939,80.21671626342346
1940,80.22087499768959
1941,80.22503373195572
1942,80.22919246622183
1943,80.22956213148994
1944,80.23372086575606
1945,80.23778718370515
1946,80.24194591797128
1947,80.2461046522374
1948,80.2501709701865
1949,80.25423728813558
1950,80.2583036060847
1951,80.26181542613163
1952,80.26588174408073
1953,80.26994806202983
1954,80.2735522983938
1955,80.2776186163429
1956,80.281684934292
1957,80.2857512522411
1958,80.2898175701902
1959,80.29222039443285
1960,80.29628671238194
1961,80.30035303033104
1962,80.30441934828013
1963,80.30645250725468
1964,80.31051882520379
1965,80.31458514315287
1966,80.31865146110198
1967,80.32271777905106
1968,80.32678409700017
1969,80.33085041494927
1970,80.33491673289836
1971,80.33898305084746
1972,80.34231003826035
1973,80.34637635620945
1974,80.35044267415856
1975,80.35450899210764
1976,80.35857531005675
1977,80.36264162800583
1978,80.36670794595494
1979,80.37077426390404
1980,80.37465574921909
1981,80.37872206716818
1982,80.38278838511728
1983,80.38685470306636
1984,80.3876864499196
1985,80.3917527678687
1986,80.39581908581779
1987,80.39988540376689
1988,80.40395172171598
1989,80.40801803966508
1990,80.41208435761418
1991,80.41615067556329
1992,80.42021699351237
1993,80.42409847882742
1994,80.4280723804595
1995,80.43204628209156
1996,80.43602018372363
1997,80.43999408535572
1998,80.44396798698779
1999,80.44794188861985
2000,80.45191579025193
2001,80.455889691884
2002,80.45986359351606
2003,80.46383749514814
2004,80.46522373990351
2005,80.4691976415356
2006,80.47317154316767
2007,80.4770530284827
2008,80.48102693011478
2009,80.48500083174686
2010,80.48897473337892
2011,80.492948635011
2012,80.49692253664307
2013,80.50089643827513
2014,80.50487033990721
2015,80.50865940890523
2016,80.51263331053731
2017,80.51651479585236
2018,80.52039628116741
2019,80.52437018279947
2020,80.52834408443155
2021,80.53231798606362
2022,80.53629188769568
2023,80.54017337301073
2024,80.54405485832578
2025,80.54802875995786
2026,80.55200266158992
2027,80.555976563222
2028,80.55995046485408
2029,80.56392436648615
2030,80.56789826811823
2031,80.57187216975029
2032,80.57584607138236
2033,80.57926547511228
2034,80.58323937674436
2035,80.58721327837644
2036,80.5911871800085
2037,80.59516108164058
2038,80.59904256695563
2039,80.60292405227067
2040,80.60680553758571
2041,80.61068702290076
2042,80.61456850821581
2043,80.61844999353086
2044,80.62233147884591
2045,80.62621296416094
2046,80.63009444947599
2047,80.63397593479105
2048,80.63776500378907
2049,80.64164648910412
2050,80.64543555810214
2051,80.64931704341718
2052,80.6531061124152
2053,80.6531061124152
2054,80.65698759773025
2055,80.6608690830453
2056,80.66475056836036
2057,80.6686320536754
2058,80.67251353899044
2059,80.67639502430549
2060,80.68027650962054
2061,80.68415799493559
2062,80.68803948025062
2063,80.69182854924865
2064,80.6957100345637
2065,80.69903702197661
2066,80.70291850729164
2067,80.70679999260669
2068,80.71068147792174
2069,80.71456296323679
2070,80.71844444855184
2071,80.72232593386688
2072,80.72620741918193
2073,80.73008890449698
2074,80.73397038981203
2075,80.737574626176
2076,80.74080919727187
2077,80.74459826626989
2078,80.7483873352679
2079,80.75217640426594
2080,80.75596547326396
2081,80.75781379960446
2082,80.76160286860248
2083,80.76539193760051
2084,80.76918100659853
2085,80.77297007559655
2086,80.77675914459456
2087,80.78008613200747
2088,80.7838752010055
2089,80.78766427000352
2090,80.79145333900154
2091,80.79524240799955
2092,80.79893906068055
2093,80.79903147699757
2094,80.8028205459956
2095,80.80309779494668
2096,80.8068868639447
2097,80.81067593294271
2098,80.81446500194073
2099,80.81825407093876
2100,80.82204313993678
2101,80.82555495998373
2102,80.82934402898175
2103,80.83313309797978
2104,80.8369221669778
2105,80.84071123597583
2106,80.84403822338872
2107,80.84755004343566
2108,80.85078461453155
2109,80.85457368352957
2110,80.8583627525276
2111,80.86187457257454
2112,80.86566364157257
2113,80.86945271057058
2114,80.8732417795686
2115,80.87666118329852
2116,80.88045025229654
2117,80.88423932129457
2118,80.88793597397557
2119,80.89172504297359
2120,80.89551411197161
2121,80.89921076465261
2122,80.90189083784634
2123,80.90420124577196
2124,80.90789789845296
2125,80.91131730218287
2126,80.91473670591279
2127,80.91843335859379
2128,80.92213001127479
2129,80.92453283551744
2130,80.92822948819844
2131,80.93164889192835
2132,80.93534554460936
2133,80.93904219729036
2134,80.94273884997135
2135,80.94338576419052
2136,80.94708241687152
2137,80.95077906955252
2138,80.95447572223352
2139,80.95817237491451
2140,80.96094486442527
2141,80.96464151710626
2142,80.96833816978726
2143,80.97203482246826
2144,80.97573147514925
2145,80.97896604624512
2146,80.98266269892612
2147,80.98635935160712
2148,80.9900560042881
2149,80.99375265696911
2150,80.99744930965012
2151,81.00114596233111
2152,81.00484261501211
2153,81.00853926769311
2154,81.01214350405708
2155,81.01584015673808
2156,81.01953680941907
2157,81.02323346210007
2158,81.02693011478107
2159,81.03062676746207
2160,81.03432342014307
2161,81.03755799123893
2162,81.04125464391994
2163,81.04467404764986
2164,81.04837070033085
2165,81.05132802247564
2166,81.0548398425226
2167,81.05493225883961
2168,81.0585364952036
2169,81.06214073156757
2170,81.06574496793154
2171,81.06925678797849
2172,81.07286102434246
2173,81.07646526070643
2174,81.08006949707041
2175,81.08358131711735
2176,81.08718555348132
2177,81.0907897898453
2178,81.09439402620927
2179,81.09799826257324
2180,81.10132524998613
2181,81.1049294863501
2182,81.10853372271409
2183,81.11204554276104
2184,81.115649779125
2185,81.11805260336766
2186,81.12165683973163
2187,81.1252610760956
2188,81.12886531245957
2189,81.13246954882354
2190,81.1360737851875
2191,81.13967802155149
2192,81.14328225791546
2193,81.14688649427944
2194,81.1504907306434
2195,81.15409496700737
2196,81.15769920337135
2197,81.16130343973532
2198,81.16481525978226
2199,81.16832707982921
2200,81.17165406724212
2201,81.17516588728905
2202,81.178677707336
2203,81.17978670314031
2204,81.18329852318725
2205,81.1868103432342
2206,81.19032216328115
2207,81.1938339833281
2208,81.19734580337504
2209,81.200857623422
2210,81.20436944346893
2211,81.20778884719886
2212,81.21130066724581
2213,81.21481248729275
2214,81.21832430733971
2215,81.22183612738665
2216,81.22525553111657
2217,81.22876735116353
2218,81.23190950594237
2219,81.23542132598932
2220,81.23893314603626
2221,81.24235254976618
2222,81.24586436981313
2223,81.24937618986007
2224,81.25288800990702
2225,81.25639982995398
2226,81.25991165000093
2227,81.26342347004787
2228,81.26693529009482
2229,81.26813670221614
2230,81.27146368962904
2231,81.27497550967598
2232,81.27848732972294
2233,81.28190673345286
2234,81.28532613718278
2235,81.28883795722973
2236,81.29234977727667
2237,81.29586159732362
2238,81.29937341737057
2239,81.30288523741753
2240,81.30639705746447
2241,81.30990887751142
2242,81.31332828124134
2243,81.31684010128828
2244,81.32016708870118
2245,81.32312441084598
2246,81.3265438145759
2247,81.32996321830582
2248,81.32996321830582
2249,81.33338262203574
2250,81.33680202576566
2251,81.33883518474022
2252,81.34225458847014
2253,81.34567399220006
2254,81.34909339592998
2255,81.3525127996599
2256,81.35593220338984
2257,81.3591667744857
2258,81.36258617821562
2259,81.36600558194554
2260,81.36942498567548
2261,81.37275197308837
2262,81.37617137681829
2263,81.37959078054821
2264,81.38301018427813
2265,81.38642958800806
2266,81.38864757961666
2267,81.39206698334658
2268,81.3951167218084
2269,81.39853612553833
2270,81.40056928451287
2271,81.4039886882428
2272,81.40740809197273
2273,81.41055024675157
2274,81.4129530709942
2275,81.41637247472414
2276,81.41979187845406
2277,81.42321128218398
2278,81.4266306859139
2279,81.4299576733268
2280,81.43337707705672
2281,81.43679648078664
2282,81.44021588451658
2283,81.4436352882465
2284,81.44613052880617
2285,81.44954993253609
2286,81.45296933626601
2287,81.45638873999593
2288,81.45980814372585
2289,81.46313513113876
2290,81.46655453486868
2291,81.46692420013679
2292,81.4703436038667
2293,81.47376300759662
2294,81.47718241132654
2295,81.48060181505646
2296,81.48402121878638
2297,81.48744062251632
2298,81.49067519361218
2299,81.4940945973421
2300,81.49751400107202
2301,81.50065615585088
2302,81.5040755595808
2303,81.50703288172559
2304,81.5103598691385
2305,81.51303994233223
2306,81.51627451342809
2307,81.51960150084099
2308,81.52292848825388
2309,81.52625547566679
2310,81.52958246307969
2311,81.53198528732233
2312,81.53531227473523
2313,81.53863926214812
2314,81.54196624956103
2315,81.54529323697392
2316,81.54862022438681
2317,81.55194721179971
2318,81.55527419921262
2319,81.55860118662551
2320,81.56192817403841
2321,81.5652551614513
2322,81.5685821488642
2323,81.5719091362771
2324,81.57523612369
2325,81.57837827846885
2326,81.58170526588174
2327,81.58466258802655
2328,81.58798957543944
2329,81.59131656285233
2330,81.59464355026523
2331,81.59797053767814
2332,81.60129752509103
2333,81.60462451250393
2334,81.60776666728277
2335,81.61100123837865
2336,81.6141433931575
2337,81.6174703805704
2338,81.62061253534925
2339,81.62393952276213
2340,81.62726651017503
2341,81.63059349758794
2342,81.63392048500083
2343,81.63724747241373
2344,81.64057445982664
2345,81.64390144723951
2346,81.64658152043324
2347,81.64990850784615
2348,81.65323549525905
2349,81.65656248267194
2350,81.65988947008483
2351,81.66321645749774
2352,81.66654344491063
2353,81.66987043232353
2354,81.67319741973643
2355,81.6760623255642
2356,81.67920448034305
2357,81.68253146775595
2358,81.68585845516884
2359,81.68918544258175
2360,81.69251242999464
2361,81.69482283792027
2362,81.69814982533316
2363,81.70147681274605
2364,81.70480380015896
2365,81.70813078757185
2366,81.71145777498475
2367,81.71478476239766
2368,81.71783450085948
2369,81.72060699037021
2370,81.72328706356394
2371,81.72633680202577
2372,81.72957137312163
2373,81.73280594421752
2374,81.73604051531338
2375,81.7387205885071
2376,81.74158549433488
2377,81.74482006543076
2378,81.74759255494149
2379,81.75082712603738
2380,81.75406169713325
2381,81.75729626822911
2382,81.760530839325
2383,81.76376541042086
2384,81.76404265937194
2385,81.76404265937194
2386,81.76727723046781
2387,81.77051180156369
2388,81.77272979317229
2389,81.77596436426815
2390,81.77919893536402
2391,81.7824335064599
2392,81.78566807755577
2393,81.78890264865166
2394,81.79213721974752
2395,81.79537179084339
2396,81.79860636193926
2397,81.79860636193926
2398,81.8017485167181
2399,81.80498308781398
2400,81.80821765890985
2401,81.81145223000573
2402,81.81265364212706
2403,81.81588821322293
2404,81.8191227843188
2405,81.82235735541468
2406,81.82559192651054
2407,81.82882649760643
2408,81.83169140343419
2409,81.83492597453007
2410,81.83797571299188
2411,81.84121028408777
2412,81.84444485518362
2413,81.84767942627951
2414,81.8484187568157
2415,81.85165332791158
2416,81.85488789900745
2417,81.85784522115225
2418,81.86080254329704
2419,81.86403711439291
2420,81.86727168548879
2421,81.87050625658466
2422,81.87374082768054
2423,81.87374082768054
2424,81.87679056614236
2425,81.88002513723823
2426,81.8832597083341
2427,81.88649427942998
2428,81.88972885052584
2429,81.89296342162173
2430,81.89619799271759
2431,81.89934014749645
2432,81.90248230227529
2433,81.905162375469
2434,81.90830453024786
2435,81.91144668502672
2436,81.91458883980556
2437,81.9177309945844
2438,81.92087314936325
2439,81.92401530414209
2440,81.92715745892095
2441,81.9302996136998
2442,81.93344176847864
2443,81.93658392325749
2444,81.93972607803633
2445,81.94286823281519
2446,81.94601038759404
2447,81.94859804447073
2448,81.95174019924958
2449,81.95488235402843
2450,81.95802450880727
2451,81.96079699831802
2452,81.96384673677984
2453,81.96698889155869
2454,81.97013104633754
2455,81.97013104633754
2456,81.9732732011164
2457,81.97623052326118
2458,81.97937267804004
2459,81.9825148328189
2460,81.98565698759774
2461,81.98842947710848
2462,81.99157163188733
2463,81.99471378666617
2464,81.99767110881098
2465,82.00081326358982
2466,82.00358575310057
2467,82.00598857734322
2468,82.00913073212206
2469,82.01227288690092
2470,82.01541504167976
2471,82.0185571964586
2472,82.02169935123746
2473,82.0248415060163
2474,82.02798366079514
2475,82.031125815574
2476,82.03426797035284
2477,82.0374101251317
2478,82.04055227991054
2479,82.04369443468939
2480,82.04683658946824
2481,82.04997874424708
2482,82.05312089902593
2483,82.05626305380478
2484,82.05940520858363
2485,82.06254736336247
2486,82.06568951814133
2487,82.06883167292017
2488,82.0689240892372
2489,82.07197382769903
2490,82.07502356616084
2491,82.07807330462266
2492,82.08112304308449
2493,82.0841727815463
2494,82.08722252000813
2495,82.08999500951887
2496,82.0930447479807
2497,82.09609448644252
2498,82.09905180858732
2499,82.10210154704914
2500,82.10515128551097
2501,82.10810860765577
2502,82.11115834611759
2503,82.11411566826239
2504,82.11716540672421
2505,82.120122728869
2506,82.12317246733083
2507,82.12622220579266
2508,82.12927194425448
2509,82.13232168271631
2510,82.13509417222706
2511,82.13814391068888
2512,82.1411936491507
2513,82.14415097129549
2514,82.14720070975731
2515,82.15025044821914
2516,82.15330018668095
2517,82.1557030109236
2518,82.15875274938543
2519,82.16180248784725
2520,82.16485222630908
2521,82.16790196477089
2522,82.17095170323272
2523,82.17400144169454
2524,82.17705118015637
2525,82.17779051069257
2526,82.18084024915439
2527,82.18388998761621
2528,82.18693972607804
2529,82.18998946453986
2530,82.19276195405061
2531,82.1957192761954
2532,82.19876901465723
2533,82.20181875311906
2534,82.20486849158087
2535,82.2079182300427
2536,82.21096796850452
2537,82.21401770696635
2538,82.21706744542816
2539,82.22011718388998
2540,82.22316692235181
2541,82.22621666081363
2542,82.22926639927546
2543,82.22926639927546
2544,82.23157680720108
2545,82.2346265456629
2546,82.23767628412473
2547,82.24072602258656
2548,82.24368334473134
2549,82.24664066687615
2550,82.24959798902094
2551,82.25255531116574
2552,82.25542021699351
2553,82.25837753913831
2554,82.2613348612831
2555,82.2642921834279
2556,82.26715708925568
2557,82.27011441140047
2558,82.27307173354528
2559,82.27602905569007
2560,82.27898637783487
2561,82.28009537363917
2562,82.28305269578397
2563,82.28601001792877
2564,82.28896734007355
2565,82.29192466221836
2566,82.29488198436316
2567,82.29783930650795
2568,82.30079662865275
2569,82.30375395079756
2570,82.30671127294235
2571,82.30966859508715
2572,82.31262591723195
2573,82.31558323937675
2574,82.31854056152154
2575,82.32149788366634
2576,82.32445520581115
2577,82.32741252795593
2578,82.33036985010074
2579,82.33332717224553
2580,82.33628449439033
2581,82.33905698390109
2582,82.34201430604587
2583,82.34487921187365
2584,82.34783653401846
2585,82.35079385616324
2586,82.35347392935697
2587,82.35643125150176
2588,82.35938857364657
2589,82.36234589579135
2590,82.36530321793616
2591,82.36826054008097
2592,82.37121786222575
2593,82.37417518437056
2594,82.37713250651535
2595,82.38008982866015
2596,82.38304715080494
2597,82.38600447294975
2598,82.38896179509454
2599,82.39191911723934
2600,82.39487643938413
2601,82.39783376152894
2602,82.40079108367372
2603,82.40356357318448
2604,82.40652089532928
2605,82.40947821747407
2606,82.41243553961888
2607,82.41539286176366
2608,82.41835018390847
2609,82.42130750605327
2610,82.42426482819806
2611,82.42712973402584
2612,82.43008705617065
2613,82.43304437831543
2614,82.43600170046024
2615,82.438866606288
2616,82.44173151211578
2617,82.44459641794354
2618,82.44635232796702
2619,82.4492172337948
2620,82.45162005803745
2621,82.45448496386521
2622,82.45734986969299
2623,82.46021477552077
2624,82.46307968134855
2625,82.46594458717631
2626,82.46880949300407
2627,82.47167439883187
2628,82.4744468883426
2629,82.47731179417038
2630,82.48017669999815
2631,82.48285677319187
2632,82.48572167901965
2633,82.48858658484743
2634,82.49145149067519
2635,82.49431639650297
2636,82.49718130233073
2637,82.50004620815852
2638,82.50291111398629
2639,82.50577601981406
2640,82.50864092564183
2641,82.5115058314696
2642,82.51437073729738
2643,82.51723564312515
2644,82.52000813263591
2645,82.52287303846367
2646,82.52573794429145
2647,82.52860285011921
2648,82.53146775594699
2649,82.53433266177477
2650,82.53719756760253
2651,82.54006247343031
2652,82.54292737925807
2653,82.54579228508585
2654,82.54865719091363
2655,82.55152209674141
2656,82.55410975361809
2657,82.55697465944587
2658,82.55983956527363
2659,82.56270447110143
2660,82.56556937692919
2661,82.56834186643994
2662,82.5711143559507
2663,82.57388684546143
2664,82.5763820860211
2665,82.57915457553186
2666,82.5819270650426
2667,82.58460713823634
2668,82.58737962774707
2669,82.59015211725782
2670,82.59292460676858
2671,82.59569709627932
2672,82.59846958579007
2673,82.60114965898379
2674,82.60336765059239
2675,82.60614014010314
2676,82.60826571539471
2677,82.61103820490547
2678,82.612978947563
2679,82.61575143707373
2680,82.61833909395044
2681,82.62111158346117
2682,82.62388407297192
2683,82.62665656248267
2684,82.62942905199341
2685,82.63220154150417
2686,82.63497403101492
2687,82.63774652052567
2688,82.64051901003641
2689,82.64329149954716
2690,82.64560190747278
2691,82.64837439698353
2692,82.65114688649427
2693,82.65391937600502
2694,82.65669186551577
2695,82.65946435502653
2696,82.65983402029462
2697,82.66260650980537
2698,82.66537899931612
2699,82.66815148882687
2700,82.67092397833761
2701,82.67332680258026
2702,82.67609929209101
2703,82.67887178160176
2704,82.6816442711125
2705,82.6838622627211
2706,82.68663475223185
2707,82.6894072417426
2708,82.69217973125335
2709,82.6949522207641
2710,82.69763229395782
2711,82.70031236715154
2712,82.70243794244311
2713,82.70511801563684
2714,82.70789050514759
2715,82.71066299465834
2716,82.71343548416908
2717,82.71620797367983
2718,82.71750180211819
2719,82.72027429162893
2720,82.72304678113967
2721,82.7257268543334
2722,82.72840692752712
2723,82.73108700072085
2724,82.73376707391456
2725,82.7364471471083
2726,82.73912722030201
2727,82.74180729349574
2728,82.74448736668947
2729,82.74448736668947
2730,82.74707502356617
2731,82.74966268044285
2732,82.75225033731955
2733,82.75493041051328
2734,82.757610483707
2735,82.76029055690073
2736,82.76297063009444
2737,82.76565070328817
2738,82.76833077648189
2739,82.77101084967562
2740,82.77369092286933
2741,82.77637099606306
2742,82.77812690608654
2743,82.78080697928026
2744,82.78348705247399
2745,82.7861671256677
2746,82.78884719886143
2747,82.79152727205515
2748,82.79411492893185
2749,82.79670258580855
2750,82.79938265900228
2751,82.80206273219599
2752,82.80474280538972
2753,82.80742287858345
2754,82.81010295177717
2755,82.8127830249709
2756,82.81546309816461
2757,82.81795833872428
2758,82.82036116296693
2759,82.82304123616065
2760,82.82572130935438
2761,82.8284013825481
2762,82.83108145574182
2763,82.83376152893554
2764,82.83644160212927
2765,82.83912167532299
2766,82.84180174851672
2767,82.84448182171043
2768,82.84716189490416
2769,82.84984196809789
2770,82.8525220412916
2771,82.85520211448534
2772,82.85760493872797
2773,82.85936084875145
2774,82.86204092194518
2775,82.86462857882188
2776,82.86730865201561
2777,82.86998872520932
2778,82.87266879840305
2779,82.87534887159677
2780,82.8780289447905
2781,82.88015452008206
2782,82.88283459327579
2783,82.8855146664695
2784,82.88791749071216
2785,82.8903203149548
2786,82.89281555551447
2787,82.8954956287082
2788,82.89799086926789
2789,82.90048610982755
2790,82.90316618302127
2791,82.90556900726392
2792,82.90824908045764
2793,82.91092915365137
2794,82.91342439421105
2795,82.91610446740476
2796,82.9187845405985
2797,82.92146461379221
2798,82.92414468698594
2799,82.92673234386262
2800,82.92932000073932
2801,82.93200007393305
2802,82.93458773080975
2803,82.93717538768645
2804,82.93976304456315
2805,82.94225828512282
2806,82.94475352568249
2807,82.9473411825592
2808,82.9499288394359
2809,82.95205441472746
2810,82.95464207160417
2811,82.95722972848087
2812,82.95981738535755
2813,82.96240504223425
2814,82.96499269911095
2815,82.96758035598766
2816,82.9699831802303
2817,82.972570837107
2818,82.9751584939837
2819,82.97700682032419
2820,82.97959447720089
2821,82.98208971776056
2822,82.98467737463726
2823,82.98726503151397
2824,82.98985268839067
2825,82.99244034526735
2826,82.99484316951002
2827,82.9974308263867
2828,83.0000184832634
2829,83.0026061401401
2830,83.0051937970168
2831,83.0077814538935
2832,83.0103691107702
2833,83.0129567676469
2834,83.0155444245236
2835,83.01813208140028
2836,83.020719738277
2837,83.0233073951537
2838,83.02589505203038
2839,83.02839029259006
2840,83.03097794946676
2841,83.03356560634344
2842,83.03615326322016
2843,83.03874092009686
2844,83.04132857697356
2845,83.04280723804595
2846,83.04530247860562
2847,83.04789013548232
2848,83.05047779235902
2849,83.05306544923572
2850,83.05565310611242
2851,83.05824076298912
2852,83.0608284198658
2853,83.06101325249986
2854,83.06360090937656
2855,83.06618856625326
2856,83.06877622312996
2857,83.07127146368963
2858,83.07385912056633
2859,83.07644677744302
2860,83.07903443431972
2861,83.08162209119642
2862,83.08420974807312
2863,83.08679740494982
2864,83.08938506182652
2865,83.0919727187032
2866,83.09456037557992
2867,83.09714803245662
2868,83.09973568933331
2869,83.10232334621
2870,83.1049110030867
2871,83.10722141101233
2872,83.10980906788903
2873,83.11239672476573
2874,83.11498438164242
2875,83.11757203851911
2876,83.12015969539583
2877,83.12274735227251
2878,83.12274735227251
2879,83.12533500914921
2880,83.12792266602591
2881,83.13051032290261
2882,83.13309797977931
2883,83.135685636656
2884,83.1382732935327
2885,83.1408609504094
2886,83.1434486072861
2887,83.14483485204147
2888,83.14742250891818
2889,83.15001016579487
2890,83.15259782267157
2891,83.15509306323125
2892,83.15768072010795
2893,83.16026837698463
2894,83.16285603386135
2895,83.16544369073804
2896,83.16803134761473
2897,83.17061900449143
2898,83.17320666136813
2899,83.1757019019278
2900,83.17819714248748
2901,83.18069238304714
2902,83.1827255420217
2903,83.18522078258137
2904,83.18725394155592
2905,83.18974918211559
2906,83.19224442267526
2907,83.19473966323494
2908,83.19686523852651
2909,83.1993604790862
2910,83.20185571964586
2911,83.20435096020553
2912,83.20666136813115
2913,83.20915660869083
2914,83.2116518492505
2915,83.21414708981017
2916,83.21664233036985
2917,83.2190451546125
2918,83.22154039517217
2919,83.22403563573184
2920,83.22643845997449
2921,83.22884128421714
2922,83.23133652477681
2923,83.23383176533649
2924,83.23632700589616
2925,83.23882224645584
2926,83.24131748701551
2927,83.24381272757519
2928,83.24630796813486
2929,83.24880320869453
2930,83.2509287839861
2931,83.25222261242445
2932,83.25471785298413
2933,83.2572130935438
2934,83.25970833410346
2935,83.26220357466315
2936,83.26386706836959
2937,83.26636230892926
2938,83.26885754948894
2939,83.27135279004861
2940,83.27384803060829
2941,83.27634327116795
2942,83.27883851172763
2943,83.2813337522873
2944,83.28382899284698
2945,83.28632423340665
2946,83.28881947396633
2947,83.291314714526
2948,83.29380995508568
2949,83.29630519564535
2950,83.29880043620501
2951,83.30129567676468
2952,83.30379091732436
2953,83.30628615788403
2954,83.30878139844371
2955,83.31127663900338
2956,83.31377187956306
2957,83.31626712012273
2958,83.3187623606824
2959,83.32125760124207
2960,83.32375284180175
2961,83.32624808236142
2962,83.3287433229211
2963,83.33123856348077
2964,83.33373380404045
2965,83.33622904460012
2966,83.3387242851598
2967,83.34121952571945
2968,83.34371476627913
2969,83.3462100068388
2970,83.34870524739848
2971,83.3510156553241
2972,83.35351089588377
2973,83.35600613644345
2974,83.35850137700312
2975,83.3609966175628
2976,83.36349185812247
2977,83.36598709868215
2978,83.36848233924181
2979,83.37097757980149
2980,83.37347282036116
2981,83.37596806092084
2982,83.37846330148051
2983,83.38095854204019
2984,83.38326894996581
2985,83.3854869415744
2986,83.38798218213408
2987,83.39047742269375
2988,83.39297266325343
2989,83.39546790381308
2990,83.39657689961739
2991,83.39907214017707
2992,83.40156738073674
2993,83.40156738073674
2994,83.40406262129642
2995,83.40655786185609
2996,83.40905310241577
2997,83.41154834297544
2998,83.41404358353512
2999,83.41644640777776
3000,83.41838715043528
3001,83.41995822782471
3002,83.42245346838439
3003,83.42485629262703
3004,83.4273515331867
3005,83.42984677374638
3006,83.43234201430604
3007,83.43465242223166
3008,83.43714766279135
3009,83.43964290335101
3010,83.4421381439107
3011,83.44454096815333
3012,83.44694379239598
3013,83.44879211873648
3014,83.45119494297913
3015,83.45359776722178
3016,83.45535367724526
3017,83.4577565014879
3018,83.46015932573056
3019,83.4625621499732
3020,83.46496497421585
3021,83.4673677984585
3022,83.46977062270115
3023,83.46986303901816
3024,83.47171136535867
3025,83.47411418960131
3026,83.47577768330777
3027,83.47818050755042
3028,83.48058333179306
3029,83.48298615603571
3030,83.48538898027836
3031,83.48779180452101
3032,83.49019462876366
3033,83.49250503668928
3034,83.49490786093192
3035,83.49731068517457
3036,83.4996210931002
3037,83.50202391734285
3038,83.50442674158549
3039,83.50682956582814
3040,83.50701439846219
3041,83.50941722270484
3042,83.51182004694749
3043,83.51422287119014
3044,83.5166256954328
3045,83.51902851967543
3046,83.52143134391808
3047,83.52383416816073
3048,83.52623699240338
3049,83.52863981664602
3050,83.53104264088867
3051,83.53335304881429
3052,83.53575587305696
3053,83.5381586972996
3054,83.54056152154224
3055,83.54296434578488
3056,83.54536717002755
3057,83.54758516163614
3058,83.54998798587879
3059,83.55137423063415
3060,83.5537770548768
3061,83.5559950464854
3062,83.55802820545996
3063,83.56043102970261
3064,83.56283385394525
3065,83.56514426187087
3066,83.56653050662625
3067,83.5689333308689
3068,83.57133615511154
3069,83.57373897935419
3070,83.57614180359685
3071,83.5781749625714
3072,83.58057778681403
3073,83.58298061105668
3074,83.58538343529933
3075,83.58769384322497
3076,83.58981941851653
3077,83.59222224275918
3078,83.59462506700183
3079,83.59702789124448
3080,83.59943071548712
3081,83.60183353972978
3082,83.60423636397243
3083,83.60636193926399
3084,83.60876476350666
3085,83.61116758774929
3086,83.61357041199194
3087,83.61597323623458
3088,83.61837606047725
3089,83.62077888471988
3090,83.62318170896253
3091,83.62539970057114
3092,83.62780252481377
3093,83.63020534905642
3094,83.63260817329908
3095,83.63501099754173
3096,83.63732140546735
3097,83.63972422971
3098,83.64212705395263
3099,83.6445298781953
3100,83.64693270243794
3101,83.64933552668059
3102,83.65164593460621
3103,83.65395634253183
3104,83.65414117516589
3105,83.65645158309151
3106,83.65876199101714
3107,83.66107239894276
3108,83.66338280686838
3109,83.66495388425781
3110,83.66726429218343
3111,83.66957470010905
3112,83.67188510803467
3113,83.6741955159603
3114,83.67650592388593
3115,83.67881633181155
3116,83.68112673973717
3117,83.68343714766279
3118,83.68537789032031
3119,83.68768829824594
3120,83.68999870617156
3121,83.6909228693418
3122,83.69323327726744
3123,83.69480435465687
3124,83.69711476258249
3125,83.6994251705081
3126,83.70173557843373
3127,83.70367632109125
3128,83.70598672901689
3129,83.70820472062547
3130,83.71005304696597
3131,83.71227103857457
3132,83.71458144650019
3133,83.71689185442581
3134,83.71910984603441
3135,83.72132783764302
3136,83.72363824556864
3137,83.72594865349427
3138,83.72825906141989
3139,83.73056946934551
3140,83.73287987727113
3141,83.73445095466056
3142,83.73676136258618
3143,83.7390717705118
3144,83.74138217843743
3145,83.74369258636305
3146,83.74600299428867
3147,83.7483134022143
3148,83.75062381013993
3149,83.75293421806555
3150,83.75524462599117
3151,83.75709295233167
3152,83.7594033602573
3153,83.76171376818291
3154,83.76383934347449
3155,83.7661497514001
3156,83.76846015932573
3157,83.77049331830028
3158,83.7728037262259
3159,83.77511413415152
3160,83.77742454207716
3161,83.77973495000278
3162,83.7820453579284
3163,83.78426334953699
3164,83.7865737574626
3165,83.78888416538824
3166,83.79119457331386
3167,83.79239598543519
3168,83.79470639336081
3169,83.79701680128645
3170,83.79932720921207
3171,83.80163761713769
3172,83.8039480250633
3173,83.80625843298894
3174,83.80764467774429
3175,83.8091233388167
3176,83.8091233388167
3177,83.81143374674232
3178,83.81365173835093
3179,83.81596214627655
3180,83.81827255420217
3181,83.82030571317672
3182,83.82261612110234
3183,83.82492652902796
3184,83.82723693695358
3185,83.8295473448792
3186,83.83185775280484
3187,83.83416816073046
3188,83.83647856865608
3189,83.8387889765817
3190,83.84109938450733
3191,83.84340979243295
3192,83.84553536772452
3193,83.84784577565016
3194,83.85015618357578
3195,83.8524665915014
3196,83.85477699942702
3197,83.85708740735264
3198,83.85939781527827
3199,83.86170822320389
3200,83.86401863112951
3201,83.86632903905513
3202,83.86817736539564
3203,83.87048777332126
3204,83.87279818124688
3205,83.87510858917251
3206,83.87741899709813
3207,83.87972940502375
3208,83.88203981294937
3209,83.88435022087499
3210,83.88666062880063
3211,83.88897103672625
3212,83.89128144465187
3213,83.89359185257749
3214,83.89590226050312
3215,83.89821266842874
3216,83.90052307635436
3217,83.90283348427998
3218,83.9051438922056
3219,83.90745430013123
3220,83.90976470805685
3221,83.91198269966546
3222,83.91420069127406
3223,83.91641868288265
3224,83.91863667449124
3225,83.92085466609984
3226,83.92307265770845
3227,83.92529064931705
3228,83.92750864092564
3229,83.92972663253424
3230,83.93185220782581
3231,83.9340701994344
3232,83.936288191043
3233,83.93841376633459
3234,83.94053934162615
3235,83.94275733323475
3236,83.94451324325823
3237,83.94673123486682
3238,83.94867197752434
3239,83.95088996913294
3240,83.95310796074155
3241,83.95532595235015
3242,83.95754394395874
3243,83.95976193556734
3244,83.96188751085892
3245,83.96410550246752
3246,83.96632349407611
3247,83.96854148568471
3248,83.9706670609763
3249,83.97288505258489
3250,83.97510304419347
3251,83.97732103580208
3252,83.97953902741068
3253,83.98175701901927
3254,83.98397501062787
3255,83.98619300223648
3256,83.98841099384508
3257,83.99044415281962
3258,83.99229247916013
3259,83.99451047076873
3260,83.99672846237732
3261,83.99894645398591
3262,84.00116444559451
3263,84.00245827403286
3264,84.00356726983716
3265,84.00578526144577
3266,84.00661700829899
3267,84.00883499990759
3268,84.01105299151618
3269,84.01327098312478
3270,84.01548897473337
3271,84.01585864000148
3272,84.01807663161007
3273,84.01872354582926
3274,84.02094153743785
3275,84.02315952904645
3276,84.02537752065504
3277,84.02759551226364
3278,84.02981350387225
3279,84.03203149548084
3280,84.03424948708944
3281,84.03646747869804
3282,84.03868547030665
3283,84.04090346191524
3284,84.04312145352384
3285,84.04533944513243
3286,84.04755743674103
3287,84.04977542834963
3288,84.05199341995822
3289,84.05421141156683
3290,84.0563369868584
3291,84.05855497846699
3292,84.06077297007559
3293,84.06299096168419
3294,84.06502412065875
3295,84.06724211226734
3296,84.06946010387594
3297,84.07167809548454
3298,84.07389608709313
3299,84.07611407870174
3300,84.07796240504224
3301,84.08018039665083
3302,84.08239838825942
3303,84.08461637986802
3304,84.08683437147663
3305,84.08905236308523
3306,84.09127035469382
3307,84.09348834630242
3308,84.09570633791103
3309,84.09792432951963
3310,84.10014232112822
3311,84.1023603127368
3312,84.10457830434541
3313,84.10679629595401
3314,84.10901428756262
3315,84.1112322791712
3316,84.11345027077981
3317,84.11566826238841
3318,84.11788625399701
3319,84.1201042456056
3320,84.12232223721419
3321,84.1241705635547
3322,84.1263885551633
3323,84.1286065467719
3324,84.1308245383805
3325,84.1330425299891
3326,84.13516810528067
3327,84.13618468476794
3328,84.13840267637654
3329,84.14062066798515
3330,84.14246899432564
3331,84.14468698593424
3332,84.14690497754283
3333,84.14912296915143
3334,84.15134096076004
3335,84.15355895236864
3336,84.15549969502617
3337,84.15771768663475
3338,84.15919634770715
3339,84.16141433931575
3340,84.16363233092434
3341,84.16585032253295
3342,84.16760623255642
3343,84.169731807848
3344,84.1719497994566
3345,84.17416779106519
3346,84.17638578267379
3347,84.1786037742824
3348,84.18072934957395
3349,84.18285492486554
3350,84.18498050015711
3351,84.18710607544868
3352,84.18923165074025
3353,84.19135722603183
3354,84.1934828013234
3355,84.19560837661497
3356,84.19773395190656
3357,84.19985952719811
3358,84.2019851024897
3359,84.20411067778127
3360,84.20411067778127
3361,84.20623625307284
3362,84.20836182836442
3363,84.21048740365599
3364,84.21261297894756
3365,84.21473855423913
3366,84.2168641295307
3367,84.21898970482228
3368,84.22111528011385
3369,84.22324085540544
3370,84.22518159806296
3371,84.22730717335453
3372,84.2294327486461
3373,84.23155832393768
3374,84.23368389922925
3375,84.23580947452082
3376,84.23793504981239
3377,84.24006062510396
3378,84.24218620039554
3379,84.24431177568712
3380,84.24643735097868
3381,84.24810084468514
3382,84.25022641997671
3383,84.25235199526828
3384,84.25447757055986
3385,84.25660314585143
3386,84.258728721143
3387,84.26085429643457
3388,84.26297987172615
3389,84.26510544701773
3390,84.26713860599227
3391,84.26926418128384
3392,84.27138975657542
3393,84.273515331867
3394,84.27554849084154
3395,84.27767406613312
3396,84.27979964142469
3397,84.28192521671626
3398,84.28405079200783
3399,84.28515978781213
3400,84.28728536310372
3401,84.28941093839528
3402,84.29153651368686
3403,84.29366208897842
3404,84.29578766427001
3405,84.29708149270834
3406,84.29708149270834
3407,84.29920706799993
3408,84.3013326432915
3409,84.30345821858307
3410,84.30558379387465
3411,84.30770936916622
3412,84.30983494445779
3413,84.31196051974936
3414,84.31408609504093
3415,84.31621167033252
3416,84.3183372456241
3417,84.32046282091567
3418,84.32258839620724
3419,84.32471397149881
3420,84.32683954679038
3421,84.32683954679038
3422,84.32896512208195
3423,84.33072103210543
3424,84.332846607397
3425,84.33497218268857
3426,84.33709775798015
3427,84.3391309169547
3428,84.34125649224627
3429,84.34338206753785
3430,84.34458347965916
3431,84.34670905495074
3432,84.34883463024232
3433,84.35096020553388
3434,84.35308578082547
3435,84.35521135611704
3436,84.35733693140861
3437,84.35937009038315
3438,84.36149566567474
3439,84.3636212409663
3440,84.36574681625788
3441,84.36787239154945
3442,84.36999796684103
3443,84.3721235421326
3444,84.37424911742417
3445,84.37637469271576
3446,84.3784078516903
3447,84.38053342698186
3448,84.38228933700535
3449,84.38441491229692
3450,84.38654048758849
3451,84.38866606288006
3452,84.39079163817163
3453,84.39291721346322
3454,84.39504278875478
3455,84.39716836404637
3456,84.39929393933792
3457,84.40141951462951
3458,84.40354508992107
3459,84.40567066521265
3460,84.40779624050421
3461,84.4099218157958
3462,84.41204739108737
3463,84.41417296637894
3464,84.41583646008539
3465,84.41583646008539
3466,84.41796203537697
3467,84.41962552908342
3468,84.42175110437499
3469,84.42387667966656
3470,84.42600225495814
3471,84.42812783024971
3472,84.43025340554128
3473,84.43237898083285
3474,84.43450455612444
3475,84.436630131416
3476,84.436630131416
3477,84.43875570670758
3478,84.44088128199915
3479,84.44282202465668
3480,84.44494759994825
3481,84.44707317523982
3482,84.4491987505314
3483,84.45132432582297
3484,84.45344990111454
3485,84.45557547640612
3486,84.45770105169768
3487,84.4596417943552
3488,84.46167495332976
3489,84.4637081123043
3490,84.46574127127886
3491,84.4677744302534
3492,84.46980758922795
3493,84.4718407482025
3494,84.47387390717705
3495,84.4759070661516
3496,84.47794022512615
3497,84.47997338410069
3498,84.48200654307524
3499,84.4840397020498
3500,84.48588802839029
3501,84.48792118736485
3502,84.48995434633939
3503,84.49198750531394
3504,84.49365099902039
3505,84.49559174167791
3506,84.49762490065245
3507,84.49956564330998
3508,84.50159880228453
3509,84.50363196125909
3510,84.5055727039166
3511,84.50751344657412
3512,84.50954660554868
3513,84.51157976452322
3514,84.51361292349777
3515,84.51379775613182
3516,84.51583091510638
3517,84.51786407408092
3518,84.51989723305546
3519,84.52193039203001
3520,84.52396355100457
3521,84.52599670997911
3522,84.52802986895365
3523,84.53006302792822
3524,84.53209618690276
3525,84.5341293458773
3526,84.53616250485186
3527,84.53819566382641
3528,84.54022882280096
3529,84.5422619817755
3530,84.54429514075005
3531,84.5463282997246
3532,84.54836145869915
3533,84.5503946176737
3534,84.55242777664824
3535,84.55279744191635
3536,84.5548306008909
3537,84.55686375986544
3538,84.55889691883999
3539,84.56093007781453
3540,84.56296323678909
3541,84.56499639576364
3542,84.56702955473818
3543,84.56906271371273
3544,84.57109587268728
3545,84.57312903166184
3546,84.57516219063638
3547,84.5771029332939
3548,84.57913609226844
3549,84.58116925124301
3550,84.58320241021755
3551,84.5852355691921
3552,84.58726872816665
3553,84.58930188714119
3554,84.59133504611574
3555,84.59336820509029
3556,84.59540136406484
3557,84.59743452303938
3558,84.59946768201394
3559,84.60150084098849
3560,84.60353399996303
3561,84.60556715893757
3562,84.60760031791213
3563,84.60963347688669
3564,84.61166663586123
3565,84.61369979483577
3566,84.61573295381032
3567,84.61776611278488
3568,84.61979927175942
3569,84.62183243073397
3570,84.62386558970852
3571,84.62589874868307
3572,84.62793190765761
3573,84.62996506663217
3574,84.63172097665563
3575,84.63375413563018
3576,84.63578729460474
3577,84.63782045357928
3578,84.6397611962368
3579,84.64179435521135
3580,84.64382751418592
3581,84.64586067316046
3582,84.647893832135
3583,84.64992699110955
3584,84.6519601500841
3585,84.65399330905865
3586,84.65602646803319
3587,84.65805962700775
3588,84.66009278598229
3589,84.66212594495684
3590,84.6641591039314
3591,84.66619226290594
3592,84.66822542188048
3593,84.67025858085503
3594,84.67229173982959
3595,84.67432489880413
3596,84.67432489880413
3597,84.67635805777867
3598,84.67746705358297
3599,84.67950021255753
3600,84.68153337153208
3601,84.68347411418961
3602,84.68541485684713
3603,84.68744801582167
3604,84.68948117479623
3605,84.6904977542835
3606,84.69253091325804
3607,84.69447165591558
3608,84.6964123985731
3609,84.69844555754764
3610,84.70047871652218
3611,84.70103321442434
3612,84.70306637339888
3613,84.70509953237344
3614,84.70713269134798
3615,84.70916585032253
3616,84.71119900929708
3617,84.71323216827163
3618,84.71517291092916
3619,84.71720606990371
3620,84.71923922887825
3621,84.72127238785279
3622,84.72330554682735
3623,84.72358279577841
3624,84.72561595475298
3625,84.72764911372752
3626,84.72968227270206
3627,84.73171543167662
3628,84.73356375801711
3629,84.73550450067464
3630,84.73735282701513
3631,84.73929356967265
3632,84.74132672864721
3633,84.74335988762176
3634,84.7453930465963
3635,84.74742620557085
3636,84.7494593645454
3637,84.75140010720293
3638,84.75334084986045
3639,84.75528159251797
3640,84.7568526699074
3641,84.75860857993086
3642,84.7605493225884
3643,84.76193556734377
3644,84.7638763100013
3645,84.76581705265882
3646,84.76775779531634
3647,84.76969853797387
3648,84.77163928063138
3649,84.77358002328891
3650,84.77552076594644
3651,84.77746150860396
3652,84.77940225126149
3653,84.78097332865092
3654,84.78291407130844
3655,84.78383823447868
3656,84.7857789771362
3657,84.78771971979373
3658,84.78966046245125
3659,84.79160120510876
3660,84.7935419477663
3661,84.79548269042382
3662,84.79742343308135
3663,84.79936417573887
3664,84.8013049183964
3665,84.80324566105392
3666,84.80518640371145
3667,84.80712714636897
3668,84.80897547270946
3669,84.81091621536699
3670,84.81285695802451
3671,84.81479770068204
3672,84.81599911280335
3673,84.81793985546088
3674,84.81978818180139
3675,84.82163650814188
3676,84.8235772507994
3677,84.82440899765263
3678,84.82634974031015
3679,84.82782840138255
3680,84.82976914404007
3681,84.83161747038056
3682,84.8335582130381
3683,84.83402029462322
3684,84.83596103728074
3685,84.83790177993826
3686,84.83984252259579
3687,84.84178326525331
3688,84.84372400791084
3689,84.84566475056836
3690,84.84760549322588
3691,84.84954623588341
3692,84.85148697854093
3693,84.85241114171119
3694,84.85435188436871
3695,84.8562002107092
3696,84.85730920651349
3697,84.85924994917102
3698,84.86119069182855
3699,84.86313143448608
3700,84.8647025118755
3701,84.86664325453303
3702,84.86849158087352
3703,84.87043232353105
3704,84.87237306618857
3705,84.8743138088461
3706,84.87625455150362
3707,84.87819529416115
3708,84.88013603681867
3709,84.88207677947618
3710,84.8840175221337
3711,84.88595826479123
3712,84.88762175849767
3713,84.8895625011552
3714,84.89113357854463
3715,84.89307432120215
3716,84.89501506385967
3717,84.8969558065172
3718,84.89880413285769
3719,84.9006524591982
3720,84.90111454078331
3721,84.90305528344084
3722,84.90499602609837
3723,84.9069367687559
3724,84.90850784614533
3725,84.91044858880284
3726,84.91044858880284
3727,84.91238933146036
3728,84.91423765780087
3729,84.91423765780087
3730,84.91617840045839
3731,84.91811914311592
3732,84.92005988577344
3733,84.92200062843096
3734,84.92394137108847
3735,84.925882113746
3736,84.92782285640352
3737,84.92976359906105
3738,84.93161192540155
3739,84.93355266805908
3740,84.9354934107166
3741,84.93743415337413
3742,84.93937489603164
3743,84.94131563868916
3744,84.94325638134669
3745,84.94519712400421
3746,84.94713786666173
3747,84.94907860931926
3748,84.95101935197678
3749,84.95268284568324
3750,84.95462358834077
3751,84.95656433099829
3752,84.95850507365581
3753,84.96044581631332
3754,84.96238655897085
3755,84.9625713916049
3756,84.96451213426242
3757,84.96645287691994
3758,84.96830120326044
3759,84.97024194591796
3760,84.97218268857549
3761,84.97412343123301
3762,84.97606417389053
3763,84.97800491654807
3764,84.9799456592056
3765,84.98188640186312
3766,84.98382714452065
3767,84.98576788717817
3768,84.98770862983568
3769,84.9896493724932
3770,84.99159011515073
3771,84.99353085780825
3772,84.99547160046578
3773,84.9974123431233
3774,84.99935308578083
3775,85.00129382843835
3776,85.00323457109587
3777,85.00499048111935
3778,85.00693122377687
3779,85.0088719664344
3780,85.01081270909192
3781,85.01275345174945
3782,85.01460177808994
3783,85.01654252074746
3784,85.01848326340499
3785,85.02023917342846
3786,85.02217991608599
3787,85.02412065874351
3788,85.02606140140104
3789,85.0278173114245
3790,85.02975805408202
3791,85.03123671515442
3792,85.03308504149493
3793,85.03493336783544
3794,85.03585753100568
3795,85.03752102471212
3796,85.0392769347356
3797,85.0411252610761
3798,85.0429735874166
3799,85.04482191375709
3800,85.04639299114652
3801,85.04824131748701
3802,85.04962756224239
3803,85.05147588858289
3804,85.05332421492339
3805,85.05517254126389
3806,85.05702086760438
3807,85.05886919394489
3808,85.06071752028538
3809,85.06256584662589
3810,85.06441417296638
3811,85.06626249930687
3812,85.06811082564738
3813,85.06986673567086
3814,85.07171506201135
3815,85.07356338835184
3816,85.07541171469235
3817,85.07726004103284
3818,85.07910836737335
3819,85.08095669371384
3820,85.08280502005434
3821,85.08465334639483
3822,85.08465334639483
3823,85.08650167273534
3824,85.08834999907585
3825,85.09019832541634
3826,85.09204665175683
3827,85.09389497809732
3828,85.09574330443783
3829,85.09759163077834
3830,85.09943995711883
3831,85.10128828345933
3832,85.10313660979982
3833,85.10470768718925
3834,85.10655601352974
3835,85.10840433987025
3836,85.11025266621076
3837,85.11210099255125
3838,85.11394931889174
3839,85.11579764523223
3840,85.11755355525572
3841,85.11940188159622
3842,85.12125020793671
3843,85.1230985342772
3844,85.12494686061771
3845,85.1267951869582
3846,85.12864351329871
3847,85.1304918396392
3848,85.1323401659797
3849,85.1341884923202
3850,85.1360368186607
3851,85.13779272868418
3852,85.13964105502467
3853,85.14148938136518
3854,85.14333770770567
3855,85.14518603404618
3856,85.14694194406964
3857,85.14879027041015
3858,85.15063859675064
3859,85.15202484150602
3860,85.15294900467627
3861,85.15368833521246
3862,85.15553666155297
3863,85.15738498789347
3864,85.15923331423396
3865,85.16108164057447
3866,85.16292996691496
3867,85.16477829325547
3868,85.16662661959596
3869,85.16792044803431
3870,85.16958394174075
3871,85.17143226808125
3872,85.17328059442175
3873,85.17512892076226
3874,85.17688483078572
3875,85.17873315712622
3876,85.18058148346672
3877,85.18242980980722
3878,85.18427813614771
3879,85.18612646248822
3880,85.18797478882871
3881,85.18982311516922
3882,85.19167144150971
3883,85.19342735153319
3884,85.19527567787368
3885,85.19712400421419
3886,85.19897233055468
3887,85.20082065689519
3888,85.20082065689519
3889,85.20266898323568
3890,85.20451730957618
3891,85.20636563591668
3892,85.20821396225718
3893,85.20996987228065
3894,85.21181819862115
3895,85.21366652496165
3896,85.21486793708297
3897,85.21662384710645
3898,85.21847217344694
3899,85.22032049978743
3900,85.22216882612794
3901,85.22401715246845
3902,85.22586547880894
3903,85.22771380514943
3904,85.22956213148993
3905,85.23141045783044
3906,85.23325878417093
3907,85.23510711051144
3908,85.23695543685193
3909,85.23880376319242
3910,85.24065208953293
3911,85.24250041587342
3912,85.24434874221393
3913,85.24619706855442
3914,85.24730606435872
3915,85.24915439069922
3916,85.25100271703973
3917,85.25285104338022
3918,85.25469936972073
3919,85.25654769606122
3920,85.25839602240171
3921,85.2602443487422
3922,85.26209267508271
3923,85.26394100142322
3924,85.26578932776371
3925,85.2676376541042
3926,85.2694859804447
3927,85.2713343067852
3928,85.2731826331257
3929,85.2750309594662
3930,85.27595512263645
3931,85.27780344897695
3932,85.27965177531746
3933,85.28150010165795
3934,85.28334842799845
3935,85.28519675433894
3936,85.28704508067945
3937,85.28889340701994
3938,85.29037206809235
3939,85.29222039443283
3940,85.29406872077334
3941,85.29591704711383
3942,85.29776537345434
3943,85.29961369979485
3944,85.30146202613534
3945,85.30331035247583
3946,85.30515867881633
3947,85.30700700515683
3948,85.30885533149733
3949,85.31070365783783
3950,85.31255198417833
3951,85.31440031051882
3952,85.31624863685933
3953,85.31809696319982
3954,85.31994528954033
3955,85.32179361588082
3956,85.32345710958727
3957,85.32530543592777
3958,85.32715376226827
3959,85.32900208860876
3960,85.33085041494927
3961,85.33260632497274
3962,85.33445465131324
3963,85.33630297765373
3964,85.33815130399424
3965,85.33981479770068
3966,85.34166312404118
3967,85.34341903406465
3968,85.34526736040516
3969,85.34702327042862
3970,85.34877918045211
3971,85.34942609467127
3972,85.35118200469475
3973,85.35293791471823
3974,85.3546938247417
3975,85.35608006949708
3976,85.35783597952054
3977,85.35959188954402
3978,85.36134779956748
3979,85.36310370959097
3980,85.36485961961444
3981,85.36661552963791
3982,85.36837143966139
3983,85.37012734968486
3984,85.37188325970834
3985,85.3736391697318
3986,85.37539507975528
3987,85.37715098977876
3988,85.37890689980223
3989,85.38066280982571
3990,85.38241871984917
3991,85.38417462987266
3992,85.38593053989612
3993,85.3876864499196
3994,85.38934994362604
3995,85.39110585364952
3996,85.39286176367298
3997,85.39461767369647
3998,85.39637358371994
3999,85.39812949374341
4000,85.39988540376689
4001,85.40164131379036
4002,85.40339722381384
4003,85.4051531338373
4004,85.40690904386078
4005,85.40755595807997
4006,85.40931186810343
4007,85.4110677781269
4008,85.41282368815037
4009,85.41448718185683
4010,85.4162430918803
4011,85.41799900190378
4012,85.41975491192724
4013,85.42151082195072
4014,85.4232667319742
4015,85.42502264199767
4016,85.42668613570412
4017,85.42844204572759
4018,85.43019795575107
4019,85.43195386577455
4020,85.43370977579802
4021,85.43546568582148
4022,85.43722159584496
4023,85.43897750586844
4024,85.44073341589191
4025,85.44248932591539
4026,85.44424523593885
4027,85.44600114596234
4028,85.4477570559858
4029,85.44951296600928
4030,85.45126887603274
4031,85.45302478605623
4032,85.45459586344565
4033,85.45635177346912
4034,85.4581076834926
4035,85.45986359351608
4036,85.46161950353954
4037,85.46337541356301
4038,85.46448440936732
4039,85.46624031939079
4040,85.46799622941427
4041,85.46975213943774
4042,85.4715080494612
4043,85.4732639594847
4044,85.47501986950816
4045,85.47668336321462
4046,85.47843927323808
4047,85.48019518326156
4048,85.48195109328503
4049,85.48370700330851
4050,85.48537049701496
4051,85.48712640703843
4052,85.4888823170619
4053,85.49063822708537
4054,85.49239413710885
4055,85.49415004713232
4056,85.4959059571558
4057,85.49766186717926
4058,85.49941777720275
4059,85.50117368722621
4060,85.50246751566458
4061,85.50422342568804
4062,85.50597933571152
4063,85.50773524573498
4064,85.50949115575847
4065,85.5111546494649
4066,85.51291055948839
4067,85.51466646951185
4068,85.51642237953533
4069,85.5181782895588
4070,85.51993419958228
4071,85.52169010960576
4072,85.52344601962922
4073,85.5237232685803
4074,85.52547917860377
4075,85.52723508862725
4076,85.52899099865073
4077,85.53074690867419
4078,85.53250281869767
4079,85.53425872872114
4080,85.53601463874462
4081,85.53767813245106
4082,85.53943404247454
4083,85.54118995249802
4084,85.54294586252149
4085,85.54470177254497
4086,85.54645768256843
4087,85.54812117627489
4088,85.54987708629835
4089,85.55163299632184
4090,85.5533889063453
4091,85.55514481636878
4092,85.55690072639224
4093,85.55865663641573
4094,85.5604125464392
4095,85.56216845646267
4096,85.56392436648615
4097,85.56568027650962
4098,85.5674361865331
4099,85.56771343548417
4100,85.56946934550764
4101,85.57122525553112
4102,85.5729811655546
4103,85.57464465926104
4104,85.57640056928452
4105,85.57815647930799
4106,85.57991238933145
4107,85.58166829935493
4108,85.5834242093784
4109,85.58518011940188
4110,85.58693602942536
4111,85.58869193944882
4112,85.59044784947231
4113,85.59164926159363
4114,85.59340517161709
4115,85.59516108164057
4116,85.59691699166405
4117,85.59867290168752
4118,85.600428811711
4119,85.60218472173446
4120,85.60394063175795
4121,85.60569654178141
4122,85.60745245180489
4123,85.60920836182837
4124,85.61096427185184
4125,85.61272018187532
4126,85.61429125926475
4127,85.61604716928821
4128,85.61780307931168
4129,85.61955898933516
4130,85.62131489935864
4131,85.62307080938211
4132,85.62482671940558
4133,85.62658262942905
4134,85.62833853945253
4135,85.630094449476
4136,85.63175794318245
4137,85.6334214368889
4138,85.63508493059535
4139,85.63674842430179
4140,85.63841191800825
4141,85.63905883222742
4142,85.64072232593387
4143,85.64238581964032
4144,85.64395689702974
4145,85.64562039073618
4146,85.64654455390644
4147,85.64820804761288
4148,85.64987154131933
4149,85.65153503502579
4150,85.65319852873223
4151,85.65486202243868
4152,85.65652551614514
4153,85.65818900985158
4154,85.65985250355803
4155,85.66151599726449
4156,85.66317949097093
4157,85.66484298467736
4158,85.66650647838382
4159,85.66816997209027
4160,85.66983346579671
4161,85.67149695950317
4162,85.67316045320962
4163,85.674546697965
4164,85.67621019167144
4165,85.67787368537789
4166,85.67953717908435
4167,85.6812006727908
4168,85.68286416649724
4169,85.6837883296675
4170,85.68535940705691
4171,85.68702290076335
4172,85.6886863944698
4173,85.69034988817626
4174,85.6920133818827
4175,85.69367687558915
4176,85.69404654085724
4177,85.6957100345637
4178,85.69737352827015
4179,85.69894460565958
4180,85.70033085041496
4181,85.7019943441214
4182,85.70365783782785
4183,85.70532133153431
4184,85.70698482524074
4185,85.70864831894718
4186,85.71031181265364
4187,85.71197530636009
4188,85.71363880006653
4189,85.715302293773
4190,85.71696578747944
4191,85.71862928118588
4192,85.72029277489234
4193,85.72195626859879
4194,85.72361976230523
4195,85.72528325601169
4196,85.72694674971812
4197,85.72861024342457
4198,85.73027373713103
4199,85.73193723083747
4200,85.73360072454392
4201,85.73526421825038
4202,85.73692771195682
4203,85.73859120566327
4204,85.74025469936973
4205,85.74173336044211
4206,85.74339685414857
4207,85.744967931538
4208,85.74663142524444
4209,85.74829491895089
4210,85.74995841265734
4211,85.75162190636378
4212,85.75328540007024
4213,85.75494889377669
4214,85.75661238748313
4215,85.75827588118958
4216,85.75993937489604
4217,85.76160286860248
4218,85.76326636230893
4219,85.7646526070643
4220,85.76631610077075
4221,85.76797959447721
4222,85.76890375764745
4223,85.7705672513539
4224,85.77223074506036
4225,85.7738942387668
4226,85.77555773247325
4227,85.77722122617969
4228,85.77888471988614
4229,85.7805482135926
4230,85.78221170729904
4231,85.78387520100549
4232,85.78544627839491
4233,85.78710977210136
4234,85.78877326580782
4235,85.79034434319723
4236,85.79200783690368
4237,85.79367133061014
4238,85.79533482431658
4239,85.79699831802303
4240,85.79866181172949
4241,85.79995564016782
4242,85.80161913387427
4243,85.80328262758073
4244,85.80457645601908
4245,85.80623994972552
4246,85.80790344343198
4247,85.80956693713843
4248,85.81123043084486
4249,85.81289392455132
4250,85.81455741825776
4251,85.81455741825776
4252,85.81622091196421
4253,85.81788440567067
4254,85.81954789937711
4255,85.82121139308356
4256,85.82287488679002
4257,85.82453838049646
4258,85.82601704156886
4259,85.8276805352753
4260,85.82851228212853
4261,85.83017577583499
4262,85.83183926954143
4263,85.83350276324788
4264,85.83516625695434
4265,85.83682975066078
4266,85.83849324436721
4267,85.84015673807367
4268,85.84182023178012
4269,85.84348372548656
4270,85.84505480287599
4271,85.84671829658245
4272,85.8483817902889
4273,85.84995286767831
4274,85.85161636138477
4275,85.85327985509122
4276,85.85494334879766
4277,85.8566068425041
4278,85.85827033621057
4279,85.85993382991701
4280,85.86159732362346
4281,85.86326081732992
4282,85.86492431103636
4283,85.86621813947471
4284,85.86788163318116
4285,85.8695451268876
4286,85.87120862059405
4287,85.8728721143005
4288,85.87453560800695
4289,85.87462802432397
4290,85.87629151803043
4291,85.87795501173687
4292,85.87961850544332
4293,85.88128199914978
4294,85.88294549285622
4295,85.88460898656267
4296,85.88627248026913
4297,85.88793597397556
4298,85.889599467682
4299,85.89107812875442
4300,85.89264920614383
4301,85.89412786721624
4302,85.89579136092269
4303,85.89745485462913
4304,85.89911834833558
4305,85.89911834833558
4306,85.90078184204202
4307,85.90244533574848
4308,85.90410882945493
4309,85.90494057630815
4310,85.90660407001461
4311,85.90826756372105
4312,85.9099310574275
4313,85.91159455113396
4314,85.9132580448404
4315,85.91492153854685
4316,85.9165850322533
4317,85.91824852595974
4318,85.91991201966619
4319,85.92148309705561
4320,85.92314659076207
4321,85.92481008446852
4322,85.92554941500471
4323,85.92721290871116
4324,85.92887640241761
4325,85.93053989612406
4326,85.9322033898305
4327,85.93377446721993
4328,85.93534554460935
4329,85.93691662199878
4330,85.9384876993882
4331,85.93968911150954
4332,85.94126018889895
4333,85.94283126628838
4334,85.9444023436778
4335,85.94597342106722
4336,85.94754449845665
4337,85.94911557584606
4338,85.9506866532355
4339,85.95225773062492
4340,85.95382880801435
4341,85.95539988540378
4342,85.9566012975251
4343,85.95817237491451
4344,85.95974345230394
4345,85.96131452969337
4346,85.96149936232742
4347,85.96307043971684
4348,85.96307043971684
4349,85.96464151710626
4350,85.96621259449569
4351,85.96778367188512
4352,85.96935474927453
4353,85.97092582666396
4354,85.97249690405337
4355,85.9740679814428
4356,85.97563905883223
4357,85.97721013622164
4358,85.97878121361107
4359,85.9803522910005
4360,85.98192336838993
4361,85.98340202946233
4362,85.98497310685175
4363,85.98654418424117
4364,85.9881152616306
4365,85.98968633902003
4366,85.99125741640944
4367,85.99282849379887
4368,85.99439957118828
4369,85.99597064857771
4370,85.99754172596714
4371,85.99911280335655
4372,86.00068388074598
4373,86.00225495813541
4374,86.00382603552484
4375,86.00530469659724
4376,86.00687577398666
4377,86.00835443505905
4378,86.00974067981443
4379,86.01131175720386
4380,86.01288283459327
4381,86.0144539119827
4382,86.01602498937211
4383,86.01759606676154
4384,86.01916714415097
4385,86.0207382215404
4386,86.02230929892983
4387,86.02369554368519
4388,86.02489695580651
4389,86.02646803319594
4390,86.02803911058537
4391,86.0296101879748
4392,86.0310888490472
4393,86.03164334694934
4394,86.03321442433877
4395,86.03478550172818
4396,86.03635657911761
4397,86.03792765650702
4398,86.03949873389645
4399,86.04106981128588
4400,86.04264088867531
4401,86.04421196606474
4402,86.04578304345415
4403,86.04735412084358
4404,86.048925198233
4405,86.05049627562242
4406,86.05206735301185
4407,86.05363843040126
4408,86.05520950779069
4409,86.05678058518012
4410,86.05770474835037
4411,86.05798199730145
4412,86.05955307469087
4413,86.0611241520803
4414,86.06269522946971
4415,86.06426630685914
4416,86.06556013529749
4417,86.06629946583368
4418,86.06787054322311
4419,86.06925678797849
4420,86.0708278653679
4421,86.07239894275733
4422,86.07397002014676
4423,86.07554109753617
4424,86.0771121749256
4425,86.07868325231503
4426,86.08025432970446
4427,86.08182540709389
4428,86.0833964844833
4429,86.08496756187273
4430,86.08653863926214
4431,86.08810971665157
4432,86.089680794041
4433,86.09078978984529
4434,86.09236086723472
4435,86.09393194462415
4436,86.09550302201356
4437,86.09707409940299
4438,86.09864517679242
4439,86.10021625418184
4440,86.10030867049886
4441,86.10187974788829
4442,86.10345082527772
4443,86.10502190266713
4444,86.10659298005656
4445,86.10723989427574
4446,86.10881097166516
4447,86.11038204905458
4448,86.111953126444
4449,86.11352420383342
4450,86.11509528122285
4451,86.11666635861228
4452,86.11823743600169
4453,86.11971609707409
4454,86.12110234182947
4455,86.1226734192189
4456,86.12424449660833
4457,86.12581557399774
4458,86.12710940243609
4459,86.12868047982552
4460,86.13025155721495
4461,86.13025155721495
4462,86.13182263460436
4463,86.13339371199379
4464,86.13496478938322
4465,86.13653586677263
4466,86.13792211152801
4467,86.13949318891744
4468,86.14106426630686
4469,86.14263534369628
4470,86.14420642108571
4471,86.14577749847513
4472,86.14734857586456
4473,86.14891965325397
4474,86.1504907306434
4475,86.15206180803283
4476,86.15335563647118
4477,86.1549267138606
4478,86.15649779125002
4479,86.15806886863945
4480,86.15806886863945
4481,86.15963994602886
4482,86.16121102341829
4483,86.16278210080772
4484,86.16407592924607
4485,86.1656470066355
4486,86.16721808402491
4487,86.16878916141434
4488,86.17026782248674
4489,86.17174648355915
4490,86.17331756094856
4491,86.17470380570393
4492,86.17525830360609
4493,86.17682938099551
4494,86.17840045838493
4495,86.17840045838493
4496,86.17997153577436
4497,86.18154261316377
4498,86.1831136905532
4499,86.18468476794263
4500,86.18616342901502
4501,86.18773450640444
4502,86.18930558379387
4503,86.1908766611833
4504,86.19244773857272
4505,86.19401881596215
4506,86.19558989335157
4507,86.19558989335157
4508,86.197160970741
4509,86.19873204813042
4510,86.20030312551984
4511,86.20187420290927
4512,86.20298319871357
4513,86.20455427610298
4514,86.20520119032217
4515,86.20677226771159
4516,86.20834334510101
4517,86.20991442249043
4518,86.21130066724581
4519,86.21287174463524
4520,86.21444282202467
4521,86.21601389941408
4522,86.21758497680351
4523,86.21915605419292
4524,86.22072713158235
4525,86.22229820897178
4526,86.2238692863612
4527,86.22544036375062
4528,86.22701144114005
4529,86.22858251852948
4530,86.23015359591889
4531,86.2316322569913
4532,86.23320333438072
4533,86.23477441177015
4534,86.23634548915958
4535,86.23791656654899
4536,86.23948764393842
4537,86.24105872132783
4538,86.24253738240024
4539,86.24401604347264
4540,86.24558712086206
4541,86.24715819825148
4542,86.24863685932388
4543,86.25011552039629
4544,86.25159418146868
4545,86.25214867937083
4546,86.25362734044323
4547,86.25436667097944
4548,86.25584533205183
4549,86.25732399312423
4550,86.25880265419661
4551,86.26028131526903
4552,86.26175997634142
4553,86.26323863741382
4554,86.26471729848622
4555,86.26619595955862
4556,86.26767462063101
4557,86.26915328170341
4558,86.27063194277582
4559,86.27211060384822
4560,86.27358926492062
4561,86.27506792599301
4562,86.27654658706541
4563,86.27793283182079
4564,86.27941149289319
4565,86.28089015396559
4566,86.28236881503798
4567,86.28384747611038
4568,86.28532613718278
4569,86.28680479825518
4570,86.28828345932757
4571,86.28976212039998
4572,86.29124078147238
4573,86.29271944254478
4574,86.29419810361718
4575,86.29567676468957
4576,86.29669334417684
4577,86.29817200524926
4578,86.29965066632165
4579,86.30112932739405
4580,86.30260798846643
4581,86.30316248636859
4582,86.304641147441
4583,86.30611980851339
4584,86.30639705746447
4585,86.30787571853686
4586,86.30935437960926
4587,86.31083304068167
4588,86.31231170175407
4589,86.31369794650944
4590,86.31517660758183
4591,86.31665526865423
4592,86.31794909709258
4593,86.31942775816498
4594,86.32090641923737
4595,86.32238508030979
4596,86.32386374138218
4597,86.32478790455242
4598,86.3261741493078
4599,86.3276528103802
4600,86.3291314714526
4601,86.330610132525
4602,86.33208879359739
4603,86.3335674546698
4604,86.3350461157422
4605,86.3365247768146
4606,86.338003437887
4607,86.33874276842319
4608,86.34022142949559
4609,86.34170009056798
4610,86.3431787516404
4611,86.34456499639576
4612,86.34604365746816
4613,86.34752231854056
4614,86.34900097961295
4615,86.35047964068536
4616,86.35195830175776
4617,86.35343696283016
4618,86.35491562390256
4619,86.35639428497495
4620,86.35787294604735
4621,86.35935160711975
4622,86.36083026819216
4623,86.36230892926456
4624,86.36378759033695
4625,86.36526625140934
4626,86.36674491248175
4627,86.36822357355415
4628,86.36970223462654
4629,86.37118089569894
4630,86.37265955677135
4631,86.37413821784375
4632,86.37561687891613
4633,86.37709553998853
4634,86.37857420106094
4635,86.38005286213334
4636,86.38153152320574
4637,86.38301018427813
4638,86.38448884535053
4639,86.38569025747186
4640,86.38707650222723
4641,86.38855516329963
4642,86.39003382437203
4643,86.39151248544444
4644,86.39299114651683
4645,86.39446980758922
4646,86.39594846866163
4647,86.39742712973403
4648,86.39890579080642
4649,86.40038445187882
4650,86.40186311295123
4651,86.40334177402363
4652,86.40482043509601
4653,86.40629909616841
4654,86.40777775724082
4655,86.40925641831322
4656,86.41073507938562
4657,86.41221374045801
4658,86.41369240153041
4659,86.4144317320666
4660,86.41591039313901
4661,86.41738905421141
4662,86.41886771528381
4663,86.42016154372216
4664,86.42164020479456
4665,86.42311886586695
4666,86.42459752693937
4667,86.42607618801176
4668,86.42755484908416
4669,86.42903351015654
4670,86.43051217122895
4671,86.43199083230135
4672,86.43346949337375
4673,86.43494815444615
4674,86.43642681551856
4675,86.43790547659094
4676,86.43938413766334
4677,86.44086279873574
4678,86.44234145980815
4679,86.44382012088055
4680,86.44529878195294
4681,86.44668502670831
4682,86.4481636877807
4683,86.44954993253609
4684,86.4510285936085
4685,86.45250725468088
4686,86.45398591575328
4687,86.45546457682568
4688,86.45694323789809
4689,86.45842189897049
4690,86.45990056004288
4691,86.46017780899396
4692,86.46165647006634
4693,86.46313513113876
4694,86.46461379221115
4695,86.46609245328355
4696,86.46757111435595
4697,86.46904977542835
4698,86.47052843650074
4699,86.47200709757314
4700,86.47348575864555
4701,86.47496441971795
4702,86.47579616657117
4703,86.47727482764357
4704,86.47875348871597
4705,86.48023214978838
4706,86.48171081086076
4707,86.4829122229821
4708,86.48318947193316
4709,86.4840212187864
4710,86.48549987985878
4711,86.48697854093119
4712,86.48845720200359
4713,86.48993586307598
4714,86.49141452414838
4715,86.4928931852208
4716,86.49437184629318
4717,86.4948339278783
4718,86.4963125889507
4719,86.4977912500231
4720,86.4992699110955
4721,86.49991682531468
4722,86.50139548638708
4723,86.50287414745948
4724,86.50435280853188
4725,86.50583146960427
4726,86.50721771435965
4727,86.50869637543205
4728,86.51017503650445
4729,86.51128403230874
4730,86.51276269338113
4731,86.51424135445355
4732,86.51572001552594
4733,86.51719867659834
4734,86.51867733767074
4735,86.52015599874315
4736,86.52163465981553
4737,86.52311332088793
4738,86.52459198196033
4739,86.52607064303274
4740,86.52754930410514
4741,86.52902796517753
4742,86.53050662624993
4743,86.53059904256696
4744,86.53207770363936
4745,86.53337153207771
4746,86.5348501931501
4747,86.5363288542225
4748,86.5378075152949
4749,86.5392861763673
4750,86.54067242112268
4751,86.54196624956101
4752,86.54344491063343
4753,86.54492357170582
4754,86.54640223277822
4755,86.5477884775336
4756,86.54926713860598
4757,86.55074579967838
4758,86.5522244607508
4759,86.55370312182319
4760,86.55518178289559
4761,86.55666044396798
4762,86.55813910504038
4763,86.55961776611278
4764,86.56100401086816
4765,86.56248267194056
4766,86.56396133301297
4767,86.56543999408535
4768,86.56664140620668
4769,86.56812006727907
4770,86.56959872835148
4771,86.57107738942388
4772,86.57255605049627
4773,86.57403471156867
4774,86.57551337264108
4775,86.57699203371348
4776,86.57847069478586
4777,86.57994935585826
4778,86.58142801693067
4779,86.58290667800307
4780,86.58438533907547
4781,86.58586400014786
4782,86.58734266122026
4783,86.58882132229266
4784,86.59029998336506
4785,86.59177864443747
4786,86.59325730550987
4787,86.59473596658226
4788,86.59621462765466
4789,86.59769328872706
4790,86.59917194979946
4791,86.60065061087185
4792,86.60212927194425
4793,86.60360793301666
4794,86.60508659408906
4795,86.60656525516146
4796,86.60804391623384
4797,86.60952257730625
4798,86.60952257730625
4799,86.61100123837865
4800,86.61247989945105
4801,86.61386614420643
4802,86.61515997264478
4803,86.61654621740014
4804,86.61793246215552
4805,86.6193187069109
4806,86.62070495166626
4807,86.62172153115354
4808,86.62292294327486
4809,86.62421677171321
4810,86.62560301646859
4811,86.62671201227289
4812,86.62809825702826
4813,86.62948450178364
4814,86.63087074653902
4815,86.63225699129438
4816,86.63225699129438
4817,86.63318115446464
4818,86.63410531763488
4819,86.63549156239026
4820,86.63687780714562
4821,86.638264051901
4822,86.63965029665638
4823,86.64103654141175
4824,86.64242278616713
4825,86.6438090309225
4826,86.64519527567788
4827,86.64658152043326
4828,86.64796776518862
4829,86.64935400994399
4830,86.65074025469937
4831,86.65212649945474
4832,86.65351274421012
4833,86.65489898896548
4834,86.65628523372087
4835,86.65767147847625
4836,86.65905772323161
4837,86.66044396798699
4838,86.66183021274236
4839,86.66312404118071
4840,86.66451028593607
4841,86.66589653069146
4842,86.6664510285936
4843,86.66746760808088
4844,86.66885385283626
4845,86.67024009759163
4846,86.67162634234701
4847,86.67301258710238
4848,86.67439883185776
4849,86.67550782766206
4850,86.67689407241743
4851,86.67828031717279
4852,86.67948172929412
4853,86.6808679740495
4854,86.68225421880487
4855,86.68364046356024
4856,86.68502670831562
4857,86.68641295307098
4858,86.68779919782637
4859,86.68918544258175
4860,86.69057168733711
4861,86.69195793209249
4862,86.69251242999464
4863,86.6926972626287
4864,86.69408350738406
4865,86.69546975213945
4866,86.69685599689481
4867,86.69824224165018
4868,86.69962848640556
4869,86.70101473116092
4870,86.7024009759163
4871,86.70277064118442
4872,86.70415688593978
4873,86.70554313069515
4874,86.70692937545053
4875,86.7083156202059
4876,86.7083156202059
4877,86.70896253442508
4878,86.71034877918046
4879,86.71173502393582
4880,86.7131212686912
4881,86.71450751344658
4882,86.71589375820194
4883,86.71718758664029
4884,86.71857383139567
4885,86.71996007615105
4886,86.72134632090642
4887,86.7227325656618
4888,86.72411881041717
4889,86.72550505517253
4890,86.72689129992791
4891,86.72809271204925
4892,86.72846237731734
4893,86.72984862207271
4894,86.73123486682809
4895,86.73262111158347
4896,86.73400735633884
4897,86.73539360109422
4898,86.73659501321553
4899,86.73798125797092
4900,86.73936750272628
4901,86.74075374748166
4902,86.74213999223703
4903,86.74352623699241
4904,86.74417315121158
4905,86.74555939596695
4906,86.74694564072233
4907,86.7483318854777
4908,86.74971813023308
4909,86.75110437498846
4910,86.75184370552465
4911,86.75322995028002
4912,86.7546161950354
4913,86.75600243979076
4914,86.75738868454614
4915,86.75877492930152
4916,86.76016117405689
4917,86.76154741881227
4918,86.76293366356764
4919,86.76413507568897
4920,86.76552132044434
4921,86.76653789993162
4922,86.76792414468699
4923,86.76931038944235
4924,86.77069663419773
4925,86.7720828789531
4926,86.77346912370848
4927,86.77457811951278
4928,86.77494778478088
4929,86.77633402953624
4930,86.77772027429162
4931,86.779106519047
4932,86.77919893536404
4933,86.7805851801194
4934,86.78150934328966
4935,86.78289558804502
4936,86.7842818328004
4937,86.78566807755578
4938,86.78566807755578
4939,86.78705432231115
4940,86.78844056706652
4941,86.7898268118219
4942,86.79121305657726
4943,86.79259930133264
4944,86.79398554608801
4945,86.79537179084339
4946,86.79675803559877
4947,86.79814428035414
4948,86.79953052510952
4949,86.80091676986488
4950,86.80230301462026
4951,86.80368925937564
4952,86.80507550413101
4953,86.80646174888639
4954,86.80784799364176
4955,86.80923423839712
4956,86.81034323420143
4957,86.8117294789568
4958,86.81311572371217
4959,86.81450196846755
4960,86.81588821322292
4961,86.8172744579783
4962,86.81866070273368
4963,86.82004694748905
4964,86.82143319224443
4965,86.8228194369998
4966,86.82420568175517
4967,86.82531467755948
4968,86.82670092231484
4969,86.82808716707022
4970,86.82919616287452
4971,86.83030515867881
4972,86.83169140343419
4973,86.83307764818956
4974,86.83446389294494
4975,86.8358501377003
4976,86.83723638245569
4977,86.83862262721107
4978,86.8395467903813
4979,86.84093303513669
4980,86.84231927989205
4981,86.84370552464743
4982,86.8450917694028
4983,86.84647801415818
4984,86.84786425891356
4985,86.84925050366893
4986,86.85054433210728
4987,86.85183816054563
4988,86.853224405301
4989,86.85461065005637
4990,86.85599689481175
4991,86.85738313956712
4992,86.8587693843225
4993,86.86015562907787
4994,86.86154187383325
4995,86.86255845332052
4996,86.86394469807588
4997,86.86533094283126
4998,86.86671718758664
4999,86.868011016025
5000,86.86939726078037
5001,86.87059867290169
5002,86.87198491765706
5003,86.87337116241244
5004,86.87466499085077
5005,86.87484982348484
5006,86.8762360682402
5007,86.87762231299558
5008,86.87900855775096
5009,86.88039480250633
5010,86.88178104726171
5011,86.88316729201708
5012,86.88455353677246
5013,86.88593978152782
5014,86.88732602628319
5015,86.88871227103857
5016,86.89009851579395
5017,86.89148476054932
5018,86.89148476054932
5019,86.8928710053047
5020,86.89425725006006
5021,86.89564349481545
5022,86.89702973957083
5023,86.89841598432619
5024,86.89980222908157
5025,86.90118847383694
5026,86.90257471859232
5027,86.90396096334769
5028,86.90534720810307
5029,86.90673345285843
5030,86.90811969761381
5031,86.90950594236918
5032,86.91089218712456
5033,86.91227843187993
5034,86.9136646766353
5035,86.91505092139067
5036,86.91643716614605
5037,86.91782341090143
5038,86.9192096556568
5039,86.92059590041218
5040,86.92198214516755
5041,86.92336838992293
5042,86.92475463467831
5043,86.92614087943367
5044,86.92752712418906
5045,86.92891336894442
5046,86.93029961369979
5047,86.93168585845517
5048,86.93307210321053
5049,86.93445834796591
5050,86.9358445927213
5051,86.93612184167236
5052,86.93750808642774
5053,86.93889433118312
5054,86.94028057593849
5055,86.94166682069387
5056,86.94305306544923
5057,86.94443931020461
5058,86.94582555495998
5059,86.94684213444725
5060,86.94822837920263
5061,86.949614623958
5062,86.95100086871338
5063,86.95238711346876
5064,86.95368094190711
5065,86.95506718666249
5066,86.95645343141784
5067,86.95783967617322
5068,86.95922592092859
5069,86.96061216568397
5070,86.96162874517125
5071,86.96273774097556
5072,86.96412398573092
5073,86.9655102304863
5074,86.96689647524167
5075,86.96828271999705
5076,86.96966896475242
5077,86.97105520950778
5078,86.97244145426316
5079,86.97382769901853
5080,86.97521394377391
5081,86.97660018852929
5082,86.97770918433359
5083,86.97909542908896
5084,86.98048167384434
5085,86.9818679185997
5086,86.98325416335508
5087,86.98464040811047
5088,86.98501007337856
5089,86.9859342365488
5090,86.98685839971905
5091,86.98805981184037
5092,86.98898397501063
5093,86.99018538713196
5094,86.9914792155703
5095,86.99277304400866
5096,86.994066872447
5097,86.99536070088534
5098,86.9966545293237
5099,86.99794835776204
5100,86.99914976988336
5101,87.00044359832172
5102,87.00173742676007
5103,87.00266158993031
5104,87.00395541836868
5105,87.00524924680701
5106,87.00654307524538
5107,87.00783690368371
5108,87.00913073212206
5109,87.01042456056042
5110,87.01171838899876
5111,87.01301221743711
5112,87.01430604587546
5113,87.0155998743138
5114,87.01689370275216
5115,87.0181875311905
5116,87.01948135962886
5117,87.0207751880672
5118,87.02197660018854
5119,87.02327042862687
5120,87.02456425706522
5121,87.02585808550357
5122,87.02715191394192
5123,87.02835332606324
5124,87.0296471545016
5125,87.03094098293995
5126,87.03223481137829
5127,87.03352863981665
5128,87.03482246825499
5129,87.03611629669335
5130,87.0374101251317
5131,87.03870395357004
5132,87.0399977820084
5133,87.04129161044673
5134,87.04249302256807
5135,87.04378685100642
5136,87.04508067944477
5137,87.0463745078831
5138,87.04766833632146
5139,87.04896216475981
5140,87.05025599319815
5141,87.05154982163651
5142,87.05265881744081
5143,87.05395264587915
5144,87.0552464743175
5145,87.05654030275586
5146,87.0578341311942
5147,87.05903554331553
5148,87.0596824575347
5149,87.06097628597304
5150,87.0622701144114
5151,87.06356394284975
5152,87.06485777128809
5153,87.06596676709239
5154,87.06726059553075
5155,87.06855442396909
5156,87.06984825240744
5157,87.06984825240744
5158,87.0711420808458
5159,87.07243590928414
5160,87.07336007245439
5161,87.07465390089274
5162,87.07594772933109
5163,87.07724155776944
5164,87.07853538620779
5165,87.07982921464614
5166,87.08112304308449
5167,87.08241687152284
5168,87.08371069996119
5169,87.08500452839954
5170,87.08620594052086
5171,87.0874997689592
5172,87.08879359739755
5173,87.0900874258359
5174,87.09138125427425
5175,87.0926750827126
5176,87.09387649483394
5177,87.09517032327227
5178,87.09646415171063
5179,87.09775798014897
5180,87.09905180858732
5181,87.10034563702568
5182,87.10163946546402
5183,87.10293329390237
5184,87.10404228970667
5185,87.10533611814502
5186,87.10662994658337
5187,87.10792377502172
5188,87.10921760346007
5189,87.11023418294734
5190,87.11152801138569
5191,87.11282183982404
5192,87.1141156682624
5193,87.11540949670074
5194,87.11642607618802
5195,87.11771990462636
5196,87.1190137330647
5197,87.12030756150307
5198,87.1216013899414
5199,87.12169380625843
5200,87.12298763469678
5201,87.12428146313513
5202,87.12557529157348
5203,87.12686912001183
5204,87.12816294845018
5205,87.12945677688853
5206,87.13075060532688
5207,87.13204443376522
5208,87.13333826220358
5209,87.13463209064193
5210,87.13592591908026
5211,87.13721974751863
5212,87.13786666173779
5213,87.13916049017615
5214,87.14045431861449
5215,87.14174814705285
5216,87.1430419754912
5217,87.14433580392954
5218,87.1456296323679
5219,87.14692346080624
5220,87.14821728924458
5221,87.14932628504889
5222,87.15062011348724
5223,87.15135944402344
5224,87.15145186034046
5225,87.15274568877881
5226,87.15403951721716
5227,87.1553333456555
5228,87.15644234145981
5229,87.15773616989816
5230,87.15902999833651
5231,87.16032382677486
5232,87.1616176552132
5233,87.16291148365156
5234,87.1642053120899
5235,87.16549914052824
5236,87.1667929689666
5237,87.16808679740495
5238,87.1693806258433
5239,87.17067445428165
5240,87.17196828271999
5241,87.17326211115835
5242,87.17400144169454
5243,87.17529527013289
5244,87.17584976803504
5245,87.1771435964734
5246,87.17843742491175
5247,87.17973125335008
5248,87.18102508178845
5249,87.18231891022678
5250,87.18361273866513
5251,87.1849065671035
5252,87.18620039554183
5253,87.1874942239802
5254,87.18878805241853
5255,87.19008188085688
5256,87.19082121139309
5257,87.19082121139309
5258,87.19211503983144
5259,87.19340886826978
5260,87.19368611722086
5261,87.1949799456592
5262,87.1960889414635
5263,87.19738276990185
5264,87.19867659834021
5265,87.1997855941445
5266,87.20107942258285
5267,87.2023732510212
5268,87.20366707945955
5269,87.2049609078979
5270,87.20625473633625
5271,87.2075485647746
5272,87.20884239321295
5273,87.21004380533427
5274,87.21133763377263
5275,87.21253904589395
5276,87.21383287433228
5277,87.21512670277065
5278,87.216420531209
5279,87.21771435964733
5280,87.21891577176866
5281,87.22020960020701
5282,87.22150342864536
5283,87.22279725708371
5284,87.22409108552206
5285,87.22538491396041
5286,87.22667874239876
5287,87.22797257083711
5288,87.22926639927545
5289,87.23056022771381
5290,87.23185405615216
5291,87.23185405615216
5292,87.2331478845905
5293,87.23444171302886
5294,87.23573554146719
5295,87.23702936990556
5296,87.2383231983439
5297,87.23961702678224
5298,87.24081843890357
5299,87.2409108552206
5300,87.24220468365894
5301,87.24349851209729
5302,87.24479234053565
5303,87.24608616897399
5304,87.24737999741234
5305,87.24867382585069
5306,87.24996765428904
5307,87.25098423377632
5308,87.25227806221466
5309,87.25357189065302
5310,87.25486571909137
5311,87.2561595475297
5312,87.25745337596807
5313,87.2587472044064
5314,87.26004103284475
5315,87.26133486128312
5316,87.26262868972145
5317,87.2639225181598
5318,87.26521634659815
5319,87.2665101750365
5320,87.26780400347486
5321,87.2690978319132
5322,87.27039166035155
5323,87.2716854887899
5324,87.27297931722825
5325,87.2742731456666
5326,87.27482764356876
5327,87.27612147200709
5328,87.27741530044545
5329,87.27870912888379
5330,87.28000295732214
5331,87.2805574552243
5332,87.28157403471157
5333,87.28286786314992
5334,87.28416169158827
5335,87.28545552002662
5336,87.28674934846497
5337,87.28804317690332
5338,87.28933700534166
5339,87.29063083378001
5340,87.29192466221835
5341,87.29321849065671
5342,87.29451231909506
5343,87.29580614753341
5344,87.29709997597176
5345,87.2983938044101
5346,87.29968763284846
5347,87.30098146128681
5348,87.30116629392086
5349,87.30246012235921
5350,87.30375395079756
5351,87.3050477792359
5352,87.30634160767426
5353,87.30763543611259
5354,87.30892926455095
5355,87.3102230929893
5356,87.31151692142764
5357,87.312810749866
5358,87.31410457830434
5359,87.3153984067427
5360,87.31669223518105
5361,87.31798606361939
5362,87.31927989205775
5363,87.32057372049609
5364,87.32186754893443
5365,87.32288412842172
5366,87.32343862632386
5367,87.32473245476221
5368,87.32547178529842
5369,87.32547178529842
5370,87.32676561373675
5371,87.3280594421751
5372,87.32935327061347
5373,87.3306470990518
5374,87.33194092749017
5375,87.3332347559285
5376,87.33452858436685
5377,87.33582241280521
5378,87.33711624124355
5379,87.3384100696819
5380,87.33970389812025
5381,87.3409977265586
5382,87.34229155499695
5383,87.3435853834353
5384,87.34487921187365
5385,87.34617304031201
5386,87.34746686875035
5387,87.3487606971887
5388,87.35005452562704
5389,87.3513483540654
5390,87.35264218250374
5391,87.35384359462508
5392,87.3550450067464
5393,87.35624641886771
5394,87.35744783098905
5395,87.35864924311036
5396,87.35985065523168
5397,87.361052067353
5398,87.36225347947433
5399,87.36290039369351
5400,87.36410180581483
5401,87.36521080161913
5402,87.36641221374046
5403,87.36761362586178
5404,87.36881503798311
5405,87.37001645010443
5406,87.37121786222576
5407,87.37241927434708
5408,87.3736206864684
5409,87.37482209858972
5410,87.37602351071105
5411,87.37722492283237
5412,87.3784263349537
5413,87.37962774707503
5414,87.38082915919635
5415,87.38203057131767
5416,87.38304715080496
5417,87.38424856292627
5418,87.38544997504759
5419,87.38665138716892
5420,87.38785279929024
5421,87.38905421141156
5422,87.39016320721586
5423,87.39016320721586
5424,87.39136461933718
5425,87.39256603145851
5426,87.39275086409256
5427,87.3939522762139
5428,87.39515368833521
5429,87.39635510045653
5430,87.39755651257785
5431,87.39875792469918
5432,87.39894275733323
5433,87.40014416945456
5434,87.40134558157588
5435,87.4025469936972
5436,87.40374840581853
5437,87.40494981793987
5438,87.40615123006118
5439,87.4073526421825
5440,87.4084616379868
5441,87.4095706337911
5442,87.41077204591242
5443,87.41197345803376
5444,87.41197345803376
5445,87.41317487015507
5446,87.4143762822764
5447,87.41557769439773
5448,87.41677910651904
5449,87.41798051864038
5450,87.4191819307617
5451,87.420290926566
5452,87.42149233868733
5453,87.42269375080865
5454,87.42389516292997
5455,87.42454207714914
5456,87.42574348927047
5457,87.42694490139179
5458,87.42814631351311
5459,87.42934772563444
5460,87.43054913775576
5461,87.43175054987708
5462,87.43295196199841
5463,87.43415337411975
5464,87.43535478624106
5465,87.43655619836238
5466,87.43720311258156
5467,87.43840452470289
5468,87.43960593682421
5469,87.44080734894553
5470,87.44200876106686
5471,87.44321017318818
5472,87.4444115853095
5473,87.44561299743083
5474,87.44681440955216
5475,87.44801582167348
5476,87.4492172337948
5477,87.4492172337948
5478,87.4492172337948
5479,87.45041864591613
5480,87.45162005803745
5481,87.45282147015877
5482,87.45402288228009
5483,87.45522429440142
5484,87.45642570652275
5485,87.45762711864407
5486,87.45864369813134
5487,87.45984511025267
5488,87.46095410605696
5489,87.46215551817829
5490,87.46335693029962
5491,87.46455834242094
5492,87.46575975454226
5493,87.46696116666358
5494,87.46816257878491
5495,87.46936399090623
5496,87.47056540302755
5497,87.47176681514888
5498,87.47296822727021
5499,87.47416963939153
5500,87.47537105151285
5501,87.47657246363418
5502,87.4777738757555
5503,87.47897528787682
5504,87.48017669999814
5505,87.48110086316841
5506,87.48230227528973
5507,87.48350368741104
5508,87.48470509953238
5509,87.4859065116537
5510,87.48710792377501
5511,87.48830933589635
5512,87.4892334990666
5513,87.49043491118792
5514,87.49163632330924
5515,87.49283773543057
5516,87.49403914755189
5517,87.49524055967322
5518,87.49644197179454
5519,87.49699646969668
5520,87.49819788181802
5521,87.49939929393933
5522,87.50060070606067
5523,87.50170970186495
5524,87.50291111398629
5525,87.50411252610762
5526,87.50531393822894
5527,87.50651535035026
5528,87.50771676247157
5529,87.5089181745929
5530,87.51011958671423
5531,87.51030441934829
5532,87.5115058314696
5533,87.51270724359092
5534,87.51381623939523
5535,87.51501765151654
5536,87.51621906363788
5537,87.5174204757592
5538,87.51862188788053
5539,87.51973088368482
5540,87.52093229580615
5541,87.52213370792748
5542,87.5233351200488
5543,87.52453653217012
5544,87.52573794429145
5545,87.52693935641277
5546,87.52814076853409
5547,87.5293421806554
5548,87.53054359277674
5549,87.53146775594699
5550,87.53266916806831
5551,87.53387058018964
5552,87.5347947433599
5553,87.53599615548121
5554,87.53719756760253
5555,87.53839897972387
5556,87.53960039184518
5557,87.5408018039665
5558,87.54200321608782
5559,87.54320462820915
5560,87.54431362401345
5561,87.54551503613477
5562,87.5467164482561
5563,87.54690128089015
5564,87.54810269301147
5565,87.54930410513279
5566,87.55050551725412
5567,87.55170692937546
5568,87.55281592517974
5569,87.55401733730108
5570,87.55521874942241
5571,87.55642016154373
5572,87.55762157366505
5573,87.55882298578636
5574,87.5600243979077
5575,87.56122581002901
5576,87.56242722215035
5577,87.56344380163762
5578,87.56464521375894
5579,87.56584662588025
5580,87.56704803800159
5581,87.56824945012292
5582,87.56945086224424
5583,87.57065227436556
5584,87.57185368648689
5585,87.57305509860821
5586,87.57425651072953
5587,87.57545792285086
5588,87.57665933497219
5589,87.57786074709351
5590,87.57906215921483
5591,87.58026357133616
5592,87.58137256714046
5593,87.58174223240856
5594,87.58294364452988
5595,87.5841450566512
5596,87.58534646877253
5597,87.58654788089385
5598,87.58774929301516
5599,87.5889507051365
5600,87.59015211725783
5601,87.59116869674509
5602,87.59237010886642
5603,87.59357152098775
5604,87.59477293310907
5605,87.5959743452304
5606,87.59717575735172
5607,87.59837716947304
5608,87.59948616527734
5609,87.60059516108164
5610,87.60179657320296
5611,87.6029979853243
5612,87.60419939744561
5613,87.60530839324991
5614,87.60650980537123
5615,87.60771121749255
5616,87.60891262961388
5617,87.61011404173522
5618,87.61131545385653
5619,87.61251686597785
5620,87.61371827809918
5621,87.61473485758646
5622,87.61593626970779
5623,87.6171376818291
5624,87.61833909395042
5625,87.61954050607174
5626,87.62074191819308
5627,87.6219433303144
5628,87.62314474243573
5629,87.62332957506977
5630,87.62434615455706
5631,87.62554756667838
5632,87.6267489787997
5633,87.62795039092101
5634,87.62915180304235
5635,87.63035321516367
5636,87.63155462728498
5637,87.63275603940632
5638,87.63368020257657
5639,87.63488161469789
5640,87.6356209452341
5641,87.63682235735541
5642,87.63802376947673
5643,87.63913276528103
5644,87.64033417740235
5645,87.64153558952368
5646,87.64273700164502
5647,87.64393841376634
5648,87.64513982588767
5649,87.64634123800899
5650,87.64735781749626
5651,87.64855922961759
5652,87.64976064173891
5653,87.65096205386023
5654,87.65216346598156
5655,87.65336487810288
5656,87.6545662902242
5657,87.65576770234553
5658,87.65696911446685
5659,87.65817052658818
5660,87.6593719387095
5661,87.66038851819677
5662,87.6615899303181
5663,87.66279134243942
5664,87.66362308929264
5665,87.66482450141397
5666,87.6660259135353
5667,87.66722732565661
5668,87.66787423987579
5669,87.66907565199712
5670,87.67027706411844
5671,87.67147847623976
5672,87.67267988836109
5673,87.67388130048242
5674,87.67508271260374
5675,87.67628412472506
5676,87.67748553684639
5677,87.67804003474853
5678,87.67924144686987
5679,87.68044285899119
5680,87.68155185479549
5681,87.68266085059977
5682,87.68376984640408
5683,87.68497125852541
5684,87.68617267064673
5685,87.68737408276806
5686,87.68857549488938
5687,87.6897769070107
5688,87.690885902815
5689,87.69208731493633
5690,87.69328872705765
5691,87.69449013917897
5692,87.69569155130029
5693,87.69689296342162
5694,87.69809437554295
5695,87.69929578766427
5696,87.6993882039813
5697,87.70058961610262
5698,87.70179102822394
5699,87.70262277507716
5700,87.70382418719849
5701,87.70502559931982
5702,87.70622701144114
5703,87.70742842356246
5704,87.7086298356838
5705,87.70983124780511
5706,87.71103265992643
5707,87.71223407204775
5708,87.71343548416908
5709,87.71463689629041
5710,87.71583830841173
5711,87.71703972053305
5712,87.71824113265438
5713,87.7194425447757
5714,87.72064395689702
5715,87.72184536901835
5716,87.72304678113969
5717,87.724248193261
5718,87.72544960538232
5719,87.72665101750366
5720,87.72766759699093
5721,87.72886900911226
5722,87.72988558859952
5723,87.73108700072085
5724,87.73228841284218
5725,87.7334898249635
5726,87.73469123708482
5727,87.73589264920615
5728,87.73681681237639
5729,87.73801822449772
5730,87.73921963661904
5731,87.74032863242334
5732,87.7412527955936
5733,87.7423617913979
5734,87.74356320351922
5735,87.74476461564053
5736,87.74596602776185
5737,87.74716743988319
5738,87.7483688520045
5739,87.74957026412584
5740,87.75077167624717
5741,87.75197308836849
5742,87.7531745004898
5743,87.75437591261112
5744,87.75557732473246
5745,87.75668632053676
5746,87.75779531634106
5747,87.75890431214535
5748,87.76001330794965
5749,87.76112230375395
5750,87.76223129955825
5751,87.76334029536255
5752,87.76444929116684
5753,87.76555828697114
5754,87.76666728277544
5755,87.76777627857975
5756,87.76888527438405
5757,87.76999427018835
5758,87.77110326599265
5759,87.77221226179694
5760,87.77332125760124
5761,87.77433783708851
5762,87.77544683289281
5763,87.77655582869711
5764,87.77766482450141
5765,87.77877382030572
5766,87.77988281611002
5767,87.7809918119143
5768,87.78163872613348
5769,87.78274772193778
5770,87.78385671774208
5771,87.78478088091234
5772,87.78588987671664
5773,87.78699887252093
5774,87.78810786832523
5775,87.78921686412953
5776,87.79032585993383
5777,87.7913424394211
5778,87.7924514352254
5779,87.7935604310297
5780,87.794669426834
5781,87.7957784226383
5782,87.79688741844261
5783,87.79799641424691
5784,87.7991054100512
5785,87.80012198953847
5786,87.80123098534277
5787,87.80233998114707
5788,87.80344897695137
5789,87.80455797275567
5790,87.80566696855998
5791,87.80677596436426
5792,87.80788496016856
5793,87.80899395597287
5794,87.81010295177717
5795,87.81121194758147
5796,87.81232094338577
5797,87.81342993919007
5798,87.81453893499436
5799,87.81564793079866
5800,87.81657209396892
5801,87.81768108977322
5802,87.81879008557752
5803,87.81989908138182
5804,87.82100807718611
5805,87.82211707299041
5806,87.82313365247768
5807,87.82424264828198
5808,87.82535164408628
5809,87.82646063989058
5810,87.82756963569489
5811,87.82867863149917
5812,87.82978762730347
5813,87.83089662310778
5814,87.83200561891208
5815,87.83200561891208
5816,87.83311461471638
5817,87.83422361052068
5818,87.83533260632497
5819,87.83644160212927
5820,87.83745818161654
5821,87.8383823447868
5822,87.8394913405911
5823,87.8406003363954
5824,87.84170933219968
5825,87.84281832800399
5826,87.84392732380829
5827,87.84503631961259
5828,87.84614531541689
5829,87.84725431122119
5830,87.84827089070846
5831,87.84937988651276
5832,87.85048888231705
5833,87.85159787812135
5834,87.85233720865756
5835,87.85335378814484
5836,87.85446278394915
5837,87.85538694711938
5838,87.85612627765558
5839,87.85723527345988
5840,87.85834426926418
5841,87.85936084875145
5842,87.86046984455575
5843,87.86157884036005
5844,87.86268783616435
5845,87.86379683196866
5846,87.86490582777296
5847,87.86490582777296
5848,87.86601482357726
5849,87.86712381938156
5850,87.86823281518585
5851,87.86934181099015
5852,87.87045080679444
5853,87.87155980259874
5854,87.87266879840304
5855,87.8735929615733
5856,87.8747019573776
5857,87.8758109531819
5858,87.8769199489862
5859,87.87802894479049
5860,87.87895310796074
5861,87.88006210376504
5862,87.88117109956934
5863,87.88228009537364
5864,87.88338909117795
5865,87.88449808698223
5866,87.88560708278654
5867,87.88671607859084
5868,87.88782507439514
5869,87.88893407019943
5870,87.89004306600373
5871,87.89115206180803
5872,87.89226105761233
5873,87.89337005341663
5874,87.89447904922093
5875,87.89558804502524
5876,87.89669704082954
5877,87.89780603663382
5878,87.89891503243813
5879,87.90002402824243
5880,87.90113302404673
5881,87.90224201985103
5882,87.90335101565533
5883,87.90446001145963
5884,87.90547659094689
5885,87.90658558675119
5886,87.9076945825555
5887,87.9088035783598
5888,87.9099125741641
5889,87.91074432101732
5890,87.9117609005046
5891,87.91286989630889
5892,87.91397889211319
5893,87.91508788791748
5894,87.91619688372178
5895,87.91730587952608
5896,87.9181376263793
5897,87.91915420586659
5898,87.92026320167089
5899,87.9213721974752
5900,87.9224811932795
5901,87.92359018908378
5902,87.92469918488808
5903,87.92580818069239
5904,87.92691717649667
5905,87.92802617230097
5906,87.92913516810528
5907,87.93024416390958
5908,87.93135315971388
5909,87.93246215551818
5910,87.93357115132248
5911,87.93468014712677
5912,87.93578914293107
5913,87.93689813873537
5914,87.93800713453967
5915,87.93911613034398
5916,87.94022512614828
5917,87.94133412195258
5918,87.94244311775688
5919,87.94355211356117
5920,87.94456869304844
5921,87.94567768885274
5922,87.94678668465704
5923,87.94687910097406
5924,87.94798809677836
5925,87.94909709258266
5926,87.95011367206995
5927,87.95066816997209
5928,87.95177716577639
5929,87.9528861615807
5930,87.953995157385
5931,87.9551041531893
5932,87.95621314899358
5933,87.95732214479789
5934,87.95759939374896
5935,87.95870838955327
5936,87.95981738535757
5937,87.96083396484484
5938,87.96185054433211
5939,87.96295954013641
5940,87.96406853594071
5941,87.96517753174501
5942,87.96628652754931
5943,87.96674860913443
5944,87.96785760493873
5945,87.96896660074303
5946,87.97007559654733
5947,87.97118459235162
5948,87.97229358815592
5949,87.97340258396022
5950,87.97451157976452
5951,87.97562057556883
5952,87.97654473873907
5953,87.97765373454337
5954,87.97876273034767
5955,87.97987172615197
5956,87.98088830563925
5957,87.98199730144354
5958,87.98199730144354
5959,87.98310629724784
5960,87.98421529305213
5961,87.98532428885643
5962,87.98615603570966
5963,87.98726503151396
5964,87.98837402731826
5965,87.98837402731826
5966,87.98948302312256
5967,87.99059201892686
5968,87.99170101473116
5969,87.99281001053546
5970,87.99391900633977
5971,87.99465833687596
5972,87.99576733268026
5973,87.99687632848455
5974,87.99798532428885
5975,87.99909432009315
5976,88.00011089958043
5977,88.00121989538474
5978,88.00232889118902
5979,88.00343788699332
5980,88.00454688279763
5981,88.00565587860193
5982,88.00676487440623
5983,88.00787387021053
5984,88.00898286601483
5985,88.01009186181912
5986,88.01120085762342
5987,88.01230985342772
5988,88.01341884923201
5989,88.01452784503631
5990,88.0155444245236
5991,88.0166534203279
5992,88.0177624161322
5993,88.01887141193649
5994,88.01998040774079
5995,88.02108940354509
5996,88.02219839934939
5997,88.0233073951537
5998,88.02441639095798
5999,88.02552538676228
6000,88.02663438256658
6001,88.02774337837089
6002,88.02885237417519
6003,88.02996136997947
6004,88.02996136997947
6005,88.03107036578378
6006,88.03217936158808
6007,88.03319594107536
6008,88.03430493687966
6009,88.03541393268397
6010,88.03652292848825
6011,88.03763192429255
6012,88.03874092009684
6013,88.03984991590114
6014,88.04095891170545
6015,88.04206790750975
6016,88.04252998909487
6017,88.0433617359481
6018,88.0444707317524
6019,88.0455797275567
6020,88.046688723361
6021,88.0477977191653
6022,88.0489067149696
6023,88.0500157107739
6024,88.05093987394415
6025,88.05204886974845
6026,88.05260336765059
6027,88.05371236345489
6028,88.0548213592592
6029,88.0559303550635
6030,88.0570393508678
6031,88.0581483466721
6032,88.05925734247639
6033,88.06036633828069
6034,88.06147533408499
6035,88.06258432988928
6036,88.06369332569358
6037,88.06480232149788
6038,88.06591131730218
6039,88.06702031310648
6040,88.06812930891078
6041,88.06923830471509
6042,88.07034730051939
6043,88.07145629632367
6044,88.07256529212798
6045,88.07367428793228
6046,88.07469086741955
6047,88.07579986322385
6048,88.0759846958579
6049,88.0770936916622
6050,88.0782026874665
6051,88.0793116832708
6052,88.0804206790751
6053,88.0815296748794
6054,88.08263867068369
6055,88.083747666488
6056,88.0848566622923
6057,88.0859656580966
6058,88.08707465390088
6059,88.08818364970519
6060,88.08929264550949
6061,88.09040164131379
6062,88.09151063711809
6063,88.09151063711809
6064,88.09261963292239
6065,88.09372862872668
6066,88.09474520821396
6067,88.09585420401827
6068,88.09696319982257
6069,88.09779494667579
6070,88.09890394248009
6071,88.1000129382844
6072,88.10112193408868
6073,88.10223092989298
6074,88.10333992569727
6075,88.10444892150157
6076,88.10555791730587
6077,88.10666691311017
6078,88.10777590891448
6079,88.10796074154852
6080,88.10906973735283
6081,88.11017873315713
6082,88.11128772896143
6083,88.11239672476573
6084,88.11350572057003
6085,88.11461471637432
6086,88.11572371217862
6087,88.11683270798292
6088,88.11794170378721
6089,88.11905069959151
6090,88.12015969539581
6091,88.12126869120011
6092,88.12237768700442
6093,88.12330185017466
6094,88.12422601334492
6095,88.12533500914923
6096,88.12644400495351
6097,88.12755300075781
6098,88.12856958024508
6099,88.12967857604939
6100,88.13078757185369
6101,88.13189656765799
6102,88.13300556346229
6103,88.13411455926658
6104,88.13522355507088
6105,88.13633255087518
6106,88.13744154667948
6107,88.13855054248378
6108,88.13965953828809
6109,88.13965953828809
6110,88.14076853409239
6111,88.14169269726263
6112,88.14280169306693
6113,88.14391068887123
6114,88.14391068887123
6115,88.14501968467553
6116,88.14612868047983
6117,88.14723767628413
6118,88.14834667208842
6119,88.14945566789272
6120,88.15056466369701
6121,88.15167365950131
6122,88.15278265530561
6123,88.15389165110992
6124,88.15500064691422
6125,88.15610964271852
6126,88.15721863852282
6127,88.15805038537604
6128,88.15915938118034
6129,88.16026837698465
6130,88.16137737278893
6131,88.16248636859324
6132,88.16359536439754
6133,88.16470436020184
6134,88.16581335600614
6135,88.16692235181044
6136,88.16803134761474
6137,88.16877067815093
6138,88.16987967395524
6139,88.17098866975954
6140,88.17200524924681
6141,88.17311424505111
6142,88.17413082453838
6143,88.17523982034268
6144,88.17625639982995
6145,88.17736539563425
6146,88.17847439143856
6147,88.17958338724286
6148,88.18069238304716
6149,88.18180137885146
6150,88.18291037465575
6151,88.18401937046005
6152,88.18512836626434
6153,88.18623736206864
6154,88.18734635787294
6155,88.18845535367724
6156,88.18956434948154
6157,88.19067334528584
6158,88.19178234109015
6159,88.19289133689445
6160,88.19400033269874
6161,88.19510932850304
6162,88.19621832430734
6163,88.19732732011164
6164,88.19834389959891
6165,88.19936047908618
6166,88.20037705857347
6167,88.20139363806074
6168,88.202410217548
6169,88.20324196440123
6170,88.20425854388851
6171,88.20527512337578
6172,88.20629170286306
6173,88.20730828235033
6174,88.20832486183761
6175,88.20934144132488
6176,88.21035802081215
6177,88.21137460029944
6178,88.21239117978669
6179,88.21340775927398
6180,88.21442433876126
6181,88.21544091824852
6182,88.2164574977358
6183,88.21747407722307
6184,88.21849065671034
6185,88.21950723619763
6186,88.2205238156849
6187,88.22154039517217
6188,88.22255697465945
6189,88.22357355414671
6190,88.224590133634
6191,88.22560671312128
6192,88.22662329260854
6193,88.22763987209582
6194,88.228286786315
6195,88.228286786315
6196,88.22930336580227
6197,88.23031994528954
6198,88.23133652477682
6199,88.23133652477682
6200,88.23235310426409
6201,88.23336968375136
6202,88.23438626323863
6203,88.2354028427259
6204,88.23641942221319
6205,88.23743600170046
6206,88.23836016487071
6207,88.23937674435798
6208,88.24039332384525
6209,88.24140990333254
6210,88.24242648281981
6211,88.24344306230708
6212,88.24445964179436
6213,88.24529138864759
6214,88.24630796813486
6215,88.24732454762213
6216,88.2483411271094
6217,88.24935770659667
6218,88.25037428608395
6219,88.25139086557122
6220,88.2524074450585
6221,88.25342402454578
6222,88.25444060403305
6223,88.25453302035007
6224,88.25554959983735
6225,88.25656617932462
6226,88.25739792617784
6227,88.25841450566512
6228,88.2594310851524
6229,88.26044766463967
6230,88.26146424412694
6231,88.26248082361423
6232,88.26349740310148
6233,88.26451398258877
6234,88.26553056207604
6235,88.26654714156331
6236,88.26756372105059
6237,88.26858030053786
6238,88.26959688002513
6239,88.27061345951242
6240,88.27163003899969
6241,88.27264661848696
6242,88.27366319797424
6243,88.2746797774615
6244,88.27569635694879
6245,88.27671293643606
6246,88.27717501802118
6247,88.27819159750845
6248,88.27883851172763
6249,88.27985509121491
6250,88.28087167070218
6251,88.28188825018945
6252,88.28290482967672
6253,88.283921409164
6254,88.28493798865128
6255,88.28595456813855
6256,88.28697114762582
6257,88.28706356394285
6258,88.28808014343012
6259,88.28854222501525
6260,88.28955880450252
6261,88.2905753839898
6262,88.29159196347706
6263,88.29233129401327
6264,88.29325545718352
6265,88.29427203667079
6266,88.29528861615808
6267,88.29602794669427
6268,88.29704452618155
6269,88.29806110566881
6270,88.29907768515609
6271,88.30009426464336
6272,88.30111084413063
6273,88.30212742361792
6274,88.30314400310519
6275,88.30416058259246
6276,88.30480749681163
6277,88.3058240762989
6278,88.30665582315214
6279,88.30767240263941
6280,88.30868898212668
6281,88.30970556161397
6282,88.31072214110122
6283,88.31173872058851
6284,88.31275530007578
6285,88.31377187956305
6286,88.31478845905033
6287,88.3158050385376
6288,88.31672920170786
6289,88.31774578119513
6290,88.31857752804835
6291,88.31959410753562
6292,88.3206106870229
6293,88.32162726651018
6294,88.32264384599745
6295,88.32366042548473
6296,88.324677004972
6297,88.32569358445927
6298,88.32671016394654
6299,88.32772674343381
6300,88.3287433229211
6301,88.32975990240837
6302,88.33077648189564
6303,88.33179306138291
6304,88.3328096408702
6305,88.33382622035747
6306,88.33484279984474
6307,88.33585937933202
6308,88.33687595881929
6309,88.33789253830656
6310,88.33890911779385
6311,88.33927878306194
6312,88.34029536254921
6313,88.34131194203648
6314,88.34232852152375
6315,88.34334510101104
6316,88.34436168049831
6317,88.34537825998558
6318,88.34639483947285
6319,88.34741141896014
6320,88.34750383527715
6321,88.34852041476444
6322,88.34953699425171
6323,88.35036874110493
6324,88.3513853205922
6325,88.35240190007949
6326,88.35341847956674
6327,88.35443505905403
6328,88.35545163854131
6329,88.35646821802857
6330,88.35748479751585
6331,88.35850137700312
6332,88.3595179564904
6333,88.36053453597768
6334,88.36155111546495
6335,88.36256769495222
6336,88.3635842744395
6337,88.36460085392676
6338,88.36552501709703
6339,88.3665415965843
6340,88.36755817607157
6341,88.36857475555884
6342,88.36959133504611
6343,88.3706079145334
6344,88.37162449402066
6345,88.37264107350794
6346,88.3736576529952
6347,88.37458181616546
6348,88.37559839565273
6349,88.37661497514001
6350,88.37763155462729
6351,88.37864813411456
6352,88.37966471360184
6353,88.3806812930891
6354,88.38169787257638
6355,88.38225237047853
6356,88.38326894996581
6357,88.38428552945308
6358,88.38530210894035
6359,88.38631868842764
6360,88.3873352679149
6361,88.38835184740218
6362,88.38936842688945
6363,88.39038500637673
6364,88.391401585864
6365,88.39241816535127
6366,88.39343474483854
6367,88.3943589080088
6368,88.39537548749607
6369,88.39639206698334
6370,88.39740864647062
6371,88.3984252259579
6372,88.39944180544516
6373,88.40045838493245
6374,88.40101288283459
6375,88.40202946232186
6376,88.40304604180915
6377,88.40387778866237
6378,88.40489436814964
6379,88.40591094763691
6380,88.4069275271242
6381,88.40794410661145
6382,88.40896068609874
6383,88.40997726558601
6384,88.40997726558601
6385,88.41099384507328
6386,88.41173317560948
6387,88.41274975509677
6388,88.41376633458403
6389,88.41478291407131
6390,88.41579949355858
6391,88.41681607304585
6392,88.41783265253314
6393,88.4188492320204
6394,88.41986581150768
6395,88.42088239099496
6396,88.42189897048223
6397,88.4229155499695
6398,88.42393212945677
6399,88.42494870894406
6400,88.42596528843133
6401,88.4269818679186
6402,88.42799844740587
6403,88.42901502689314
6404,88.42975435742935
6405,88.43077093691663
6406,88.43178751640389
6407,88.43280409589117
6408,88.43382067537846
6409,88.43483725486571
6410,88.435853834353
6411,88.43687041384027
6412,88.43788699332754
6413,88.43890357281482
6414,88.4399201523021
6415,88.44093673178936
6416,88.44195331127665
6417,88.4429698907639
6418,88.44398647025119
6419,88.44500304973846
6420,88.44601962922573
6421,88.44703620871302
6422,88.44805278820029
6423,88.44906936768756
6424,88.44999353085781
6425,88.45101011034508
6426,88.45202668983235
6427,88.45304326931964
6428,88.4540598488069
6429,88.45507642829418
6430,88.45609300778146
6431,88.45710958726872
6432,88.458126166756
6433,88.45914274624327
6434,88.46015932573054
6435,88.46117590521783
6436,88.4621924847051
6437,88.46320906419237
6438,88.46422564367965
6439,88.46487255789881
6440,88.4658891373861
6441,88.46690571687337
6442,88.46792229636064
6443,88.46893887584793
6444,88.46903129216494
6445,88.4699554553352
6446,88.47097203482247
6447,88.47198861430974
6448,88.47300519379702
6449,88.47402177328429
6450,88.47503835277156
6451,88.47605493225885
6452,88.47707151174612
6453,88.47808809123339
6454,88.47910467072066
6455,88.48012125020793
6456,88.48113782969521
6457,88.48215440918248
6458,88.48317098866976
6459,88.48418756815704
6460,88.4852041476443
6461,88.48622072713158
6462,88.48622072713158
6463,88.48723730661887
6464,88.48825388610612
6465,88.48908563295936
6466,88.49010221244663
6467,88.49102637561688
6468,88.49204295510415
6469,88.49305953459142
6470,88.4940761140787
6471,88.49509269356598
6472,88.49610927305325
6473,88.49712585254052
6474,88.4981424320278
6475,88.49915901151508
6476,88.50017559100235
6477,88.50119217048962
6478,88.50137700312366
6479,88.50239358261095
6480,88.50341016209822
6481,88.50442674158549
6482,88.50544332107276
6483,88.50645990056005
6484,88.50747648004732
6485,88.50849305953459
6486,88.50950963902187
6487,88.51052621850914
6488,88.51154279799641
6489,88.5125593774837
6490,88.51357595697095
6491,88.51459253645824
6492,88.51560911594551
6493,88.51662569543278
6494,88.51754985860303
6495,88.5185664380903
6496,88.51939818494353
6497,88.52041476443081
6498,88.52106167864999
6499,88.52207825813726
6500,88.52309483762453
6501,88.52411141711181
6502,88.52512799659908
6503,88.52614457608635
6504,88.52716115557364
6505,88.5281777350609
6506,88.52836256769496
6507,88.52937914718223
6508,88.5303957266695
6509,88.53141230615678
6510,88.53242888564405
6511,88.53242888564405
6512,88.53344546513132
6513,88.5344620446186
6514,88.53510895883777
6515,88.53612553832505
6516,88.53714211781232
6517,88.53806628098258
6518,88.53908286046985
6519,88.54009943995712
6520,88.54111601944439
6521,88.54176293366358
6522,88.54277951315083
6523,88.54379609263812
6524,88.54481267212539
6525,88.54582925161266
6526,88.54684583109994
6527,88.54786241058721
6528,88.54887899007448
6529,88.54971073692771
6530,88.55072731641499
6531,88.55174389590226
6532,88.55276047538953
6533,88.55377705487682
6534,88.55479363436409
6535,88.55581021385136
6536,88.55682679333863
6537,88.5578433728259
6538,88.55885995231318
6539,88.55987653180046
6540,88.56089311128773
6541,88.561909690775
6542,88.56292627026228
6543,88.56394284974955
6544,88.56495942923682
6545,88.5659760087241
6546,88.56699258821138
6547,88.56800916769865
6548,88.56902574718592
6549,88.57004232667319
6550,88.57105890616047
6551,88.57207548564774
6552,88.57309206513501
6553,88.5741086446223
6554,88.57512522410957
6555,88.57567972201171
6556,88.576696301499
6557,88.57771288098627
6558,88.57872946047354
6559,88.57974603996081
6560,88.5807626194481
6561,88.58177919893537
6562,88.58279577842264
6563,88.5838123579099
6564,88.58482893739719
6565,88.58575310056743
6566,88.58676968005472
6567,88.58778625954199
6568,88.58880283902926
6569,88.58981941851654
6570,88.59074358168678
6571,88.59176016117407
6572,88.59277674066132
6573,88.5937933201486
6574,88.59480989963589
6575,88.59582647912315
6576,88.59684305861043
6577,88.5978596380977
6578,88.59887621758497
6579,88.59989279707226
6580,88.60090937655953
6581,88.6019259560468
6582,88.60285011921705
6583,88.60386669870432
6584,88.6048832781916
6585,88.60589985767888
6586,88.60691643716615
6587,88.60793301665342
6588,88.60894959614069
6589,88.60996617562797
6590,88.61098275511524
6591,88.61199933460252
6592,88.61301591408979
6593,88.61403249357707
6594,88.61504907306434
6595,88.61606565255161
6596,88.6170822320389
6597,88.61809881152615
6598,88.61911539101344
6599,88.62013197050072
6600,88.62114854998798
6601,88.62216512947526
6602,88.62299687632849
6603,88.62401345581576
6604,88.62503003530303
6605,88.62604661479031
6606,88.62706319427758
6607,88.62807977376485
6608,88.62872668798403
6609,88.62974326747131
6610,88.63075984695858
6611,88.63177642644585
6612,88.63279300593312
6613,88.6338095854204
6614,88.63482616490768
6615,88.63584274439495
6616,88.63685932388222
6617,88.6378759033695
6618,88.63889248285676
6619,88.63990906234405
6620,88.64092564183133
6621,88.64194222131859
6622,88.64295880080587
6623,88.64388296397611
6624,88.6448995434634
6625,88.64591612295067
6626,88.64693270243794
6627,88.64794928192522
6628,88.64896586141249
6629,88.64998244089976
6630,88.65099902038705
6631,88.65201559987432
6632,88.65303217936159
6633,88.65404875884886
6634,88.65506533833613
6635,88.65608191782341
6636,88.65709849731068
6637,88.65811507679796
6638,88.65913165628523
6639,88.66014823577251
6640,88.66116481525978
6641,88.66218139474705
6642,88.66301314160027
6643,88.66402972108756
6644,88.6642145537216
6645,88.66523113320888
6646,88.66624771269616
6647,88.66726429218342
6648,88.6682808716707
6649,88.66929745115797
6650,88.67031403064524
6651,88.67133061013253
6652,88.6723471896198
6653,88.67336376910707
6654,88.67438034859435
6655,88.67539692808162
6656,88.6764135075689
6657,88.67743008705618
6658,88.67844666654344
6659,88.67946324603072
6660,88.68047982551799
6661,88.68149640500526
6662,88.68251298449255
6663,88.68352956397982
6664,88.68454614346709
6665,88.68547030663734
6666,88.6863944698076
6667,88.68731863297783
6668,88.68824279614809
6669,88.68916695931833
6670,88.6900911224886
6671,88.69101528565884
6672,88.69193944882909
6673,88.69286361199934
6674,88.69369535885257
6675,88.6946195220228
6676,88.69545126887604
6677,88.69637543204628
6678,88.69729959521652
6679,88.69822375838679
6680,88.69914792155703
6681,88.70007208472728
6682,88.70099624789752
6683,88.70192041106777
6684,88.70284457423803
6685,88.70376873740827
6686,88.70469290057854
6687,88.70561706374878
6688,88.70635639428498
6689,88.70728055745522
6690,88.70801988799141
6691,88.70894405116168
6692,88.70986821433192
6693,88.71079237750217
6694,88.71171654067243
6695,88.71245587120862
6696,88.71338003437887
6697,88.71430419754913
6698,88.71522836071937
6699,88.71615252388962
6700,88.71707668705987
6701,88.71800085023011
6702,88.71892501340037
6703,88.71984917657062
6704,88.72077333974087
6705,88.72169750291111
6706,88.72262166608135
6707,88.72354582925162
6708,88.72446999242186
6709,88.72539415559211
6710,88.72631831876237
6711,88.7272424819326
6712,88.72816664510286
6713,88.7290908082731
6714,88.73001497144337
6715,88.7309391346136
6716,88.73186329778385
6717,88.73278746095411
6718,88.73371162412435
6719,88.73454337097758
6720,88.73546753414783
6721,88.73639169731807
6722,88.73731586048834
6723,88.73824002365858
6724,88.73916418682882
6725,88.74008834999908
6726,88.74101251316932
6727,88.74193667633958
6728,88.74286083950982
6729,88.7431380884609
6730,88.74406225163115
6731,88.7449864148014
6732,88.74591057797164
6733,88.7468347411419
6734,88.74775890431215
6735,88.74868306748239
6736,88.74932998170158
6737,88.75025414487182
6738,88.75117830804207
6739,88.75210247121231
6740,88.75302663438256
6741,88.7531190506996
6742,88.75339629965066
6743,88.75432046282091
6744,88.75524462599117
6745,88.75616878916142
6746,88.75681570338058
6747,88.75773986655084
6748,88.75866402972109
6749,88.7591261113062
6750,88.76005027447647
6751,88.76097443764671
6752,88.76189860081696
6753,88.76282276398722
6754,88.76374692715746
6755,88.76448625769365
6756,88.76541042086392
6757,88.76633458403415
6758,88.76725874720441
6759,88.76818291037466
6760,88.7691070735449
6761,88.77003123671516
6762,88.7709553998854
6763,88.77187956305565
6764,88.77261889359185
6765,88.77354305676211
6766,88.77446721993235
6767,88.7753913831026
6768,88.7753913831026
6769,88.77631554627285
6770,88.7772397094431
6771,88.77816387261335
6772,88.77908803578359
6773,88.78001219895386
6774,88.78001219895386
6775,88.7809363621241
6776,88.78186052529435
6777,88.7827846884646
6778,88.78370885163484
6779,88.7846330148051
6780,88.78500268007319
6781,88.78592684324344
6782,88.7868510064137
6783,88.78777516958394
6784,88.78869933275419
6785,88.78962349592445
6786,88.79054765909468
6787,88.79147182226494
6788,88.79239598543519
6789,88.79332014860543
6790,88.79424431177569
6791,88.79516847494594
6792,88.79609263811619
6793,88.79701680128643
6794,88.79794096445669
6795,88.79886512762694
6796,88.79978929079718
6797,88.80071345396743
6798,88.80163761713769
6799,88.80256178030793
6800,88.80348594347818
6801,88.80441010664843
6802,88.80533426981869
6803,88.80625843298893
6804,88.80718259615918
6805,88.80810675932943
6806,88.80903092249967
6807,88.8098626693529
6808,88.81078683252315
6809,88.8117109956934
6810,88.81263515886366
6811,88.8135593220339
6812,88.81448348520415
6813,88.8154076483744
6814,88.81633181154464
6815,88.8172559747149
6816,88.81818013788515
6817,88.81910430105539
6818,88.82002846422564
6819,88.82095262739588
6820,88.82113746002995
6821,88.82206162320018
6822,88.82298578637045
6823,88.82390994954069
6824,88.82483411271093
6825,88.8257582758812
6826,88.82668243905144
6827,88.82760660222169
6828,88.82853076539193
6829,88.82945492856219
6830,88.82954734487922
6831,88.83047150804946
6832,88.83139567121971
6833,88.8317653364878
6834,88.83268949965806
6835,88.8336136628283
6836,88.83453782599857
6837,88.83518474021773
6838,88.83610890338798
6839,88.83703306655823
6840,88.83795722972849
6841,88.83888139289873
6842,88.83980555606898
6843,88.84072971923923
6844,88.84165388240947
6845,88.84257804557973
6846,88.84350220874998
6847,88.84442637192022
6848,88.84535053509047
6849,88.84627469826073
6850,88.84719886143098
6851,88.84812302460122
6852,88.84821544091824
6853,88.8491396040885
6854,88.85006376725875
6855,88.850987930429
6856,88.85191209359925
6857,88.85283625676949
6858,88.85376041993975
6859,88.85468458310999
6860,88.85560874628024
6861,88.8565329094505
6862,88.8572722399867
6863,88.85819640315694
6864,88.85912056632719
6865,88.86004472949745
6866,88.86096889266769
6867,88.86189305583794
6868,88.86281721900818
6869,88.86374138217845
6870,88.86420346376356
6871,88.86512762693381
6872,88.86605179010407
6873,88.8669759532743
6874,88.86790011644456
6875,88.86882427961481
6876,88.86974844278505
6877,88.8706726059553
6878,88.87159676912556
6879,88.8725209322958
6880,88.87344509546605
6881,88.8743692586363
6882,88.87529342180656
6883,88.8762175849768
6884,88.87714174814705
6885,88.87723416446408
6886,88.87815832763432
6887,88.87908249080458
6888,88.88000665397483
6889,88.88093081714507
6890,88.88185498031532
6891,88.88277914348556
6892,88.88370330665583
6893,88.88462746982607
6894,88.88555163299631
6895,88.88555163299631
6896,88.88647579616658
6897,88.88703029406872
6898,88.88795445723898
6899,88.88887862040922
6900,88.88980278357947
6901,88.89072694674972
6902,88.89165110991996
6903,88.89257527309022
6904,88.89349943626047
6905,88.89442359943072
6906,88.89534776260096
6907,88.8962719257712
6908,88.89719608894147
6909,88.89812025211171
6910,88.89904441528196
6911,88.89996857845222
6912,88.90089274162246
6913,88.90181690479271
6914,88.90274106796296
6915,88.90366523113322
6916,88.90458939430346
6917,88.9055135574737
6918,88.90643772064396
6919,88.906622553278
6920,88.90754671644827
6921,88.9084708796185
6922,88.90939504278876
6923,88.910319205959
6924,88.91124336912925
6925,88.9121675322995
6926,88.91309169546975
6927,88.91401585864
6928,88.91494002181025
6929,88.91586418498049
6930,88.91678834815076
6931,88.917712511321
6932,88.91863667449125
6933,88.91956083766149
6934,88.92039258451472
6935,88.92131674768497
6936,88.92224091085522
6937,88.92316507402546
6938,88.92408923719573
6939,88.92501340036597
6940,88.92584514721919
6941,88.92639964512135
6942,88.92732380829159
6943,88.92824797146184
6944,88.9291721346321
6945,88.9291721346321
6946,88.93009629780234
6947,88.93102046097259
6948,88.93194462414283
6949,88.9328687873131
6950,88.93379295048334
6951,88.93471711365358
6952,88.93564127682384
6953,88.93656543999408
6954,88.93748960316434
6955,88.93822893370054
6956,88.93915309687078
6957,88.94007726004102
6958,88.94100142321129
6959,88.94192558638153
6960,88.94284974955178
6961,88.94377391272204
6962,88.94469807589228
6963,88.94562223906253
6964,88.94654640223277
6965,88.94747056540304
6966,88.94839472857328
6967,88.94931889174352
6968,88.95024305491378
6969,88.95116721808402
6970,88.95209138125428
6971,88.95301554442452
6972,88.95393970759477
6973,88.95486387076502
6974,88.95578803393526
6975,88.95671219710553
6976,88.95763636027577
6977,88.95856052344601
6978,88.95948468661626
6979,88.96040884978652
6980,88.96133301295677
6981,88.96225717612701
6982,88.96318133929726
6983,88.96410550246752
6984,88.96502966563776
6985,88.96595382880803
6986,88.96687799197827
6987,88.96780215514852
6988,88.96872631831876
6989,88.96965048148901
6990,88.97057464465927
6991,88.9714988078295
6992,88.97242297099976
6993,88.97334713417001
6994,88.97427129734025
6995,88.9751954605105
6996,88.97611962368076
6997,88.97704378685101
6998,88.97796795002125
6999,88.9788921131915
7000,88.9788921131915
7001,88.97981627636176
7002,88.980740439532
7003,88.98166460270225
7004,88.98175701901928
7005,88.98268118218952
7006,88.98360534535978
7007,88.98452950853003
7008,88.98545367170027
7009,88.98637783487052
7010,88.98730199804076
7011,88.98822616121103
7012,88.98915032438127
7013,88.99007448755152
7014,88.99099865072178
7015,88.99192281389202
7016,88.99284697706227
7017,88.99377114023252
7018,88.99469530340276
7019,88.99561946657302
7020,88.99654362974326
7021,88.99746779291353
7022,88.99839195608376
7023,88.99931611925402
7024,89.00024028242427
7025,89.00116444559451
7026,89.00208860876477
7027,89.003012771935
7028,89.00393693510526
7029,89.00486109827551
7030,89.00578526144575
7031,89.00670942461602
7032,89.00763358778626
7033,89.00855775095651
7034,89.00948191412675
7035,89.010406077297
7036,89.01133024046726
7037,89.0122544036375
7038,89.01317856680777
7039,89.014102729978
7040,89.01502689314825
7041,89.0159510563185
7042,89.01687521948875
7043,89.017799382659
7044,89.01872354582925
7045,89.0196477089995
7046,89.02057187216975
7047,89.02149603534
7048,89.02242019851025
7049,89.0233443616805
7050,89.02426852485075
7051,89.025192688021
7052,89.02611685119125
7053,89.0270410143615
7054,89.02796517753174
7055,89.028889340702
7056,89.02981350387225
7057,89.03073766704249
7058,89.03166183021274
7059,89.03184666284679
7060,89.03277082601704
7061,89.0336949891873
7062,89.03461915235754
7063,89.03545089921077
7064,89.03637506238101
7065,89.03729922555127
7066,89.03822338872152
7067,89.03914755189176
7068,89.04007171506201
7069,89.04099587823227
7070,89.0419200414025
7071,89.04284420457276
7072,89.043768367743
7073,89.04469253091327
7074,89.0456166940835
7075,89.04654085725376
7076,89.04746502042401
7077,89.04838918359425
7078,89.0493133467645
7079,89.05023750993475
7080,89.051161673105
7081,89.05208583627525
7082,89.0530099994455
7083,89.05393416261576
7084,89.054858325786
7085,89.05578248895625
7086,89.05670665212651
7087,89.05763081529675
7088,89.058554978467
7089,89.05947914163724
7090,89.0604033048075
7091,89.06132746797775
7092,89.06225163114799
7093,89.06317579431825
7094,89.0640999574885
7095,89.06502412065875
7096,89.06594828382899
7097,89.06687244699924
7098,89.0677966101695
7099,89.06872077333973
7100,89.06964493651
7101,89.07047668336322
7102,89.07140084653346
7103,89.07223259338669
7104,89.07315675655694
7105,89.07408091972718
7106,89.07500508289743
7107,89.07592924606769
7108,89.07685340923793
7109,89.07777757240818
7110,89.07870173557843
7111,89.07962589874869
7112,89.08055006191893
7113,89.08147422508918
7114,89.08239838825943
7115,89.08332255142967
7116,89.08424671459994
7117,89.08517087777018
7118,89.08609504094042
7119,89.08701920411067
7120,89.08794336728093
7121,89.08886753045118
7122,89.08979169362142
7123,89.09071585679168
7124,89.09164001996193
7125,89.09256418313217
7126,89.0930262647173
7127,89.09395042788755
7128,89.09487459105779
7129,89.09579875422806
7130,89.09579875422806
7131,89.0967229173983
7132,89.09764708056855
7133,89.0985712437388
7134,89.09949540690904
7135,89.1004195700793
7136,89.10134373324954
7137,89.10208306378574
7138,89.10300722695598
7139,89.10393139012625
7140,89.10485555329649
7141,89.10577971646674
7142,89.10670387963698
7143,89.10762804280724
7144,89.10855220597749
7145,89.10947636914773
7146,89.110400532318
7147,89.11132469548824
7148,89.11224885865849
7149,89.11317302182873
7150,89.11409718499898
7151,89.11502134816924
7152,89.11594551133948
7153,89.11686967450973
7154,89.11779383767998
7155,89.11871800085022
7156,89.11964216402049
7157,89.12056632719073
7158,89.12102840877584
7159,89.12195257194611
7160,89.12287673511635
7161,89.1238008982866
7162,89.12472506145686
7163,89.1256492246271
7164,89.12657338779735
7165,89.12749755096759
7166,89.12842171413786
7167,89.1293458773081
7168,89.13027004047834
7169,89.1311942036486
7170,89.13211836681884
7171,89.1330425299891
7172,89.13396669315934
7173,89.13489085632959
7174,89.13581501949984
7175,89.13673918267008
7176,89.13766334584035
7177,89.13858750901059
7178,89.13951167218084
7179,89.1404358353511
7180,89.14135999852134
7181,89.14228416169159
7182,89.14320832486183
7183,89.14413248803208
7184,89.14505665120234
7185,89.14598081437258
7186,89.14690497754285
7187,89.14782914071309
7188,89.14866088756631
7189,89.14958505073656
7190,89.1505092139068
7191,89.15143337707705
7192,89.15235754024731
7193,89.15328170341755
7194,89.15402103395375
7195,89.15494519712401
7196,89.15586936029425
7197,89.1567935234645
7198,89.15771768663475
7199,89.15854943348798
7200,89.15947359665822
7201,89.16039775982848
7202,89.16132192299872
7203,89.16224608616898
7204,89.16317024933922
7205,89.16409441250947
7206,89.16501857567972
7207,89.16594273884996
7208,89.16686690202023
7209,89.16779106519047
7210,89.16834556309261
7211,89.16926972626287
7212,89.17019388943311
7213,89.17111805260338
7214,89.17204221577362
7215,89.17296637894387
7216,89.17389054211412
7217,89.17481470528436
7218,89.17573886845462
7219,89.17666303162486
7220,89.17758719479511
7221,89.17851135796536
7222,89.1794355211356
7223,89.18035968430587
7224,89.18128384747611
7225,89.18220801064636
7226,89.18303975749959
7227,89.18340942276768
7228,89.1842411696209
7229,89.18507291647413
7230,89.18562741437628
7231,89.18645916122951
7232,89.18729090808273
7233,89.18812265493595
7234,89.18895440178918
7235,89.1897861486424
7236,89.19061789549562
7237,89.19144964234886
7238,89.19228138920208
7239,89.1931131360553
7240,89.19394488290853
7241,89.19477662976175
7242,89.19560837661497
7243,89.19644012346821
7244,89.19727187032143
7245,89.19810361717465
7246,89.19893536402788
7247,89.1997671108811
7248,89.20059885773432
7249,89.20143060458756
7250,89.20226235144078
7251,89.203094098294
7252,89.20392584514721
7253,89.20475759200043
7254,89.20558933885367
7255,89.20642108570689
7256,89.20725283256012
7257,89.20808457941334
7258,89.20891632626656
7259,89.20965565680277
7260,89.21048740365599
7261,89.21131915050921
7262,89.21215089736243
7263,89.21298264421567
7264,89.2138143910689
7265,89.21464613792212
7266,89.21547788477534
7267,89.21630963162856
7268,89.21714137848178
7269,89.217973125335
7270,89.21880487218823
7271,89.21963661904145
7272,89.22046836589467
7273,89.2213001127479
7274,89.22213185960113
7275,89.22296360645436
7276,89.22370293699056
7277,89.22453468384379
7278,89.22536643069701
7279,89.22619817755023
7280,89.22702992440345
7281,89.22767683862263
7282,89.22850858547585
7283,89.22934033232907
7284,89.2301720791823
7285,89.23100382603553
7286,89.2316507402547
7287,89.23248248710792
7288,89.23257490342495
7289,89.23303698501007
7290,89.2338687318633
7291,89.23470047871652
7292,89.23553222556974
7293,89.23636397242298
7294,89.2371957192762
7295,89.23802746612942
7296,89.23885921298265
7297,89.23969095983587
7298,89.24052270668909
7299,89.24135445354231
7300,89.24218620039555
7301,89.24301794724877
7302,89.243849694102
7303,89.24468144095522
7304,89.24551318780843
7305,89.24634493466166
7306,89.24717668151489
7307,89.24800842836811
7308,89.24800842836811
7309,89.24884017522133
7310,89.24967192207455
7311,89.25050366892778
7312,89.25133541578101
7313,89.25216716263424
7314,89.25299890948746
7315,89.25383065634068
7316,89.2546624031939
7317,89.25549415004713
7318,89.25632589690036
7319,89.25715764375359
7320,89.25798939060681
7321,89.25882113746003
7322,89.25965288431325
7323,89.26048463116648
7324,89.2613163780197
7325,89.26214812487294
7326,89.26297987172616
7327,89.26381161857938
7328,89.2646433654326
7329,89.26547511228583
7330,89.26630685913905
7331,89.26713860599227
7332,89.2679703528455
7333,89.26880209969872
7334,89.26963384655194
7335,89.27037317708815
7336,89.27120492394137
7337,89.27203667079459
7338,89.27286841764783
7339,89.27370016450105
7340,89.27453191135427
7341,89.2753636582075
7342,89.27619540506072
7343,89.27702715191394
7344,89.27785889876716
7345,89.2786906456204
7346,89.27896789457147
7347,89.27979964142469
7348,89.28063138827791
7349,89.28146313513113
7350,89.28220246566734
7351,89.28303421252056
7352,89.28386595937378
7353,89.284697706227
7354,89.28534462044618
7355,89.2861763672994
7356,89.28700811415263
7357,89.28783986100586
7358,89.28867160785909
7359,89.28950335471231
7360,89.29024268524851
7361,89.29079718315066
7362,89.29153651368685
7363,89.29236826054007
7364,89.29320000739331
7365,89.29403175424653
7366,89.29486350109975
7367,89.29569524795298
7368,89.2965269948062
7369,89.29735874165942
7370,89.29819048851265
7371,89.29902223536588
7372,89.2998539822191
7373,89.30050089643828
7374,89.3013326432915
7375,89.30216439014472
7376,89.30299613699795
7377,89.30382788385117
7378,89.30465963070439
7379,89.30549137755762
7380,89.30632312441085
7381,89.30669278967895
7382,89.30752453653217
7383,89.3083562833854
7384,89.30918803023862
7385,89.31001977709184
7386,89.31085152394506
7387,89.3116832707983
7388,89.31242260133449
7389,89.31325434818773
7390,89.31408609504095
7391,89.31464059294309
7392,89.31547233979632
7393,89.31547233979632
7394,89.31630408664954
7395,89.31713583350276
7396,89.31796758035598
7397,89.3187993272092
7398,89.31963107406243
7399,89.32046282091565
7400,89.32129456776889
7401,89.32212631462211
7402,89.32295806147533
7403,89.32378980832856
7404,89.32462155518178
7405,89.325453302035
7406,89.3261926325712
7407,89.32702437942443
7408,89.32785612627767
7409,89.32868787313089
7410,89.3295196199841
7411,89.33035136683732
7412,89.33118311369054
7413,89.33201486054378
7414,89.332846607397
7415,89.33367835425022
7416,89.33451010110345
7417,89.33534184795667
7418,89.33617359480989
7419,89.33700534166313
7420,89.33783708851635
7421,89.33866883536957
7422,89.3395005822228
7423,89.34033232907602
7424,89.34116407592924
7425,89.34199582278247
7426,89.3428275696357
7427,89.34365931648892
7428,89.34384414912296
7429,89.3446758959762
7430,89.34550764282942
7431,89.34633938968264
7432,89.34717113653586
7433,89.34800288338909
7434,89.34883463024231
7435,89.34966637709553
7436,89.35049812394877
7437,89.35132987080199
7438,89.35216161765521
7439,89.35299336450844
7440,89.35382511136166
7441,89.35465685821488
7442,89.35548860506812
7443,89.35632035192134
7444,89.35705968245753
7445,89.35789142931075
7446,89.35872317616398
7447,89.3595549230172
7448,89.36038666987042
7449,89.36121841672366
7450,89.36205016357688
7451,89.3628819104301
7452,89.36371365728333
7453,89.36454540413655
7454,89.36537715098977
7455,89.36620889784301
7456,89.36704064469623
7457,89.36787239154945
7458,89.36870413840268
7459,89.3695358852559
7460,89.37036763210912
7461,89.37119937896234
7462,89.37203112581558
7463,89.3728628726688
7464,89.37369461952203
7465,89.37452636637525
7466,89.37535811322847
7467,89.3761898600817
7468,89.37702160693493
7469,89.37785335378815
7470,89.37868510064136
7471,89.37951684749459
7472,89.38034859434781
7473,89.38118034120104
7474,89.38201208805427
7475,89.38284383490749
7476,89.38367558176071
7477,89.38450732861394
7478,89.38533907546716
7479,89.3861708223204
7480,89.38700256917362
7481,89.38783431602684
7482,89.38866606288006
7483,89.38949780973329
7484,89.39032955658651
7485,89.39116130343973
7486,89.39199305029297
7487,89.39282479714619
7488,89.39365654399941
7489,89.39448829085264
7490,89.39504278875478
7491,89.39587453560802
7492,89.39670628246124
7493,89.39689111509527
7494,89.39772286194851
7495,89.3984621924847
7496,89.39929393933794
7497,89.40012568619116
7498,89.40095743304438
7499,89.4017891798976
7500,89.40262092675083
7501,89.40345267360405
7502,89.40428442045729
7503,89.40511616731051
7504,89.40594791416372
7505,89.40677966101694
7506,89.40761140787016
7507,89.4084431547234
7508,89.40927490157662
7509,89.41010664842985
7510,89.41093839528307
7511,89.4114004768682
7512,89.41223222372142
7513,89.41306397057464
7514,89.41389571742788
7515,89.4147274642811
7516,89.41555921113432
7517,89.41639095798755
7518,89.41722270484077
7519,89.41805445169399
7520,89.41888619854723
7521,89.41971794540045
7522,89.42054969225366
7523,89.42054969225366
7524,89.42119660647285
7525,89.42165868805796
7526,89.42249043491118
7527,89.4233221817644
7528,89.42415392861763
7529,89.42498567547086
7530,89.42581742232409
7531,89.42664916917731
7532,89.42738849971352
7533,89.42822024656674
7534,89.42905199341996
7535,89.42988374027318
7536,89.4307154871264
7537,89.43154723397964
7538,89.43154723397964
7539,89.43237898083287
7540,89.43321072768609
7541,89.4340424745393
7542,89.43487422139252
7543,89.43570596824574
7544,89.43653771509898
7545,89.4373694619522
7546,89.43820120880542
7547,89.43903295565865
7548,89.43986470251187
7549,89.44069644936509
7550,89.44152819621833
7551,89.44226752675452
7552,89.44309927360776
7553,89.44393102046098
7554,89.4447627673142
7555,89.44559451416742
7556,89.44642626102065
7557,89.44725800787387
7558,89.44808975472709
7559,89.44892150158032
7560,89.44966083211652
7561,89.45049257896974
7562,89.45132432582297
7563,89.45215607267619
7564,89.45298781952941
7565,89.45381956638265
7566,89.45465131323587
7567,89.4554830600891
7568,89.45631480694232
7569,89.45714655379554
7570,89.45797830064876
7571,89.45881004750198
7572,89.45964179435522
7573,89.46047354120844
7574,89.46130528806167
7575,89.46213703491487
7576,89.4629687817681
7577,89.46380052862133
7578,89.46463227547456
7579,89.46546402232778
7580,89.466295769181
7581,89.46712751603422
7582,89.46795926288745
7583,89.46879100974068
7584,89.4696227565939
7585,89.47045450344713
7586,89.47128625030035
7587,89.47211799715357
7588,89.47248766242167
7589,89.4733194092749
7590,89.47415115612813
7591,89.47498290298135
7592,89.47581464983458
7593,89.4766463966878
7594,89.47747814354102
7595,89.47830989039424
7596,89.47914163724747
7597,89.4799733841007
7598,89.48080513095393
7599,89.4814520451731
7600,89.48228379202632
7601,89.48311553887955
7602,89.48394728573277
7603,89.48477903258599
7604,89.48561077943921
7605,89.48561077943921
7606,89.48644252629244
7607,89.48727427314567
7608,89.4881060199989
7609,89.48893776685212
7610,89.48976951370534
7611,89.49060126055856
7612,89.49143300741179
7613,89.49226475426502
7614,89.49309650111825
7615,89.49392824797147
7616,89.49475999482469
7617,89.49559174167791
7618,89.49642348853114
7619,89.49725523538436
7620,89.49790214960353
7621,89.49873389645676
7622,89.49956564330999
7623,89.50039739016322
7624,89.50122913701644
7625,89.50206088386966
7626,89.50289263072288
7627,89.5037243775761
7628,89.50455612442933
7629,89.50538787128255
7630,89.50621961813577
7631,89.507051364989
7632,89.50788311184222
7633,89.50871485869544
7634,89.50954660554868
7635,89.5103783524019
7636,89.51121009925512
7637,89.51204184610835
7638,89.51287359296157
7639,89.51370533981479
7640,89.51453708666803
7641,89.51536883352125
7642,89.51620058037447
7643,89.5170323272277
7644,89.51786407408092
7645,89.51869582093414
7646,89.51952756778738
7647,89.5203593146406
7648,89.52119106149382
7649,89.52202280834705
7650,89.52285455520027
7651,89.52368630205349
7652,89.52451804890671
7653,89.52507254680886
7654,89.52590429366208
7655,89.5267360405153
7656,89.52756778736854
7657,89.52839953422176
7658,89.52923128107498
7659,89.53006302792821
7660,89.53089477478143
7661,89.53172652163465
7662,89.53255826848789
7663,89.53339001534111
7664,89.53422176219433
7665,89.53505350904756
7666,89.53588525590078
7667,89.536717002754
7668,89.53754874960723
7669,89.53838049646046
7670,89.53921224331368
7671,89.54004399016691
7672,89.54087573702013
7673,89.54143023492229
7674,89.54226198177551
7675,89.54309372862873
7676,89.54392547548196
7677,89.54392547548196
7678,89.54475722233518
7679,89.5455889691884
7680,89.54642071604162
7681,89.54725246289485
7682,89.54734487921188
7683,89.5481766260651
7684,89.54900837291832
7685,89.54984011977155
7686,89.55067186662478
7687,89.551503613478
7688,89.55233536033123
7689,89.55316710718444
7690,89.55399885403766
7691,89.5548306008909
7692,89.55566234774412
7693,89.55649409459734
7694,89.55732584145056
7695,89.55815758830379
7696,89.55898933515701
7697,89.55982108201025
7698,89.56065282886347
7699,89.56139215939967
7700,89.5622239062529
7701,89.56305565310612
7702,89.56388739995934
7703,89.56471914681256
7704,89.56555089366579
7705,89.56638264051901
7706,89.5671219710552
7707,89.56795371790844
7708,89.56878546476166
7709,89.56961721161488
7710,89.5704489584681
7711,89.57128070532133
7712,89.57211245217455
7713,89.57294419902779
7714,89.57377594588101
7715,89.57460769273423
7716,89.57543943958746
7717,89.57627118644068
7718,89.5771029332939
7719,89.57793468014714
7720,89.57876642700036
7721,89.57959817385358
7722,89.58042992070679
7723,89.58126166756001
7724,89.58209341441325
7725,89.58292516126647
7726,89.5837569081197
7727,89.58440382233887
7728,89.58523556919211
7729,89.58606731604533
7730,89.58689906289855
7731,89.58773080975176
7732,89.58856255660498
7733,89.58856255660498
7734,89.58939430345822
7735,89.59022605031144
7736,89.59105779716467
7737,89.59142746243278
7738,89.592259209286
7739,89.59309095613922
7740,89.59392270299244
7741,89.59475444984565
7742,89.59540136406484
7743,89.59623311091806
7744,89.59706485777129
7745,89.59789660462451
7746,89.59854351884368
7747,89.5993752656969
7748,89.60020701255014
7749,89.60103875940337
7750,89.60187050625659
7751,89.60270225310981
7752,89.60353399996303
7753,89.60436574681626
7754,89.6051974936695
7755,89.60602924052272
7756,89.60686098737594
7757,89.60769273422916
7758,89.60852448108237
7759,89.60935622793559
7760,89.61018797478883
7761,89.61101972164205
7762,89.61185146849527
7763,89.61240596639742
7764,89.61323771325065
7765,89.61406946010388
7766,89.6149012069571
7767,89.61573295381032
7768,89.61656470066355
7769,89.61739644751677
7770,89.61822819437
7771,89.61905994122323
7772,89.61989168807645
7773,89.62072343492967
7774,89.6215551817829
7775,89.62238692863612
7776,89.62321867548934
7777,89.62405042234258
7778,89.62478975287877
7779,89.62562149973199
7780,89.6263608302682
7781,89.62719257712142
7782,89.62802432397464
7783,89.62885607082787
7784,89.62959540136406
7785,89.63042714821728
7786,89.63125889507052
7787,89.63209064192374
7788,89.63292238877696
7789,89.63375413563018
7790,89.6345858824834
7791,89.63541762933663
7792,89.63624937618985
7793,89.63708112304309
7794,89.63791286989631
7795,89.63828253516441
7796,89.63911428201763
7797,89.63994602887085
7798,89.64077777572408
7799,89.6416095225773
7800,89.64244126943053
7801,89.64327301628376
7802,89.64410476313698
7803,89.6449365099902
7804,89.64576825684343
7805,89.6460455057945
7806,89.64687725264773
7807,89.64770899950095
7808,89.64844833003716
7809,89.64928007689038
7810,89.6501118237436
7811,89.65094357059682
7812,89.65177531745005
7813,89.65223739903517
7814,89.6530691458884
7815,89.6538084764246
7816,89.65464022327782
7817,89.65547197013105
7818,89.65630371698427
7819,89.6571354638375
7820,89.65796721069071
7821,89.65879895754394
7822,89.65879895754394
7823,89.65963070439716
7824,89.6604624512504
7825,89.66129419810362
7826,89.66212594495684
7827,89.66295769181006
7828,89.66378943866329
7829,89.66462118551651
7830,89.66545293236973
7831,89.66628467922297
7832,89.66711642607619
7833,89.66794817292941
7834,89.66877991978264
7835,89.66961166663586
7836,89.67044341348908
7837,89.67127516034232
7838,89.67210690719554
7839,89.67293865404876
7840,89.67330831931686
7841,89.67414006617008
7842,89.6749718130233
7843,89.67580355987653
7844,89.67663530672976
7845,89.67746705358299
7846,89.67829880043621
7847,89.67913054728943
7848,89.67996229414265
7849,89.68060920836183
7850,89.681256122581
7851,89.68208786943423
7852,89.68291961628745
7853,89.68375136314067
7854,89.68430586104283
7855,89.68513760789605
7856,89.68596935474928
7857,89.6868011016025
7858,89.68763284845572
7859,89.68846459530894
7860,89.68929634216217
7861,89.6901280890154
7862,89.69095983586863
7863,89.69179158272185
7864,89.69262332957507
7865,89.6934550764283
7866,89.69428682328152
7867,89.69465648854961
7868,89.69548823540285
7869,89.69631998225607
7870,89.6971517291093
7871,89.69798347596252
7872,89.69881522281574
7873,89.69964696966896
7874,89.7004787165222
7875,89.70131046337542
7876,89.70214221022864
7877,89.70297395708187
7878,89.70362087130104
7879,89.70445261815426
7880,89.70528436500749
7881,89.70611611186071
7882,89.70694785871393
7883,89.70777960556717
7884,89.70861135242039
7885,89.70935068295658
7886,89.7101824298098
7887,89.71101417666303
7888,89.71184592351625
7889,89.71249283773544
7890,89.71323216827163
7891,89.71406391512485
7892,89.71489566197808
7893,89.7157274088313
7894,89.71655915568452
7895,89.71739090253776
7896,89.71822264939098
7897,89.7190543962442
7898,89.71988614309743
7899,89.72062547363362
7900,89.7212723878528
7901,89.72210413470603
7902,89.7227510489252
7903,89.72358279577843
7904,89.72441454263165
7905,89.72524628948487
7906,89.7260780363381
7907,89.72690978319132
7908,89.72774153004454
7909,89.72857327689778
7910,89.72885052584884
7911,89.72968227270208
7912,89.7305140195553
7913,89.73134576640852
7914,89.73217751326175
7915,89.73300926011497
7916,89.73384100696819
7917,89.73467275382141
7918,89.73541208435762
7919,89.73624383121084
7920,89.73698316174705
7921,89.73781490860027
7922,89.7386466554535
7923,89.73947840230672
7924,89.74031014915994
7925,89.74114189601316
7926,89.74197364286638
7927,89.7428053897196
7928,89.74363713657283
7929,89.74446888342605
7930,89.74530063027927
7931,89.7461323771325
7932,89.74696412398573
7933,89.74779587083896
7934,89.74862761769218
7935,89.7494593645454
7936,89.75029111139862
7937,89.75112285825185
7938,89.75195460510508
7939,89.7527863519583
7940,89.75361809881153
7941,89.75444984566475
7942,89.75528159251797
7943,89.7561133393712
7944,89.75694508622442
7945,89.7575920004436
7946,89.7583313309798
7947,89.75907066151599
7948,89.75971757573518
7949,89.76045690627137
7950,89.76119623680758
7951,89.76193556734377
7952,89.76267489787998
7953,89.76341422841617
7954,89.76415355895236
7955,89.76489288948856
7956,89.76563222002477
7957,89.76637155056096
7958,89.76711088109717
7959,89.76711088109717
7960,89.76785021163337
7961,89.76858954216956
7962,89.76932887270577
7963,89.77006820324196
7964,89.77080753377817
7965,89.77154686431436
7966,89.77154686431436
7967,89.77228619485057
7968,89.77302552538676
7969,89.77376485592296
7970,89.77450418645915
7971,89.77524351699536
7972,89.77598284753155
7973,89.77672217806776
7974,89.77746150860396
7975,89.77820083914015
7976,89.77894016967636
7977,89.77967950021257
7978,89.78041883074876
7979,89.78115816128496
7980,89.78189749182116
7981,89.78254440604033
7982,89.78328373657652
7983,89.78402306711273
7984,89.78476239764893
7985,89.78550172818512
7986,89.78624105872133
7987,89.78698038925754
7988,89.78771971979373
7989,89.78827421769587
7990,89.78901354823208
7991,89.78975287876828
7992,89.79030737667043
7993,89.79104670720662
7994,89.7916936214258
7995,89.792432951962
7996,89.7931722824982
7997,89.79372678040035
7998,89.79372678040035
7999,89.79446611093654
8000,89.79520544147275
8001,89.79594477200895
8002,89.79668410254514
8003,89.79742343308135
8004,89.79816276361754
8005,89.79890209415375
8006,89.79964142468995
8007,89.80038075522614
8008,89.80112008576235
8009,89.80185941629854
8010,89.80222908156664
8011,89.80296841210284
8012,89.80324566105392
8013,89.80398499159011
8014,89.80463190580929
8015,89.80527882002846
8016,89.80601815056465
8017,89.80675748110086
8018,89.80749681163707
8019,89.80795889322218
8020,89.80869822375838
8021,89.80943755429459
8022,89.81017688483078
8023,89.81091621536699
8024,89.81165554590318
8025,89.81239487643938
8026,89.81313420697559
8027,89.81378112119475
8028,89.81452045173096
8029,89.81525978226715
8030,89.81599911280335
8031,89.81673844333956
8032,89.81747777387575
8033,89.81821710441196
8034,89.81895643494815
8035,89.81969576548435
8036,89.82043509602056
8037,89.82117442655675
8038,89.82191375709296
8039,89.82265308762916
8040,89.82339241816535
8041,89.82413174870155
8042,89.82487107923774
8043,89.8254255771399
8044,89.8261649076761
8045,89.82690423821231
8046,89.8276435687485
8047,89.82838289928469
8048,89.82838289928469
8049,89.82902981350387
8050,89.82976914404007
8051,89.83050847457628
8052,89.83124780511247
8053,89.83198713564867
8054,89.83272646618487
8055,89.83346579672107
8056,89.83420512725728
8057,89.83494445779347
8058,89.83568378832967
8059,89.83642311886587
8060,89.83716244940206
8061,89.83790177993826
8062,89.83864111047447
8063,89.83938044101066
8064,89.84011977154687
8065,89.84085910208306
8066,89.84159843261926
8067,89.84233776315547
8068,89.84307709369166
8069,89.84372400791084
8070,89.844278505813
8071,89.84501783634919
8072,89.84575716688539
8073,89.84649649742158
8074,89.84723582795779
8075,89.84797515849398
8076,89.84871448903019
8077,89.84945381956638
8078,89.85019315010258
8079,89.85093248063878
8080,89.85167181117498
8081,89.85241114171119
8082,89.85259597434523
8083,89.85333530488143
8084,89.85407463541762
8085,89.85462913331978
8086,89.85536846385598
8087,89.85610779439219
8088,89.8565698759773
8089,89.8573092065135
8090,89.85804853704971
8091,89.8587878675859
8092,89.85952719812211
8093,89.8602665286583
8094,89.86100585919449
8095,89.8617451897307
8096,89.86248452026689
8097,89.86303901816905
8098,89.86377834870525
8099,89.86451767924144
8100,89.86525700977765
8101,89.86599634031384
8102,89.86673567085003
8103,89.86747500138624
8104,89.86821433192245
8105,89.86895366245864
8106,89.86969299299484
8107,89.87043232353105
8108,89.87117165406724
8109,89.87191098460345
8110,89.87265031513965
8111,89.87338964567584
8112,89.87412897621205
8113,89.87440622516311
8114,89.8751455556993
8115,89.87588488623551
8116,89.87662421677172
8117,89.87736354730791
8118,89.87810287784411
8119,89.87884220838032
8120,89.8794891225995
8121,89.88022845313569
8122,89.88096778367188
8123,89.88170711420808
8124,89.88244644474428
8125,89.88318577528048
8126,89.88392510581669
8127,89.88466443635288
8128,89.88540376688908
8129,89.88614309742529
8130,89.88688242796148
8131,89.88762175849769
8132,89.88836108903388
8133,89.88910041957008
8134,89.88983975010628
8135,89.89057908064247
8136,89.89131841117867
8137,89.89205774171488
8138,89.89279707225107
8139,89.89353640278728
8140,89.89427573332348
8141,89.89501506385967
8142,89.89575439439588
8143,89.89649372493207
8144,89.89723305546828
8145,89.89797238600448
8146,89.89871171654067
8147,89.89945104707687
8148,89.90019037761307
8149,89.90092970814926
8150,89.90166903868547
8151,89.90240836922166
8152,89.90314769975787
8153,89.90388703029407
8154,89.90462636083026
8155,89.90527327504945
8156,89.90601260558564
8157,89.90675193612184
8158,89.90749126665804
8159,89.90823059719423
8160,89.90896992773044
8161,89.9095244256326
8162,89.91026375616879
8163,89.911003086705
8164,89.91174241724119
8165,89.91248174777738
8166,89.91322107831358
8167,89.91386799253276
8168,89.91460732306896
8169,89.91534665360517
8170,89.91608598414136
8171,89.91682531467757
8172,89.91756464521376
8173,89.91793431048187
8174,89.91867364101806
8175,89.91941297155425
8176,89.92015230209046
8177,89.92089163262665
8178,89.92163096316285
8179,89.92237029369906
8180,89.92310962423525
8181,89.92375653845443
8182,89.92449586899063
8183,89.92523519952684
8184,89.92597453006303
8185,89.92671386059922
8186,89.92745319113543
8187,89.92819252167162
8188,89.92893185220782
8189,89.92967118274402
8190,89.93041051328022
8191,89.93114984381643
8192,89.93188917435262
8193,89.93262850488883
8194,89.93336783542503
8195,89.93392233332717
8196,89.93466166386337
8197,89.93540099439957
8198,89.93614032493578
8199,89.93687965547197
8200,89.93761898600818
8201,89.93761898600818
8202,89.93835831654437
8203,89.93909764708057
8204,89.93919006339759
8205,89.9399293939338
8206,89.94066872447
8207,89.94140805500619
8208,89.9421473855424
8209,89.94288671607859
8210,89.94362604661478
8211,89.94436537715099
8212,89.94510470768718
8213,89.94584403822338
8214,89.94658336875959
8215,89.94732269929578
8216,89.94806202983199
8217,89.9488013603682
8218,89.94954069090439
8219,89.95028002144059
8220,89.95101935197678
8221,89.95166626619596
8222,89.95240559673215
8223,89.95286767831729
8224,89.95360700885348
8225,89.95434633938967
8226,89.95508566992588
8227,89.95582500046208
8228,89.95656433099828
8229,89.95730366153448
8230,89.95795057575366
8231,89.95868990628986
8232,89.95942923682605
8233,89.96016856736226
8234,89.96090789789845
8235,89.96164722843464
8236,89.96238655897085
8237,89.96312588950705
8238,89.96386522004325
8239,89.96460455057945
8240,89.96534388111564
8241,89.96608321165185
8242,89.96608321165185
8243,89.96682254218805
8244,89.96756187272425
8245,89.96830120326045
8246,89.96904053379666
8247,89.96904053379666
8248,89.96977986433285
8249,89.97051919486904
8250,89.97125852540525
8251,89.97199785594144
8252,89.97273718647764
8253,89.97347651701384
8254,89.97421584755004
8255,89.97495517808625
8256,89.97569450862244
8257,89.97643383915864
8258,89.97717316969485
8259,89.97791250023104
8260,89.97865183076725
8261,89.97939116130344
8262,89.98013049183965
8263,89.98086982237584
8264,89.981424320278
8265,89.98216365081419
8266,89.98290298135039
8267,89.9836423118866
8268,89.9836423118866
8269,89.98438164242279
8270,89.98502855664196
8271,89.98576788717816
8272,89.98641480139733
8273,89.98715413193354
8274,89.98789346246974
8275,89.98863279300593
8276,89.98937212354214
8277,89.99011145407833
8278,89.99085078461452
8279,89.99159011515073
8280,89.99232944568692
8281,89.99306877622313
8282,89.99380810675933
8283,89.99454743729552
8284,89.99528676783173
8285,89.99602609836793
8286,89.99676542890413
8287,89.99713509417224
8288,89.99787442470843
8289,89.99861375524463
8290,89.99935308578083
8291,90.00009241631702
8292,90.00083174685322
8293,90.00157107738941
8294,90.00231040792562
8295,90.00304973846183
8296,90.00378906899802
8297,90.00452839953422
8298,90.00526773007043
8299,90.00600706060662
8300,90.00674639114283
8301,90.00748572167902
8302,90.00822505221522
8303,90.00896438275142
8304,90.00970371328762
8305,90.01044304382381
8306,90.01118237436002
8307,90.01192170489621
8308,90.01266103543242
8309,90.01340036596861
8310,90.01413969650481
8311,90.01487902704102
8312,90.01497144335804
8313,90.01571077389424
8314,90.01645010443043
8315,90.01718943496664
8316,90.01774393286878
8317,90.01774393286878
8318,90.01839084708796
8319,90.01913017762416
8320,90.01986950816037
8321,90.02060883869656
8322,90.02134816923277
8323,90.02208749976896
8324,90.02282683030516
8325,90.02356616084136
8326,90.02430549137756
8327,90.02504482191375
8328,90.02578415244996
8329,90.02652348298615
8330,90.02726281352236
8331,90.02790972774153
8332,90.02864905827774
8333,90.02938838881393
8334,90.03012771935013
8335,90.03086704988633
8336,90.03160638042253
8337,90.03234571095872
8338,90.03308504149493
8339,90.03382437203112
8340,90.03456370256733
8341,90.03530303310352
8342,90.03604236363972
8343,90.03678169417593
8344,90.03752102471212
8345,90.03826035524833
8346,90.03899968578453
8347,90.03973901632072
8348,90.04047834685693
8349,90.04121767739312
8350,90.04195700792931
8351,90.04269633846552
8352,90.04343566900171
8353,90.04417499953792
8354,90.04491433007412
8355,90.04565366061031
8356,90.04639299114652
8357,90.04713232168272
8358,90.04787165221892
8359,90.04861098275512
8360,90.04935031329131
8361,90.05008964382752
8362,90.05082897436371
8363,90.05156830489992
8364,90.05230763543611
8365,90.05304696597231
8366,90.0537862965085
8367,90.05452562704471
8368,90.0552649575809
8369,90.05600428811711
8370,90.05674361865331
8371,90.0574829491895
8372,90.05822227972571
8373,90.05896161026192
8374,90.05970094079811
8375,90.0604402713343
8376,90.0611796018705
8377,90.0619189324067
8378,90.06247343030886
8379,90.06321276084506
8380,90.06395209138125
8381,90.06469142191746
8382,90.06543075245365
8383,90.06607766667283
8384,90.0663549156239
8385,90.06709424616011
8386,90.0678335766963
8387,90.06857290723251
8388,90.06921982145167
8389,90.06995915198787
8390,90.07069848252407
8391,90.07143781306027
8392,90.07217714359648
8393,90.07273164149862
8394,90.07347097203481
8395,90.07421030257102
8396,90.07494963310722
8397,90.07568896364342
8398,90.07642829417962
8399,90.07716762471581
8400,90.07762970630094
8401,90.07836903683715
8402,90.07910836737334
8403,90.07957044895846
8404,90.08030977949467
8405,90.08104911003086
8406,90.08178844056707
8407,90.08252777110327
8408,90.08326710163946
8409,90.08400643217567
8410,90.08474576271186
8411,90.08548509324807
8412,90.08622442378427
8413,90.08696375432046
8414,90.08770308485666
8415,90.08844241539286
8416,90.08918174592905
8417,90.08992107646526
8418,90.09066040700145
8419,90.09139973753766
8420,90.09158457017172
8421,90.09232390070791
8422,90.0930632312441
8423,90.09380256178031
8424,90.0945418923165
8425,90.0952812228527
8426,90.09602055338891
8427,90.0967598839251
8428,90.09749921446131
8429,90.0982385449975
8430,90.0989778755337
8431,90.09971720606991
8432,90.1004565366061
8433,90.10119586714231
8434,90.1019351976785
8435,90.10267452821469
8436,90.1034138587509
8437,90.10406077297007
8438,90.10480010350628
8439,90.10553943404247
8440,90.10627876457868
8441,90.10701809511488
8442,90.10775742565107
8443,90.10849675618728
8444,90.10923608672347
8445,90.10997541725968
8446,90.11071474779587
8447,90.11145407833206
8448,90.11219340886827
8449,90.11293273940447
8450,90.11367206994066
8451,90.11441140047687
8452,90.11515073101307
8453,90.11570522891522
8454,90.11644455945141
8455,90.11718388998761
8456,90.11792322052382
8457,90.11866255106001
8458,90.11930946527919
8459,90.12004879581539
8460,90.1207881263516
8461,90.12152745688779
8462,90.12226678742398
8463,90.12300611796019
8464,90.12374544849638
8465,90.12448477903258
8466,90.12522410956878
8467,90.12596344010498
8468,90.12670277064119
8469,90.12744210117738
8470,90.12818143171359
8471,90.12892076224979
8472,90.12966009278598
8473,90.13039942332219
8474,90.13113875385838
8475,90.13187808439457
8476,90.13261741493078
8477,90.13335674546697
8478,90.13409607600317
8479,90.13483540653938
8480,90.13557473707557
8481,90.13631406761178
8482,90.13705339814798
8483,90.13770031236716
8484,90.13843964290335
8485,90.13917897343956
8486,90.13982588765872
8487,90.14056521819492
8488,90.14130454873113
8489,90.14204387926732
8490,90.14269079348651
8491,90.1434301240227
8492,90.14416945455889
8493,90.14435428719295
8494,90.14509361772915
8495,90.14583294826535
8496,90.14657227880154
8497,90.14721919302072
8498,90.14795852355691
8499,90.14795852355691
8500,90.14869785409311
8501,90.14943718462932
8502,90.15017651516551
8503,90.15091584570172
8504,90.15165517623792
8505,90.15239450677412
8506,90.15313383731032
8507,90.15387316784651
8508,90.15461249838272
8509,90.15535182891892
8510,90.15609115945512
8511,90.15683048999131
8512,90.15756982052751
8513,90.1583091510637
8514,90.1589560652829
8515,90.15969539581909
8516,90.16043472635529
8517,90.16108164057445
8518,90.16182097111066
8519,90.16209822006174
8520,90.16283755059793
8521,90.16357688113413
8522,90.16431621167034
8523,90.16505554220653
8524,90.16579487274274
8525,90.16597970537678
8526,90.16671903591298
8527,90.16745836644918
8528,90.16819769698537
8529,90.16893702752158
8530,90.16967635805779
8531,90.16986119069182
8532,90.17060052122802
8533,90.17133985176423
8534,90.17207918230042
8535,90.17281851283663
8536,90.17355784337283
8537,90.17429717390903
8538,90.17503650444523
8539,90.17577583498142
8540,90.17651516551763
8541,90.17706966341977
8542,90.17780899395598
8543,90.17845590817515
8544,90.17910282239431
8545,90.17984215293052
8546,90.18058148346672
8547,90.18132081400292
8548,90.18206014453912
8549,90.18279947507531
8550,90.18335397297747
8551,90.18409330351366
8552,90.18483263404987
8553,90.18557196458606
8554,90.18631129512227
8555,90.18705062565847
8556,90.18778995619466
8557,90.18852928673087
8558,90.18926861726706
8559,90.19000794780327
8560,90.19074727833947
8561,90.19148660887566
8562,90.19213352309484
8563,90.19287285363103
8564,90.19342735153319
8565,90.1941666820694
8566,90.19490601260559
8567,90.19564534314178
8568,90.19638467367798
8569,90.19712400421417
8570,90.19786333475038
8571,90.19860266528659
8572,90.19897233055468
8573,90.19915716318874
8574,90.19961924477386
8575,90.20035857531006
8576,90.20109790584627
8577,90.20183723638246
8578,90.20192965269948
8579,90.20192965269948
8580,90.20266898323568
8581,90.20340831377189
8582,90.20414764430808
8583,90.20488697484427
8584,90.20562630538048
8585,90.20636563591667
8586,90.20710496645287
8587,90.20784429698908
8588,90.20830637857419
8589,90.2090457091104
8590,90.20978503964659
8591,90.2105243701828
8592,90.211263700719
8593,90.2120030312552
8594,90.2127423617914
8595,90.2134816923276
8596,90.2142210228638
8597,90.2149603534
8598,90.21569968393621
8599,90.2164390144724
8600,90.21717834500859
8601,90.21791767554478
8602,90.21865700608099
8603,90.21902667134908
8604,90.21976600188529
8605,90.2205053324215
8606,90.22124466295769
8607,90.2219839934939
8608,90.22253849139604
8609,90.22327782193223
8610,90.22401715246843
8611,90.22475648300464
8612,90.22549581354083
8613,90.22623514407704
8614,90.22697447461324
8615,90.22771380514943
8616,90.22845313568564
8617,90.22882280095374
8618,90.22956213148994
8619,90.23030146202613
8620,90.23104079256234
8621,90.2316877067815
8622,90.2324270373177
8623,90.23316636785391
8624,90.2339056983901
8625,90.23464502892631
8626,90.23538435946251
8627,90.2361236899987
8628,90.23686302053491
8629,90.2376023510711
8630,90.23834168160731
8631,90.2390810121435
8632,90.2398203426797
8633,90.2405596732159
8634,90.2412990037521
8635,90.2420383342883
8636,90.2427776648245
8637,90.24351699536071
8638,90.2442563258969
8639,90.2449956564331
8640,90.2457349869693
8641,90.2464743175055
8642,90.2464743175055
8643,90.2464743175055
8644,90.24721364804171
8645,90.2479529785779
8646,90.24869230911409
8647,90.2494316396503
8648,90.24970888860138
8649,90.25035580282055
8650,90.25109513335674
8651,90.25183446389295
8652,90.25257379442915
8653,90.25331312496535
8654,90.25405245550154
8655,90.25451453708668
8656,90.25525386762287
8657,90.25599319815908
8658,90.25673252869527
8659,90.25747185923146
8660,90.25802635713362
8661,90.25876568766982
8662,90.25950501820601
8663,90.26024434874222
8664,90.26098367927841
8665,90.26144576086354
8666,90.26218509139974
8667,90.26292442193594
8668,90.26366375247214
8669,90.26440308300833
8670,90.26514241354452
8671,90.26569691144668
8672,90.26643624198289
8673,90.2671755725191
8674,90.26791490305528
8675,90.26865423359148
8676,90.26939356412768
8677,90.27013289466387
8678,90.27087222520008
8679,90.27161155573627
8680,90.27235088627248
8681,90.27309021680868
8682,90.27373713102786
8683,90.27447646156406
8684,90.27521579210025
8685,90.27595512263645
8686,90.27669445317265
8687,90.27734136739183
8688,90.27808069792803
8689,90.27882002846422
8690,90.27955935900043
8691,90.28029868953662
8692,90.28103802007283
8693,90.28177735060903
8694,90.28251668114522
8695,90.28325601168142
8696,90.28399534221762
8697,90.28473467275381
8698,90.28547400329002
8699,90.28621333382621
8700,90.28695266436242
8701,90.28695266436242
8702,90.28769199489862
8703,90.28843132543481
8704,90.28917065597102
8705,90.28926307228804
8706,90.29000240282424
8707,90.29074173336045
8708,90.29148106389664
8709,90.29222039443285
8710,90.29295972496904
8711,90.29369905550524
8712,90.29443838604145
8713,90.29517771657764
8714,90.29591704711383
8715,90.29665637765004
8716,90.29739570818623
8717,90.29813503872244
8718,90.29887436925864
8719,90.29961369979483
8720,90.29961369979483
8721,90.30035303033104
8722,90.30109236086723
8723,90.30183169140344
8724,90.30257102193964
8725,90.30331035247583
8726,90.30404968301204
8727,90.30478901354823
8728,90.30552834408442
8729,90.30626767462063
8730,90.30672975620575
8731,90.30746908674196
8732,90.30820841727815
8733,90.30894774781434
8734,90.30968707835055
8735,90.31042640888676
8736,90.31116573942295
8737,90.31190506995915
8738,90.31264440049536
8739,90.31338373103155
8740,90.31412306156776
8741,90.31486239210395
8742,90.31560172264015
8743,90.31634105317636
8744,90.31652588581039
8745,90.3172652163466
8746,90.3180045468828
8747,90.318743877419
8748,90.3194832079552
8749,90.32022253849141
8750,90.3209618690276
8751,90.32170119956379
8752,90.3224405301
8753,90.32317986063619
8754,90.3239191911724
8755,90.32465852170859
8756,90.32539785224479
8757,90.326137182781
8758,90.32687651331719
8759,90.3276158438534
8760,90.32835517438959
8761,90.32909450492579
8762,90.329833835462
8763,90.33057316599819
8764,90.33057316599819
8765,90.3313124965344
8766,90.33205182707059
8767,90.33279115760678
8768,90.33353048814298
8769,90.33417740236216
8770,90.33491673289836
8771,90.33565606343456
8772,90.33639539397076
8773,90.33713472450697
8774,90.33787405504316
8775,90.3384285529453
8776,90.33916788348151
8777,90.33990721401771
8778,90.3401844629688
8779,90.34092379350498
8780,90.34166312404118
8781,90.34240245457738
8782,90.34314178511357
8783,90.34388111564978
8784,90.34452802986895
8785,90.34526736040516
8786,90.34600669094135
8787,90.34674602147756
8788,90.34748535201376
8789,90.34822468254995
8790,90.34896401308615
8791,90.34970334362235
8792,90.35044267415854
8793,90.35118200469475
8794,90.35192133523094
8795,90.35266066576715
8796,90.35339999630335
8797,90.35413932683954
8798,90.35487865737575
8799,90.35561798791194
8800,90.35635731844815
8801,90.35709664898435
8802,90.35774356320351
8803,90.35848289373972
8804,90.3591298079589
8805,90.3598691384951
8806,90.36060846903129
8807,90.3613477995675
8808,90.3620871301037
8809,90.3628264606399
8810,90.36356579117609
8811,90.36430512171229
8812,90.36504445224848
8813,90.36578378278469
8814,90.36652311332088
8815,90.36698519490601
8816,90.36772452544221
8817,90.3684638559784
8818,90.36920318651461
8819,90.3699425170508
8820,90.37068184758701
8821,90.37142117812321
8822,90.3721605086594
8823,90.37289983919561
8824,90.37363916973182
8825,90.37437850026801
8826,90.37511783080421
8827,90.3758571613404
8828,90.3765964918766
8829,90.3773358224128
8830,90.378075152949
8831,90.3788144834852
8832,90.37927656507033
8833,90.38001589560652
8834,90.38075522614272
8835,90.38149455667893
8836,90.38223388721512
8837,90.38297321775133
8838,90.38371254828752
8839,90.38445187882373
8840,90.38519120935993
8841,90.38593053989612
8842,90.38666987043233
8843,90.38740920096853
8844,90.38759403360257
8845,90.38814853150473
8846,90.38888786204092
8847,90.38962719257712
8848,90.39036652311331
8849,90.39110585364952
8850,90.39184518418571
8851,90.39258451472192
8852,90.39332384525812
8853,90.39332384525812
8854,90.39406317579432
8855,90.39480250633052
8856,90.39554183686673
8857,90.39609633476887
8858,90.39683566530506
8859,90.39757499584127
8860,90.39831432637746
8861,90.39905365691367
8862,90.39979298744987
8863,90.40053231798606
8864,90.40127164852227
8865,90.40201097905847
8866,90.40265789327763
8867,90.40339722381384
8868,90.40413655435003
8869,90.40459863593516
8870,90.40524555015433
8871,90.40589246437351
8872,90.40626212964162
8873,90.40690904386078
8874,90.40755595807995
8875,90.40820287229914
8876,90.4088497865183
8877,90.40949670073748
8878,90.41014361495667
8879,90.41079052917583
8880,90.411437443395
8881,90.41208435761418
8882,90.41273127183335
8883,90.41328576973551
8884,90.41393268395468
8885,90.41457959817384
8886,90.41522651239303
8887,90.41587342661221
8888,90.41652034083137
8889,90.41716725505056
8890,90.41781416926973
8891,90.41846108348889
8892,90.41883074875699
8893,90.41947766297618
8894,90.42003216087832
8895,90.4206790750975
8896,90.42132598931667
8897,90.42197290353585
8898,90.42261981775502
8899,90.4232667319742
8900,90.42391364619337
8901,90.42456056041254
8902,90.42520747463172
8903,90.4258543888509
8904,90.42650130307007
8905,90.42714821728924
8906,90.42779513150842
8907,90.42844204572759
8908,90.42908895994677
8909,90.42973587416594
8910,90.43038278838512
8911,90.43102970260429
8912,90.43112211892131
8913,90.4317690331405
8914,90.43241594735967
8915,90.43306286157883
8916,90.43370977579801
8917,90.4343566900172
8918,90.43500360423636
8919,90.43565051845553
8920,90.43629743267472
8921,90.43694434689388
8922,90.43749884479604
8923,90.43814575901521
8924,90.43814575901521
8925,90.43879267323439
8926,90.43879267323439
8927,90.43943958745356
8928,90.44008650167274
8929,90.4407334158919
8930,90.44138033011109
8931,90.44202724433026
8932,90.44267415854944
8933,90.44332107276861
8934,90.44396798698779
8935,90.44461490120696
8936,90.44526181542614
8937,90.44590872964531
8938,90.44609356227936
8939,90.44674047649853
8940,90.44738739071771
8941,90.44803430493687
8942,90.44868121915606
8943,90.44932813337523
8944,90.44997504759439
8945,90.45062196181358
8946,90.45126887603276
8947,90.45191579025193
8948,90.4525627044711
8949,90.45320961869028
8950,90.45385653290946
8951,90.45450344712862
8952,90.45487311239673
8953,90.4555200266159
8954,90.45616694083508
8955,90.45681385505425
8956,90.45746076927342
8957,90.4581076834926
8958,90.45875459771177
8959,90.45940151193095
8960,90.46004842615012
8961,90.46069534036928
8962,90.46134225458847
8963,90.46198916880765
8964,90.46263608302681
8965,90.463282997246
8966,90.46392991146517
8967,90.46457682568433
8968,90.46522373990352
8969,90.4658706541227
8970,90.46651756834187
8971,90.46716448256103
8972,90.46781139678022
8973,90.4684583109994
8974,90.46910522521856
8975,90.46975213943774
8976,90.47039905365692
8977,90.47104596787608
8978,90.47169288209527
8979,90.47233979631444
8980,90.4729867105336
8981,90.4736336247528
8982,90.47428053897197
8983,90.47492745319113
8984,90.4755743674103
8985,90.47622128162949
8986,90.47677577953164
8987,90.47742269375081
8988,90.47806960796999
8989,90.47871652218916
8990,90.47936343640833
8991,90.48001035062751
8992,90.48065726484668
8993,90.48130417906586
8994,90.48195109328503
8995,90.4825980075042
8996,90.48324492172338
8997,90.48389183594256
8998,90.48453875016172
8999,90.48518566438091
9000,90.48574016228305
9001,90.48638707650223
9002,90.4870339907214
9003,90.48758848862354
9004,90.48823540284272
9005,90.48888231706191
9006,90.48952923128107
9007,90.49017614550024
9008,90.49082305971943
9009,90.49128514130454
9010,90.49193205552373
9011,90.4925789697429
9012,90.49322588396207
9013,90.49387279818126
9014,90.49451971240042
9015,90.49516662661959
9016,90.49581354083877
9017,90.49646045505794
9018,90.49646045505794
9019,90.49710736927712
9020,90.49775428349629
9021,90.49784669981332
9022,90.4984936140325
9023,90.49914052825166
9024,90.49978744247085
9025,90.50043435669002
9026,90.5010812709092
9027,90.50172818512837
9028,90.50237509934755
9029,90.50302201356672
9030,90.50366892778588
9031,90.50431584200507
9032,90.50496275622424
9033,90.5056096704434
9034,90.5062565846626
9035,90.50690349888177
9036,90.50755041310093
9037,90.50819732732012
9038,90.5088442415393
9039,90.50949115575845
9040,90.51013806997763
9041,90.51078498419682
9042,90.51143189841598
9043,90.51207881263515
9044,90.51272572685434
9045,90.5133726410735
9046,90.51401955529268
9047,90.51466646951187
9048,90.51531338373103
9049,90.5159602979502
9050,90.51660721216938
9051,90.51725412638856
9052,90.51790104060773
9053,90.5185479548269
9054,90.51910245272904
9055,90.51974936694823
9056,90.52039628116741
9057,90.52085836275253
9058,90.52150527697171
9059,90.52215219119087
9060,90.52279910541006
9061,90.5233536033122
9062,90.52400051753138
9063,90.52464743175055
9064,90.5248322643846
9065,90.52538676228676
9066,90.52603367650592
9067,90.52668059072509
9068,90.52732750494428
9069,90.52788200284643
9070,90.5285289170656
9071,90.52917583128477
9072,90.52982274550395
9073,90.53046965972312
9074,90.5311165739423
9075,90.53176348816146
9076,90.53241040238065
9077,90.53305731659982
9078,90.53370423081898
9079,90.53435114503817
9080,90.53499805925735
9081,90.53564497347651
9082,90.5362918876957
9083,90.53693880191487
9084,90.53721605086594
9085,90.53786296508511
9086,90.53850987930429
9087,90.53915679352346
9088,90.53980370774264
9089,90.54045062196181
9090,90.541097536181
9091,90.54165203408314
9092,90.54229894830232
9093,90.54294586252148
9094,90.54359277674067
9095,90.54423969095984
9096,90.54488660517902
9097,90.54553351939818
9098,90.54618043361737
9099,90.54655009888546
9100,90.54719701310464
9101,90.54784392732381
9102,90.54839842522597
9103,90.54904533944513
9104,90.5496922536643
9105,90.5503391678835
9106,90.55098608210265
9107,90.55163299632183
9108,90.552279910541
9109,90.55264957580911
9110,90.55329649002827
9111,90.55394340424745
9112,90.55459031846664
9113,90.5552372326858
9114,90.55588414690497
9115,90.55653106112416
9116,90.55717797534332
9117,90.5578248895625
9118,90.55847180378167
9119,90.55911871800085
9120,90.55976563222002
9121,90.56032013012218
9122,90.56096704434134
9123,90.56161395856053
9124,90.5622608727797
9125,90.56290778699886
9126,90.56355470121805
9127,90.56420161543723
9128,90.56484852965639
9129,90.56549544387556
9130,90.56614235809475
9131,90.56678927231391
9132,90.56743618653309
9133,90.56808310075228
9134,90.56873001497145
9135,90.56937692919061
9136,90.5700238434098
9137,90.57067075762897
9138,90.57131767184813
9139,90.57196458606731
9140,90.5726115002865
9141,90.57325841450566
9142,90.57390532872483
9143,90.57455224294402
9144,90.57519915716318
9145,90.57584607138236
9146,90.57649298560155
9147,90.57713989982071
9148,90.57778681403988
9149,90.57843372825907
9150,90.57908064247823
9151,90.5797275566974
9152,90.58037447091658
9153,90.58065171986766
9154,90.58129863408683
9155,90.58194554830601
9156,90.58259246252518
9157,90.58323937674436
9158,90.5834242093784
9159,90.58407112359758
9160,90.58471803781676
9161,90.58536495203593
9162,90.5860118662551
9163,90.58665878047428
9164,90.58730569469346
9165,90.58795260891263
9166,90.5885995231318
9167,90.58924643735098
9168,90.58989335157015
9169,90.59054026578933
9170,90.5911871800085
9171,90.59183409422768
9172,90.59248100844685
9173,90.59294309003198
9174,90.59359000425114
9175,90.59423691847033
9176,90.5948838326895
9177,90.59553074690866
9178,90.59617766112785
9179,90.59682457534703
9180,90.59747148956619
9181,90.59811840378538
9182,90.59858048537049
9183,90.59922739958968
9184,90.59987431380885
9185,90.60052122802801
9186,90.60116814224719
9187,90.60181505646638
9188,90.60246197068554
9189,90.60310888490471
9190,90.6037557991239
9191,90.60440271334306
9192,90.60504962756224
9193,90.60569654178143
9194,90.60634345600059
9195,90.60699037021976
9196,90.60763728443894
9197,90.60828419865811
9198,90.60893111287729
9199,90.60957802709646
9200,90.61022494131564
9201,90.61087185553481
9202,90.61151876975399
9203,90.61216568397316
9204,90.61281259819233
9205,90.61345951241151
9206,90.61410642663068
9207,90.61475334084986
9208,90.61540025506903
9209,90.61604716928821
9210,90.61669408350738
9211,90.61724858140954
9212,90.61771066299465
9213,90.61835757721384
9214,90.619004491433
9215,90.61965140565218
9216,90.61965140565218
9217,90.62029831987137
9218,90.62094523409053
9219,90.6215921483097
9220,90.62214664621186
9221,90.62279356043102
9222,90.62344047465021
9223,90.62408738886938
9224,90.62473430308854
9225,90.62538121730773
9226,90.62593571520988
9227,90.62658262942905
9228,90.62722954364823
9229,90.6278764578674
9230,90.62852337208658
9231,90.62917028630575
9232,90.62981720052493
9233,90.6304641147441
9234,90.63101861264626
9235,90.63166552686542
9236,90.6323124410846
9237,90.63295935530378
9238,90.63360626952294
9239,90.63425318374212
9240,90.63490009796129
9241,90.63554701218047
9242,90.63619392639964
9243,90.63684084061882
9244,90.63748775483799
9245,90.63813466905717
9246,90.63878158327634
9247,90.63942849749552
9248,90.64007541171469
9249,90.64072232593387
9250,90.64136924015304
9251,90.64201615437221
9252,90.64266306859139
9253,90.64330998281056
9254,90.64395689702974
9255,90.64460381124891
9256,90.64525072546809
9257,90.64571280705321
9258,90.64635972127239
9259,90.64700663549156
9260,90.64765354971074
9261,90.64783838234479
9262,90.64848529656396
9263,90.64913221078314
9264,90.64977912500231
9265,90.65042603922149
9266,90.6508881208066
9267,90.65153503502579
9268,90.65218194924496
9269,90.65282886346412
9270,90.65282886346412
9271,90.65347577768331
9272,90.65412269190249
9273,90.65476960612166
9274,90.65541652034084
9275,90.65606343456001
9276,90.65671034877919
9277,90.65735726299835
9278,90.65735726299835
9279,90.65772692826646
9280,90.65837384248563
9281,90.6590207567048
9282,90.65966767092398
9283,90.66031458514315
9284,90.66096149936233
9285,90.6616084135815
9286,90.66225532780068
9287,90.66290224201985
9288,90.66354915623901
9289,90.6641960704582
9290,90.66484298467738
9291,90.66548989889654
9292,90.66613681311573
9293,90.6667837273349
9294,90.66743064155406
9295,90.66807755577325
9296,90.66872446999243
9297,90.66927896789457
9298,90.66992588211374
9299,90.67057279633292
9300,90.6712197105521
9301,90.67168179213722
9302,90.6723287063564
9303,90.67297562057557
9304,90.67362253479475
9305,90.67426944901392
9306,90.6749163632331
9307,90.67556327745227
9308,90.6760253590374
9309,90.67667227325657
9310,90.67731918747573
9311,90.67796610169492
9312,90.67852059959706
9313,90.67916751381624
9314,90.67981442803541
9315,90.68046134225459
9316,90.68110825647376
9317,90.68175517069294
9318,90.68240208491211
9319,90.68304899913129
9320,90.68369591335046
9321,90.68434282756964
9322,90.68498974178881
9323,90.68563665600799
9324,90.68591390495907
9325,90.68656081917823
9326,90.68720773339741
9327,90.68785464761659
9328,90.68850156183575
9329,90.68914847605494
9330,90.68979539027411
9331,90.69034988817626
9332,90.69099680239543
9333,90.6916437166146
9334,90.69182854924865
9335,90.69247546346783
9336,90.693122377687
9337,90.69376929190618
9338,90.69441620612535
9339,90.69506312034453
9340,90.6957100345637
9341,90.69635694878288
9342,90.69700386300205
9343,90.6971886956361
9344,90.69728111195313
9345,90.6979280261723
9346,90.69857494039148
9347,90.69857494039148
9348,90.69922185461064
9349,90.69986876882983
9350,90.700515683049
9351,90.70116259726817
9352,90.70180951148735
9353,90.70245642570653
9354,90.70310333992569
9355,90.70375025414488
9356,90.70439716836405
9357,90.70504408258321
9358,90.70541374785131
9359,90.7060606620705
9360,90.70670757628967
9361,90.70735449050883
9362,90.70800140472802
9363,90.7086483189472
9364,90.70929523316636
9365,90.70994214738555
9366,90.71058906160472
9367,90.71123597582388
9368,90.71188289004306
9369,90.71252980426225
9370,90.71317671848142
9371,90.71382363270058
9372,90.71447054691977
9373,90.71511746113895
9374,90.7157643753581
9375,90.7164112895773
9376,90.71705820379647
9377,90.7175202853816
9378,90.71816719960076
9379,90.71881411381993
9380,90.71881411381993
9381,90.7194610280391
9382,90.7201079422583
9383,90.72075485647746
9384,90.72140177069663
9385,90.72204868491582
9386,90.72269559913498
9387,90.72334251335415
9388,90.72398942757334
9389,90.7246363417925
9390,90.72528325601168
9391,90.72583775391382
9392,90.726484668133
9393,90.72713158235219
9394,90.72777849657136
9395,90.72842541079052
9396,90.72907232500971
9397,90.72971923922888
9398,90.73036615344805
9399,90.73101306766723
9400,90.73165998188641
9401,90.73230689610557
9402,90.73295381032474
9403,90.73360072454393
9404,90.7342476387631
9405,90.73489455298227
9406,90.73554146720146
9407,90.73618838142062
9408,90.73683529563979
9409,90.73748220985898
9410,90.73748220985898
9411,90.73812912407814
9412,90.73877603829732
9413,90.73942295251649
9414,90.74006986673567
9415,90.74071678095484
9416,90.74136369517402
9417,90.74201060939319
9418,90.74265752361237
9419,90.74330443783154
9420,90.74395135205073
9421,90.74459826626989
9422,90.74524518048906
9423,90.74589209470825
9424,90.74653900892741
9425,90.74718592314659
9426,90.74783283736576
9427,90.74847975158494
9428,90.74912666580411
9429,90.74977358002329
9430,90.75042049424246
9431,90.75106740846164
9432,90.75171432268081
9433,90.75199157163189
9434,90.75236123689999
9435,90.75300815111916
9436,90.75365506533834
9437,90.75430197955751
9438,90.75494889377669
9439,90.75559580799586
9440,90.75624272221503
9441,90.75688963643421
9442,90.75753655065338
9443,90.75818346487256
9444,90.75883037909173
9445,90.75947729331091
9446,90.76012420753008
9447,90.76030904016413
9448,90.7609559543833
9449,90.76160286860248
9450,90.76224978282166
9451,90.76289669704083
9452,90.76354361126
9453,90.76419052547918
9454,90.76483743969835
9455,90.76548435391753
9456,90.76557677023456
9457,90.76622368445373
9458,90.7668705986729
9459,90.76751751289207
9460,90.76816442711126
9461,90.76881134133042
9462,90.7694582555496
9463,90.77010516976878
9464,90.77075208398794
9465,90.77139899820712
9466,90.77204591242631
9467,90.77269282664547
9468,90.77333974086464
9469,90.77398665508383
9470,90.77463356930299
9471,90.77528048352217
9472,90.77592739774134
9473,90.77648189564349
9474,90.77712880986267
9475,90.77777572408185
9476,90.77842263830101
9477,90.7790695525202
9478,90.77971646673937
9479,90.78036338095853
9480,90.78101029517772
9481,90.7816572093969
9482,90.78230412361606
9483,90.78295103783523
9484,90.78359795205442
9485,90.78424486627358
9486,90.78489178049276
9487,90.78553869471195
9488,90.78618560893112
9489,90.78683252315028
9490,90.78747943736947
9491,90.78812635158864
9492,90.7887732658078
9493,90.78942018002698
9494,90.79006709424617
9495,90.79071400846533
9496,90.7913609226845
9497,90.7920078369037
9498,90.79265475112285
9499,90.79330166534203
9500,90.79394857956122
9501,90.79459549378038
9502,90.79524240799955
9503,90.79588932221873
9504,90.7965362364379
9505,90.79718315065708
9506,90.79783006487625
9507,90.79847697909543
9508,90.7991238933146
9509,90.79977080753378
9510,90.80041772175295
9511,90.80106463597212
9512,90.80106463597212
9513,90.8017115501913
9514,90.80235846441047
9515,90.80235846441047
9516,90.80300537862965
9517,90.80365229284882
9518,90.804299207068
9519,90.80494612128717
9520,90.80559303550635
9521,90.80623994972552
9522,90.8068868639447
9523,90.80753377816387
9524,90.80818069238305
9525,90.8083655250171
9526,90.80901243923627
9527,90.80965935345544
9528,90.81030626767462
9529,90.8109531818938
9530,90.81160009611297
9531,90.81215459401511
9532,90.8128015082343
9533,90.81344842245346
9534,90.81400292035562
9535,90.8146498345748
9536,90.81529674879397
9537,90.81594366301314
9538,90.81659057723232
9539,90.81723749145148
9540,90.81788440567067
9541,90.81853131988984
9542,90.81917823410902
9543,90.81936306674307
9544,90.82000998096224
9545,90.82065689518141
9546,90.82130380940059
9547,90.82195072361976
9548,90.82259763783894
9549,90.82324455205811
9550,90.82389146627729
9551,90.82453838049645
9552,90.82518529471564
9553,90.82583220893481
9554,90.82647912315397
9555,90.82712603737316
9556,90.82777295159234
9557,90.82841986581151
9558,90.82906678003069
9559,90.82971369424986
9560,90.83036060846904
9561,90.8310075226882
9562,90.83165443690739
9563,90.83230135112656
9564,90.83294826534572
9565,90.83359517956491
9566,90.83424209378408
9567,90.83488900800324
9568,90.83553592222243
9569,90.83618283644161
9570,90.83682975066077
9571,90.83682975066077
9572,90.83747666487994
9573,90.83793874646507
9574,90.83849324436723
9575,90.83914015858639
9576,90.83978707280558
9577,90.84043398702475
9578,90.84108090124391
9579,90.8417278154631
9580,90.84237472968228
9581,90.84302164390145
9582,90.84366855812063
9583,90.8443154723398
9584,90.84496238655898
9585,90.84560930077814
9586,90.84625621499733
9587,90.8469031292165
9588,90.84755004343566
9589,90.84819695765485
9590,90.84884387187402
9591,90.84949078609318
9592,90.85013770031237
9593,90.85078461453155
9594,90.85143152875071
9595,90.85198602665287
9596,90.85263294087204
9597,90.85327985509122
9598,90.85392676931039
9599,90.85457368352957
9600,90.85512818143171
9601,90.8557750956509
9602,90.85642200987006
9603,90.85706892408923
9604,90.85771583830842
9605,90.85836275252758
9606,90.85900966674676
9607,90.85965658096593
9608,90.86030349518511
9609,90.86095040940428
9610,90.86159732362346
9611,90.86224423784263
9612,90.8628911520618
9613,90.86353806628098
9614,90.86418498050016
9615,90.86483189471933
9616,90.8654788089385
9617,90.86612572315768
9618,90.86677263737685
9619,90.86741955159603
9620,90.8680664658152
9621,90.86843613108331
9622,90.86889821266843
9623,90.8695451268876
9624,90.87019204110678
9625,90.87083895532595
9626,90.87148586954513
9627,90.87204036744727
9628,90.87268728166646
9629,90.87333419588562
9630,90.8739811101048
9631,90.87462802432398
9632,90.87527493854314
9633,90.87592185276232
9634,90.8765687669815
9635,90.87721568120067
9636,90.87786259541984
9637,90.87850950963903
9638,90.8791564238582
9639,90.87980333807737
9640,90.8798957543944
9641,90.88045025229654
9642,90.88091233388167
9643,90.88155924810084
9644,90.88220616232002
9645,90.88285307653919
9646,90.88349999075837
9647,90.88414690497754
9648,90.88479381919672
9649,90.88544073341589
9650,90.88608764763507
9651,90.88673456185424
9652,90.8872890597564
9653,90.88756630870746
9654,90.88821322292664
9655,90.88886013714581
9656,90.88950705136499
9657,90.89015396558416
9658,90.89080087980334
9659,90.89144779402251
9660,90.89209470824169
9661,90.89274162246086
9662,90.89338853668004
9663,90.89348095299707
9664,90.89412786721624
9665,90.8947747814354
9666,90.89542169565459
9667,90.89606860987377
9668,90.89671552409293
9669,90.89736243831211
9670,90.89800935253129
9671,90.89856385043343
9672,90.89921076465261
9673,90.89985767887178
9674,90.90050459309096
9675,90.90115150731013
9676,90.9017984215293
9677,90.90235291943145
9678,90.90299983365064
9679,90.9036467478698
9680,90.90429366208897
9681,90.90494057630816
9682,90.90494057630816
9683,90.90558749052732
9684,90.9062344047465
9685,90.90688131896567
9686,90.90752823318485
9687,90.90817514740402
9688,90.9088220616232
9689,90.90946897584237
9690,90.91011589006155
9691,90.91076280428072
9692,90.9114097184999
9693,90.91196421640205
9694,90.91224146535313
9695,90.9128883795723
9696,90.91353529379147
9697,90.91418220801064
9698,90.91482912222982
9699,90.915476036449
9700,90.91612295066817
9701,90.91676986488734
9702,90.91741677910652
9703,90.91741677910652
9704,90.91806369332569
9705,90.91871060754487
9706,90.91926510544702
9707,90.9199120196662
9708,90.92055893388536
9709,90.92120584810453
9710,90.92185276232372
9711,90.92222242759182
9712,90.92286934181098
9713,90.92351625603017
9714,90.92416317024934
9715,90.9248100844685
9716,90.9254569986877
9717,90.92610391290687
9718,90.92675082712603
9719,90.92739774134522
9720,90.92804465556439
9721,90.92841432083249
9722,90.92841432083249
9723,90.92906123505166
9724,90.92970814927084
9725,90.93035506349001
9726,90.93100197770919
9727,90.93164889192836
9728,90.93229580614754
9729,90.93294272036671
9730,90.93358963458589
9731,90.93423654880506
9732,90.93488346302424
9733,90.9355303772434
9734,90.93617729146258
9735,90.93682420568176
9736,90.93747111990092
9737,90.93811803412011
9738,90.93876494833928
9739,90.93941186255844
9740,90.94005877677763
9741,90.94070569099681
9742,90.94135260521597
9743,90.94199951943514
9744,90.94264643365433
9745,90.94329334787349
9746,90.94394026209267
9747,90.94458717631186
9748,90.94523409053103
9749,90.94588100475019
9750,90.94634308633532
9751,90.94699000055449
9752,90.94763691477368
9753,90.94819141267583
9754,90.948838326895
9755,90.94948524111417
9756,90.95003973901632
9757,90.9506866532355
9758,90.9506866532355
9759,90.95133356745467
9760,90.95198048167384
9761,90.95262739589302
9762,90.95327431011219
9763,90.95392122433137
9764,90.95456813855054
9765,90.95521505276972
9766,90.95558471803781
9767,90.95623163225699
9768,90.95687854647616
9769,90.95752546069534
9770,90.95817237491451
9771,90.95881928913369
9772,90.95946620335286
9773,90.96011311757204
9774,90.96076003179121
9775,90.9614069460104
9776,90.96205386022956
9777,90.96270077444873
9778,90.96334768866791
9779,90.96399460288708
9780,90.96464151710626
9781,90.96528843132543
9782,90.96593534554461
9783,90.96593534554461
9784,90.96658225976378
9785,90.96722917398296
9786,90.96787608820213
9787,90.9685230024213
9788,90.96898508400643
9789,90.96963199822561
9790,90.97027891244478
9791,90.97092582666394
9792,90.97157274088313
9793,90.97221965510231
9794,90.97286656932148
9795,90.97351348354066
9796,90.97416039775983
9797,90.974807311979
9798,90.97545422619818
9799,90.97610114041736
9800,90.97674805463653
9801,90.97739496885569
9802,90.97804188307488
9803,90.97868879729405
9804,90.97933571151322
9805,90.97989020941537
9806,90.98053712363455
9807,90.98118403785372
9808,90.9818309520729
9809,90.98247786629207
9810,90.98312478051125
9811,90.98377169473042
9812,90.9844186089496
9813,90.98506552316877
9814,90.98552760475388
9815,90.98617451897307
9816,90.98682143319225
9817,90.98746834741142
9818,90.9881152616306
9819,90.98876217584977
9820,90.98940909006895
9821,90.99005600428812
9822,90.9907029185073
9823,90.99134983272647
9824,90.99199674694563
9825,90.99264366116482
9826,90.993290575384
9827,90.99393748960316
9828,90.99458440382234
9829,90.99523131804152
9830,90.99587823226068
9831,90.99652514647987
9832,90.99707964438201
9833,90.99772655860119
9834,90.99837347282036
9835,90.99902038703954
9836,90.99948246862466
9837,91.00012938284382
9838,91.00012938284382
9839,91.00077629706301
9840,91.00142321128219
9841,91.00188529286731
9842,91.00253220708649
9843,91.00317912130565
9844,91.00382603552484
9845,91.00447294974401
9846,91.00511986396317
9847,91.00567436186533
9848,91.0063212760845
9849,91.00696819030368
9850,91.00761510452286
9851,91.00826201874203
9852,91.0089089329612
9853,91.00955584718038
9854,91.01020276139955
9855,91.01084967561873
9856,91.01131175720386
9857,91.01131175720386
9858,91.01195867142302
9859,91.0126055856422
9860,91.01325249986138
9861,91.01389941408054
9862,91.01454632829973
9863,91.0151932425189
9864,91.01584015673807
9865,91.01648707095725
9866,91.01713398517643
9867,91.01778089939559
9868,91.01833539729775
9869,91.01898231151692
9870,91.0196292257361
9871,91.0196292257361
9872,91.02027613995527
9873,91.02092305417445
9874,91.02156996839362
9875,91.0222168826128
9876,91.02286379683197
9877,91.02351071105114
9878,91.02415762527032
9879,91.0248045394895
9880,91.02545145370867
9881,91.02609836792784
9882,91.02674528214702
9883,91.02720736373215
9884,91.02720736373215
9885,91.02785427795132
9886,91.02850119217048
9887,91.02914810638967
9888,91.02979502060884
9889,91.030441934828
9890,91.0310888490472
9891,91.03173576326637
9892,91.03229026116851
9893,91.03293717538769
9894,91.03358408960686
9895,91.034138587509
9896,91.0347855017282
9897,91.03543241594735
9898,91.03607933016653
9899,91.03672624438572
9900,91.03737315860488
9901,91.03802007282405
9902,91.03866698704324
9903,91.0393139012624
9904,91.03996081548158
9905,91.04060772970075
9906,91.04125464391993
9907,91.0419015581391
9908,91.04254847235828
9909,91.04319538657745
9910,91.04384230079663
9911,91.0444892150158
9912,91.04513612923498
9913,91.04578304345415
9914,91.04642995767333
9915,91.0470768718925
9916,91.04772378611167
9917,91.04837070033085
9918,91.04901761455002
9919,91.0496645287692
9920,91.05031144298837
9921,91.05095835720755
9922,91.05160527142672
9923,91.0522521856459
9924,91.05289909986507
9925,91.05354601408425
9926,91.05419292830342
9927,91.0548398425226
9928,91.05548675674177
9929,91.05613367096095
9930,91.05678058518012
9931,91.0574274993993
9932,91.05807441361847
9933,91.05872132783765
9934,91.05936824205682
9935,91.060015156276
9936,91.06066207049517
9937,91.06130898471434
9938,91.0619558989335
9939,91.0626028131527
9940,91.06324972737187
9941,91.06352697632293
9942,91.06417389054211
9943,91.0648208047613
9944,91.06546771898046
9945,91.06611463319963
9946,91.06676154741882
9947,91.06722362900393
9948,91.06787054322311
9949,91.06851745744228
9950,91.06916437166146
9951,91.06981128588063
9952,91.07045820009981
9953,91.07101269800197
9954,91.07165961222114
9955,91.0723065264403
9956,91.07295344065949
9957,91.07360035487866
9958,91.07424726909782
9959,91.074894183317
9960,91.07554109753619
9961,91.07618801175535
9962,91.07683492597452
9963,91.07720459124263
9964,91.07785150546181
9965,91.07849841968097
9966,91.07914533390016
9967,91.07979224811933
9968,91.08043916233851
9969,91.08108607655768
9970,91.08173299077686
9971,91.08237990499603
9972,91.08302681921519
9973,91.08367373343438
9974,91.08432064765356
9975,91.08496756187272
9976,91.0856144760919
9977,91.08626139031108
9978,91.08690830453024
9979,91.08755521874943
9980,91.08764763506645
9981,91.0882021329686
9982,91.08838696560264
9983,91.08903387982183
9984,91.089680794041
9985,91.09032770826016
9986,91.09097462247935
9987,91.09162153669853
9988,91.09226845091769
9989,91.09291536513688
9990,91.09356227935605
9991,91.0941167772582
9992,91.09476369147737
9993,91.09541060569654
9994,91.09605751991572
9995,91.09670443413489
9996,91.09735134835407
9997,91.09799826257324
9998,91.09864517679242
9999,91.09929209101159
10000,91.09993900523077
10001,91.10058591944994
10002,91.10123283366912
10003,91.10169491525424
10004,91.1023418294734
10005,91.10298874369258
10006,91.10363565791177
10007,91.10428257213094
10008,91.1049294863501
10009,91.10557640056929
10010,91.10622331478847
10011,91.10687022900763
10012,91.10751714322681
10013,91.10807164112896
10014,91.10871855534813
10015,91.10936546956731
10016,91.11001238378648
10017,91.11065929800566
10018,91.11130621222483
10019,91.111953126444
10020,91.11260004066318
10021,91.11324695488236
10022,91.11389386910153
10023,91.1145407833207
10024,91.11518769753988
10025,91.11583461175906
10026,91.11648152597822
10027,91.11703602388037
10028,91.11768293809955
10029,91.11832985231872
10030,91.11832985231872
10031,91.1189767665379
10032,91.11962368075707
10033,91.12017817865923
10034,91.1208250928784
10035,91.12147200709757
10036,91.12211892131675
10037,91.12276583553593
10038,91.12341274975509
10039,91.12405966397426
10040,91.12470657819345
10041,91.12535349241261
10042,91.12600040663179
10043,91.12664732085098
10044,91.12729423507014
10045,91.12794114928931
10046,91.1285880635085
10047,91.12914256141065
10048,91.12978947562982
10049,91.130436389849
10050,91.13071363880006
10051,91.13126813670222
10052,91.13191505092139
10053,91.13256196514057
10054,91.13320887935974
10055,91.13385579357892
10056,91.13450270779809
10057,91.13514962201727
10058,91.13579653623644
10059,91.13644345045562
10060,91.13699794835777
10061,91.1375524462599
10062,91.13810694416206
10063,91.13856902574719
10064,91.13912352364933
10065,91.13967802155149
10066,91.14023251945363
10067,91.14078701735579
10068,91.14134151525793
10069,91.14143393157495
10070,91.14198842947711
10071,91.14254292737925
10072,91.14309742528141
10073,91.14365192318355
10074,91.1442064210857
10075,91.14476091898786
10076,91.14531541689
10077,91.14586991479216
10078,91.1464244126943
10079,91.14697891059646
10080,91.1475334084986
10081,91.14808790640076
10082,91.14845757166886
10083,91.149012069571
10084,91.14956656747314
10085,91.1501210653753
10086,91.15067556327745
10087,91.1512300611796
10088,91.15178455908175
10089,91.1523390569839
10090,91.15289355488605
10091,91.1534480527882
10092,91.15400255069035
10093,91.1545570485925
10094,91.15511154649465
10095,91.1556660443968
10096,91.15622054229895
10097,91.1567750402011
10098,91.15732953810326
10099,91.1578840360054
10100,91.15843853390754
10101,91.1589930318097
10102,91.15954752971184
10103,91.160102027614
10104,91.16065652551615
10105,91.16065652551615
10106,91.16111860710127
10107,91.16167310500342
10108,91.16222760290556
10109,91.16278210080772
10110,91.16333659870986
10111,91.16389109661202
10112,91.16444559451416
10113,91.16500009241632
10114,91.16555459031846
10115,91.16610908822061
10116,91.16666358612277
10117,91.16721808402491
10118,91.16777258192707
10119,91.16832707982921
10120,91.16888157773137
10121,91.16943607563351
10122,91.16999057353567
10123,91.17054507143781
10124,91.17109956933996
10125,91.17165406724212
10126,91.17220856514426
10127,91.17276306304642
10128,91.17276306304642
10129,91.17331756094856
10130,91.17387205885072
10131,91.17442655675286
10132,91.174981054655
10133,91.17553555255716
10134,91.17609005045931
10135,91.17664454836147
10136,91.17719904626361
10137,91.17775354416577
10138,91.17830804206791
10139,91.17886253997007
10140,91.1794170378722
10141,91.17997153577436
10142,91.1805260336765
10143,91.18108053157866
10144,91.1816350294808
10145,91.18218952738295
10146,91.1827440252851
10147,91.18329852318725
10148,91.1838530210894
10149,91.18440751899155
10150,91.1849620168937
10151,91.18551651479585
10152,91.18597859638098
10153,91.18653309428313
10154,91.18708759218528
10155,91.18764209008742
10156,91.18819658798958
10157,91.18875108589172
10158,91.18930558379388
10159,91.18958283274495
10160,91.1901373306471
10161,91.1901373306471
10162,91.19069182854925
10163,91.1912463264514
10164,91.19180082435355
10165,91.19235532225571
10166,91.19290982015785
10167,91.19346431806
10168,91.19401881596214
10169,91.1945733138643
10170,91.19512781176644
10171,91.1956823096686
10172,91.19623680757074
10173,91.19679130547289
10174,91.19734580337504
10175,91.19780788496017
10176,91.19836238286231
10177,91.19891688076447
10178,91.19947137866662
10179,91.20002587656877
10180,91.20058037447092
10181,91.20113487237307
10182,91.20168937027522
10183,91.20224386817736
10184,91.20279836607952
10185,91.20335286398166
10186,91.20390736188382
10187,91.20418461083489
10188,91.20473910873704
10189,91.20529360663919
10190,91.20584810454135
10191,91.20640260244349
10192,91.20695710034565
10193,91.20751159824778
10194,91.20806609614993
10195,91.20862059405208
10196,91.20917509195424
10197,91.20972958985638
10198,91.21028408775854
10199,91.21083858566068
10200,91.21139308356283
10201,91.21194758146498
10202,91.21250207936713
10203,91.21305657726928
10204,91.21361107517143
10205,91.21416557307359
10206,91.21472007097573
10207,91.21527456887787
10208,91.21582906678003
10209,91.21638356468218
10210,91.21693806258433
10211,91.21749256048648
10212,91.21804705838863
10213,91.21860155629078
10214,91.21915605419292
10215,91.21971055209508
10216,91.22026504999722
10217,91.22081954789938
10218,91.22137404580153
10219,91.22192854370368
10220,91.22220579265475
10221,91.2227602905569
10222,91.22331478845905
10223,91.22386928636121
10224,91.22442378426335
10225,91.22497828216551
10226,91.22553278006765
10227,91.2260872779698
10228,91.22664177587195
10229,91.2271962737741
10230,91.22775077167626
10231,91.22775077167626
10232,91.22830526957839
10233,91.22885976748054
10234,91.22941426538269
10235,91.22987634696781
10236,91.23043084486997
10237,91.23098534277212
10238,91.23153984067427
10239,91.23153984067427
10240,91.2320019222594
10241,91.23255642016154
10242,91.2331109180637
10243,91.23366541596585
10244,91.23412749755097
10245,91.23468199545312
10246,91.23523649335526
10247,91.2356985749404
10248,91.23625307284254
10249,91.23680757074469
10250,91.23736206864685
10251,91.23791656654899
10252,91.23847106445115
10253,91.23902556235329
10254,91.23958006025545
10255,91.24013455815759
10256,91.24068905605974
10257,91.24115113764486
10258,91.241705635547
10259,91.24216771713213
10260,91.24272221503429
10261,91.24327671293644
10262,91.2438312108386
10263,91.24438570874074
10264,91.2449402066429
10265,91.24540228822801
10266,91.24595678613015
10267,91.24651128403231
10268,91.24706578193445
10269,91.24762027983661
10270,91.24817477773875
10271,91.24872927564091
10272,91.24928377354306
10273,91.24974585512818
10274,91.25030035303034
10275,91.25085485093248
10276,91.25140934883463
10277,91.25196384673679
10278,91.25251834463893
10279,91.25307284254109
10280,91.25362734044323
10281,91.25418183834539
10282,91.25473633624753
10283,91.25473633624753
10284,91.25529083414968
10285,91.25584533205183
10286,91.25639982995398
10287,91.25695432785612
10288,91.25750882575826
10289,91.25806332366042
10290,91.25861782156257
10291,91.25917231946472
10292,91.25972681736687
10293,91.26028131526903
10294,91.26083581317117
10295,91.26139031107331
10296,91.26194480897547
10297,91.26249930687761
10298,91.26305380477977
10299,91.26360830268192
10300,91.26416280058407
10301,91.2646248821692
10302,91.26517938007134
10303,91.26564146165647
10304,91.26619595955862
10305,91.26675045746076
10306,91.26675045746076
10307,91.26730495536292
10308,91.26785945326506
10309,91.26841395116722
10310,91.26896844906936
10311,91.2690608653864
10312,91.26961536328855
10313,91.27016986119068
10314,91.27072435909284
10315,91.27127885699498
10316,91.27183335489714
10317,91.27238785279928
10318,91.27294235070144
10319,91.27349684860359
10320,91.27405134650573
10321,91.27460584440789
10322,91.27516034231003
10323,91.27571484021219
10324,91.27626933811433
10325,91.27682383601649
10326,91.27737833391863
10327,91.27793283182079
10328,91.27848732972294
10329,91.27904182762508
10330,91.27959632552724
10331,91.27996599079533
10332,91.28052048869748
10333,91.28107498659963
10334,91.28162948450178
10335,91.28218398240394
10336,91.28273848030608
10337,91.28329297820824
10338,91.28384747611038
10339,91.28440197401252
10340,91.28495647191468
10341,91.28551096981683
10342,91.28606546771898
10343,91.28661996562113
10344,91.28717446352329
10345,91.28763654510841
10346,91.28819104301056
10347,91.28874554091271
10348,91.28930003881486
10349,91.289854536717
10350,91.289854536717
10351,91.29040903461916
10352,91.2909635325213
10353,91.29142561410643
10354,91.29198011200857
10355,91.29253460991073
10356,91.29308910781288
10357,91.29364360571502
10358,91.29419810361718
10359,91.29475260151932
10360,91.29530709942148
10361,91.29586159732362
10362,91.29641609522578
10363,91.29697059312792
10364,91.29752509103007
10365,91.29807958893223
10366,91.29844925420032
10367,91.29844925420032
10368,91.29900375210246
10369,91.29955825000462
10370,91.30011274790677
10371,91.30066724580892
10372,91.30122174371107
10373,91.3016838252962
10374,91.30223832319835
10375,91.3027928211005
10376,91.30334731900265
10377,91.3039018169048
10378,91.30445631480694
10379,91.30501081270909
10380,91.30556531061124
10381,91.30611980851339
10382,91.30667430641553
10383,91.30722880431769
10384,91.30778330221983
10385,91.30833780012199
10386,91.30889229802413
10387,91.30944679592629
10388,91.31000129382844
10389,91.31037095909655
10390,91.31092545699869
10391,91.31129512226678
10392,91.31184962016894
10393,91.31194203648596
10394,91.31249653438812
10395,91.31305103229026
10396,91.3136055301924
10397,91.31416002809456
10398,91.3147145259967
10399,91.31526902389886
10400,91.31582352180101
10401,91.31628560338613
10402,91.31665526865423
10403,91.31720976655639
10404,91.31776426445853
10405,91.31831876236069
10406,91.31887326026283
10407,91.31942775816498
10408,91.31998225606714
10409,91.32053675396928
10410,91.32109125187144
10411,91.32164574977358
10412,91.32220024767574
10413,91.32275474557788
10414,91.32330924348004
10415,91.32386374138218
10416,91.32441823928433
10417,91.32497273718649
10418,91.32552723508863
10419,91.32608173299077
10420,91.32663623089292
10421,91.32719072879507
10422,91.32774522669722
10423,91.32829972459938
10424,91.32885422250152
10425,91.32940872040368
10426,91.32996321830582
10427,91.33051771620796
10428,91.33107221411012
10429,91.33162671201227
10430,91.33218120991442
10431,91.33273570781657
10432,91.33329020571873
10433,91.33384470362087
10434,91.33439920152301
10435,91.33495369942517
10436,91.33550819732731
10437,91.33606269522947
10438,91.33661719313162
10439,91.33717169103377
10440,91.33772618893592
10441,91.33818827052104
10442,91.3387427684232
10443,91.33929726632535
10444,91.33985176422749
10445,91.34040626212963
10446,91.34096076003179
10447,91.34142284161692
10448,91.34197733951906
10449,91.34253183742122
10450,91.34308633532336
10451,91.34327116795743
10452,91.34382566585957
10453,91.34438016376171
10454,91.34493466166387
10455,91.34548915956601
10456,91.34604365746817
10457,91.34659815537032
10458,91.34715265327246
10459,91.3477071511746
10460,91.34826164907676
10461,91.3488161469789
10462,91.34937064488106
10463,91.3499251427832
10464,91.35047964068535
10465,91.35084930595346
10466,91.35140380385562
10467,91.35195830175776
10468,91.35205071807478
10469,91.35260521597694
10470,91.35315971387908
10471,91.35371421178124
10472,91.35426870968338
10473,91.35482320758554
10474,91.35537770548768
10475,91.35593220338983
10476,91.35648670129198
10477,91.35704119919413
10478,91.35759569709629
10479,91.35815019499843
10480,91.35870469290059
10481,91.35925919080273
10482,91.35981368870489
10483,91.36036818660703
10484,91.36092268450918
10485,91.36147718241132
10486,91.36203168031346
10487,91.36258617821562
10488,91.36314067611777
10489,91.36369517401992
10490,91.36424967192207
10491,91.36443450455613
10492,91.36498900245827
10493,91.36517383509232
10494,91.36572833299448
10495,91.36628283089662
10496,91.36683732879878
10497,91.36739182670092
10498,91.36794632460307
10499,91.36850082250521
10500,91.36887048777332
10501,91.36942498567548
10502,91.36997948357762
10503,91.37053398147977
10504,91.37108847938192
10505,91.37164297728407
10506,91.37219747518623
10507,91.37275197308837
10508,91.37330647099053
10509,91.37386096889267
10510,91.37441546679483
10511,91.37496996469696
10512,91.37552446259912
10513,91.37607896050126
10514,91.3766334584034
10515,91.37718795630556
10516,91.3777424542077
10517,91.37829695210986
10518,91.37885145001201
10519,91.37940594791417
10520,91.37996044581631
10521,91.38042252740144
10522,91.3809770253036
10523,91.38153152320574
10524,91.38199360479085
10525,91.38254810269301
10526,91.38310260059515
10527,91.38365709849731
10528,91.38421159639945
10529,91.38476609430161
10530,91.38532059220375
10531,91.38587509010591
10532,91.38642958800806
10533,91.3869840859102
10534,91.38753858381236
10535,91.3880930817145
10536,91.38864757961666
10537,91.3892020775188
10538,91.38975657542096
10539,91.3903110733231
10540,91.39086557122525
10541,91.3914200691274
10542,91.39197456702955
10543,91.39252906493171
10544,91.39252906493171
10545,91.3928987301998
10546,91.39345322810195
10547,91.3940077260041
10548,91.39446980758923
10549,91.39502430549138
10550,91.39557880339353
10551,91.39613330129568
10552,91.39650296656377
10553,91.39705746446593
10554,91.39761196236807
10555,91.39816646027022
10556,91.39853612553833
10557,91.39909062344047
10558,91.3995527050256
10559,91.40010720292776
10560,91.4006617008299
10561,91.40121619873204
10562,91.4017706966342
10563,91.40232519453635
10564,91.4028796924385
10565,91.40343419034065
10566,91.40343419034065
10567,91.4039886882428
10568,91.40454318614495
10569,91.40509768404709
10570,91.40565218194925
10571,91.4062066798514
10572,91.40676117775355
10573,91.40722325933866
10574,91.40777775724082
10575,91.40833225514297
10576,91.40888675304511
10577,91.40934883463025
10578,91.40971849989835
10579,91.41018058148347
10580,91.41073507938562
10581,91.41128957728777
10582,91.41184407518992
10583,91.41239857309206
10584,91.41295307099422
10585,91.41341515257933
10586,91.41396965048149
10587,91.41452414838363
10588,91.41507864628579
10589,91.41563314418794
10590,91.41609522577306
10591,91.41664972367522
10592,91.41720422157736
10593,91.41775871947951
10594,91.41831321738167
10595,91.41886771528381
10596,91.41942221318597
10597,91.41997671108811
10598,91.42053120899027
10599,91.42108570689241
10600,91.42164020479456
10601,91.42219470269671
10602,91.42274920059886
10603,91.42330369850102
10604,91.42376578008613
10605,91.42432027798829
10606,91.42487477589043
10607,91.42496719220745
10608,91.4255216901096
10609,91.42607618801175
10610,91.4266306859139
10611,91.42681551854795
10612,91.4273700164501
10613,91.42792451435226
10614,91.4284790122544
10615,91.42903351015656
10616,91.4295880080587
10617,91.43014250596086
10618,91.430697003863
10619,91.43125150176516
10620,91.4318059996673
10621,91.43236049756945
10622,91.4329149954716
10623,91.43346949337375
10624,91.43402399127591
10625,91.43457848917805
10626,91.43513298708021
10627,91.43568748498235
10628,91.4362419828845
10629,91.43679648078665
10630,91.4373509786888
10631,91.43790547659094
10632,91.43845997449309
10633,91.43901447239524
10634,91.43956897029739
10635,91.44012346819954
10636,91.44067796610169
10637,91.44123246400385
10638,91.44169454558897
10639,91.44224904349112
10640,91.44280354139327
10641,91.44335803929542
10642,91.44391253719758
10643,91.44446703509972
10644,91.44502153300186
10645,91.44557603090402
10646,91.44613052880617
10647,91.44668502670832
10648,91.44723952461047
10649,91.44779402251262
10650,91.44834852041477
10651,91.44890301831691
10652,91.44945751621907
10653,91.45001201412121
10654,91.45056651202337
10655,91.45112100992552
10656,91.45167550782766
10657,91.4522300057298
10658,91.45278450363196
10659,91.4533390015341
10660,91.45389349943626
10661,91.4544479973384
10662,91.45500249524055
10663,91.45555699314271
10664,91.45611149104485
10665,91.45666598894701
10666,91.45694323789809
10667,91.45749773580023
10668,91.45805223370238
10669,91.45860673160453
10670,91.45916122950668
10671,91.45971572740883
10672,91.46027022531098
10673,91.46082472321314
10674,91.46128680479826
10675,91.4618413027004
10676,91.46239580060256
10677,91.46295029850471
10678,91.46350479640685
10679,91.46405929430901
10680,91.46461379221115
10681,91.46516829011331
10682,91.46572278801544
10683,91.4662772859176
10684,91.46683178381974
10685,91.4673862817219
10686,91.46794077962404
10687,91.4684952775262
10688,91.46895735911133
10689,91.46951185701347
10690,91.47006635491563
10691,91.47015877123265
10692,91.47071326913479
10693,91.47126776703695
10694,91.47182226493909
10695,91.47237676284125
10696,91.4729312607434
10697,91.47348575864555
10698,91.4740402565477
10699,91.47459475444984
10700,91.475149252352
10701,91.47570375025414
10702,91.4762582481563
10703,91.47681274605844
10704,91.4773672439606
10705,91.47792174186274
10706,91.47810657449679
10707,91.47866107239895
10708,91.4792155703011
10709,91.47977006820324
10710,91.48032456610538
10711,91.48069423137349
10712,91.48124872927565
10713,91.48171081086076
10714,91.4822653087629
10715,91.48281980666506
10716,91.4833743045672
10717,91.48392880246936
10718,91.48448330037151
10719,91.48503779827367
10720,91.48559229617581
10721,91.48614679407797
10722,91.48670129198011
10723,91.48725578988225
10724,91.48781028778441
10725,91.48836478568656
10726,91.48891928358871
10727,91.48938136517384
10728,91.48993586307598
10729,91.49049036097814
10730,91.49104485888029
10731,91.4915069404654
10732,91.49206143836756
10733,91.4926159362697
10734,91.49317043417186
10735,91.493724932074
10736,91.49427942997616
10737,91.4948339278783
10738,91.49538842578046
10739,91.4959429236826
10740,91.49649742158475
10741,91.4970519194869
10742,91.49714433580392
10743,91.49769883370608
10744,91.49825333160823
10745,91.49862299687634
10746,91.49917749477848
10747,91.49973199268064
10748,91.50028649058277
10749,91.50084098848492
10750,91.50139548638707
10751,91.50194998428923
10752,91.50250448219137
10753,91.50305898009353
10754,91.50361347799567
10755,91.50416797589781
10756,91.50472247379997
10757,91.50527697170212
10758,91.50583146960427
10759,91.50638596750642
10760,91.50694046540858
10761,91.50749496331072
10762,91.50804946121286
10763,91.50860395911502
10764,91.50915845701716
10765,91.50971295491932
10766,91.51026745282147
10767,91.51082195072362
10768,91.51137644862577
10769,91.51193094652793
10770,91.51248544443007
10771,91.51303994233221
10772,91.51359444023437
10773,91.51414893813651
10774,91.51414893813651
10775,91.51470343603867
10776,91.51525793394082
10777,91.51581243184297
10778,91.51636692974512
10779,91.51692142764728
10780,91.51747592554942
10781,91.51803042345156
10782,91.51858492135372
10783,91.51913941925586
10784,91.51969391715802
10785,91.52024841506017
10786,91.52080291296232
10787,91.52135741086445
10788,91.52191190876661
10789,91.52246640666876
10790,91.52302090457091
10791,91.52357540247306
10792,91.5241299003752
10793,91.52468439827736
10794,91.5252388961795
10795,91.52579339408166
10796,91.5263478919838
10797,91.52644030830083
10798,91.52699480620299
10799,91.52754930410514
10800,91.5281038020073
10801,91.52865829990942
10802,91.52921279781158
10803,91.52976729571373
10804,91.53032179361588
10805,91.53087629151803
10806,91.53143078942017
10807,91.53198528732233
10808,91.53253978522447
10809,91.53309428312663
10810,91.53364878102877
10811,91.53420327893093
10812,91.53475777683308
10813,91.5352198584182
10814,91.53577435632036
10815,91.53614402158846
10816,91.5366985194906
10817,91.53725301739274
10818,91.5378075152949
10819,91.53826959688003
10820,91.53882409478217
10821,91.53919376005028
10822,91.53974825795243
10823,91.54030275585457
10824,91.54085725375673
10825,91.54141175165887
10826,91.54196624956103
10827,91.54252074746317
10828,91.54307524536533
10829,91.54362974326747
10830,91.54418424116962
10831,91.54473873907178
10832,91.54529323697392
10833,91.54584773487608
10834,91.54640223277822
10835,91.54695673068038
10836,91.54751122858252
10837,91.54806572648468
10838,91.54862022438682
10839,91.54917472228897
10840,91.54972922019111
10841,91.55028371809325
10842,91.55083821599541
10843,91.55111546494649
10844,91.55166996284864
10845,91.55213204443376
10846,91.55268654233592
10847,91.55324104023806
10848,91.55379553814022
10849,91.55435003604236
10850,91.55490453394451
10851,91.55545903184667
10852,91.55601352974881
10853,91.55656802765097
10854,91.55703010923608
10855,91.55758460713824
10856,91.55813910504038
10857,91.55869360294253
10858,91.5589708518936
10859,91.55952534979576
10860,91.5600798476979
10861,91.56063434560005
10862,91.56118884350221
10863,91.56174334140435
10864,91.56229783930651
10865,91.56285233720865
10866,91.56340683511081
10867,91.56396133301295
10868,91.5645158309151
10869,91.56507032881726
10870,91.5656248267194
10871,91.56617932462156
10872,91.5667338225237
10873,91.56728832042586
10874,91.567842818328
10875,91.56839731623016
10876,91.5689518141323
10877,91.56950631203445
10878,91.5700608099366
10879,91.57061530783875
10880,91.57116980574091
10881,91.57172430364305
10882,91.57227880154521
10883,91.57283329944735
10884,91.5733877973495
10885,91.57394229525165
10886,91.5744967931538
10887,91.57495887473893
10888,91.57551337264107
10889,91.57606787054323
10890,91.57662236844537
10891,91.57717686634751
10892,91.57773136424967
10893,91.57828586215182
10894,91.57884036005397
10895,91.57939485795612
10896,91.57994935585828
10897,91.58050385376042
10898,91.58105835166256
10899,91.58161284956472
10900,91.58216734746686
10901,91.58272184536902
10902,91.58327634327117
10903,91.58383084117332
10904,91.58438533907547
10905,91.58493983697763
10906,91.58549433487977
10907,91.58604883278191
10908,91.58660333068407
10909,91.58669574700109
10910,91.58725024490325
10911,91.58780474280539
10912,91.58835924070755
10913,91.58891373860969
10914,91.58946823651183
10915,91.59002273441399
10916,91.59057723231614
10917,91.59103931390126
10918,91.5915938118034
10919,91.59214830970555
10920,91.59270280760771
10921,91.59325730550985
10922,91.59381180341201
10923,91.59427388499714
10924,91.59482838289928
10925,91.59538288080144
10926,91.59547529711845
10927,91.59602979502061
10928,91.59612221133764
10929,91.59667670923979
10930,91.59723120714193
10931,91.59778570504409
10932,91.59834020294623
10933,91.59889470084838
10934,91.59944919875052
10935,91.60000369665268
10936,91.60055819455482
10937,91.60111269245698
10938,91.60120510877401
10939,91.60166719035912
10940,91.60222168826128
10941,91.60240652089533
10942,91.60296101879749
10943,91.60351551669963
10944,91.60407001460177
10945,91.60462451250393
10946,91.60517901040608
10947,91.60573350830823
10948,91.60628800621038
10949,91.60684250411254
10950,91.60739700201468
10951,91.60785908359979
10952,91.60841358150195
10953,91.6089680794041
10954,91.60952257730625
10955,91.6100770752084
10956,91.61063157311055
10957,91.6111860710127
10958,91.61174056891484
10959,91.612295066817
10960,91.61284956471914
10961,91.6134040626213
10962,91.61395856052344
10963,91.6145130584256
10964,91.61506755632774
10965,91.61525238896179
10966,91.61580688686395
10967,91.6163613847661
10968,91.61691588266825
10969,91.6174703805704
10970,91.61802487847255
10971,91.6185793763747
10972,91.61913387427684
10973,91.61968837217898
10974,91.62024287008114
10975,91.62079736798329
10976,91.62135186588543
10977,91.62190636378759
10978,91.62246086168973
10979,91.62301535959189
10980,91.62356985749403
10981,91.62412435539619
10982,91.62467885329833
10983,91.62523335120049
10984,91.62578784910264
10985,91.62634234700478
10986,91.62689684490694
10987,91.62745134280908
10988,91.62800584071124
10989,91.62837550597934
10990,91.62893000388148
10991,91.62948450178364
10992,91.63003899968578
10993,91.63059349758794
10994,91.63096316285603
10995,91.63142524444116
10996,91.6319797423433
10997,91.63253424024546
10998,91.6330887381476
10999,91.63364323604975
11000,91.63419773395191
11001,91.63475223185405
11002,91.63530672975621
11003,91.63586122765835
11004,91.63613847660943
11005,91.63660055819456
11006,91.6371550560967
11007,91.63770955399886
11008,91.638264051901
11009,91.63881854980316
11010,91.6393730477053
11011,91.63992754560745
11012,91.64048204350959
11013,91.64103654141175
11014,91.6415910393139
11015,91.64214553721605
11016,91.64214553721605
11017,91.6427000351182
11018,91.64297728406927
11019,91.64353178197142
11020,91.64408627987358
11021,91.64464077777572
11022,91.64519527567788
11023,91.64574977358002
11024,91.64630427148217
11025,91.64685876938432
11026,91.64741326728647
11027,91.64796776518862
11028,91.64852226309077
11029,91.64907676099293
11030,91.64963125889507
11031,91.65018575679721
11032,91.65018575679721
11033,91.65064783838235
11034,91.65101750365045
11035,91.65147958523558
11036,91.65203408313772
11037,91.6523113320888
11038,91.65286582999094
11039,91.6534203278931
11040,91.65397482579523
11041,91.65452932369739
11042,91.65508382159953
11043,91.65563831950169
11044,91.65619281740383
11045,91.65674731530599
11046,91.65730181320814
11047,91.65785631111028
11048,91.65841080901244
11049,91.65896530691458
11050,91.65942738849971
11051,91.65998188640187
11052,91.66053638430401
11053,91.66109088220617
11054,91.66164538010831
11055,91.66219987801047
11056,91.66275437591261
11057,91.66330887381477
11058,91.66386337171691
11059,91.66441786961906
11060,91.66497236752122
11061,91.66552686542336
11062,91.66608136332552
11063,91.66663586122766
11064,91.66663586122766
11065,91.66719035912982
11066,91.66774485703196
11067,91.6682993549341
11068,91.66885385283625
11069,91.66940835073841
11070,91.66996284864055
11071,91.6705173465427
11072,91.67079459549377
11073,91.67134909339593
11074,91.67190359129808
11075,91.67190359129808
11076,91.67245808920022
11077,91.67245808920022
11078,91.67301258710238
11079,91.67356708500452
11080,91.67412158290668
11081,91.67467608080882
11082,91.67467608080882
11083,91.67504574607692
11084,91.67560024397908
11085,91.67615474188122
11086,91.67633957451528
11087,91.67689407241743
11088,91.67744857031957
11089,91.67800306822173
11090,91.67855756612387
11091,91.67911206402603
11092,91.67966656192817
11093,91.68003622719627
11094,91.68059072509843
11095,91.68114522300057
11096,91.68169972090271
11097,91.68225421880487
11098,91.68280871670702
11099,91.68336321460917
11100,91.68391771251132
11101,91.68447221041347
11102,91.68502670831562
11103,91.68558120621778
11104,91.68613570411992
11105,91.68669020202206
11106,91.68724469992422
11107,91.68779919782637
11108,91.68779919782637
11109,91.68835369572852
11110,91.68890819363067
11111,91.68946269153282
11112,91.69001718943497
11113,91.69057168733713
11114,91.69112618523927
11115,91.69168068314141
11116,91.69223518104357
11117,91.69278967894572
11118,91.69334417684787
11119,91.69389867475002
11120,91.69445317265217
11121,91.69500767055432
11122,91.69556216845646
11123,91.6961166663586
11124,91.69667116426076
11125,91.69722566216291
11126,91.69778016006505
11127,91.69833465796721
11128,91.69861190691829
11129,91.69916640482043
11130,91.69972090272258
11131,91.70027540062473
11132,91.70082989852688
11133,91.70138439642903
11134,91.70193889433118
11135,91.70249339223334
11136,91.70304789013548
11137,91.70360238803764
11138,91.70415688593978
11139,91.70471138384192
11140,91.70526588174408
11141,91.70582037964623
11142,91.70637487754838
11143,91.70692937545053
11144,91.70748387335269
11145,91.70803837125483
11146,91.70850045283996
11147,91.70905495074211
11148,91.70960944864426
11149,91.70960944864426
11150,91.7101639465464
11151,91.71071844444855
11152,91.7112729423507
11153,91.71182744025285
11154,91.71238193815499
11155,91.71293643605715
11156,91.71349093395929
11157,91.71395301554442
11158,91.71450751344658
11159,91.7149695950317
11160,91.71552409293385
11161,91.716078590836
11162,91.71663308873815
11163,91.71718758664029
11164,91.71774208454244
11165,91.7182965824446
11166,91.71885108034674
11167,91.7194055782489
11168,91.71996007615104
11169,91.7205145740532
11170,91.72106907195534
11171,91.72162356985748
11172,91.72217806775964
11173,91.72254773302775
11174,91.7231022309299
11175,91.72365672883205
11176,91.72421122673418
11177,91.72448847568526
11178,91.7250429735874
11179,91.72559747148956
11180,91.72615196939171
11181,91.72670646729387
11182,91.72726096519601
11183,91.72772304678114
11184,91.7282775446833
11185,91.72883204258544
11186,91.7293865404876
11187,91.72994103838974
11188,91.73049553629188
11189,91.73105003419404
11190,91.73160453209618
11191,91.73215902999834
11192,91.73271352790049
11193,91.73326802580264
11194,91.73382252370479
11195,91.73437702160695
11196,91.73493151950909
11197,91.73548601741123
11198,91.73604051531339
11199,91.73659501321553
11200,91.73714951111769
11201,91.73724192743471
11202,91.73779642533685
11203,91.73835092323901
11204,91.73835092323901
11205,91.73890542114115
11206,91.73945991904331
11207,91.73964475167735
11208,91.7401992495795
11209,91.74075374748165
11210,91.7413082453838
11211,91.74186274328595
11212,91.74232482487108
11213,91.74287932277323
11214,91.74343382067538
11215,91.74398831857754
11216,91.74454281647968
11217,91.74509731438182
11218,91.74565181228398
11219,91.74620631018612
11220,91.74676080808828
11221,91.74731530599043
11222,91.74786980389258
11223,91.74842430179473
11224,91.74897879969689
11225,91.74953329759903
11226,91.75008779550117
11227,91.75064229340333
11228,91.75064229340333
11229,91.75119679130547
11230,91.75175128920762
11231,91.75230578710976
11232,91.75276786869489
11233,91.75332236659705
11234,91.75387686449919
11235,91.75443136240135
11236,91.75498586030349
11237,91.75554035820565
11238,91.7560948561078
11239,91.75664935400995
11240,91.7572038519121
11241,91.75775834981424
11242,91.7583128477164
11243,91.75886734561854
11244,91.7594218435207
11245,91.75997634142284
11246,91.760530839325
11247,91.76108533722714
11248,91.76163983512929
11249,91.76219433303145
11250,91.76274883093359
11251,91.76330332883575
11252,91.76385782673789
11253,91.76385782673789
11254,91.76441232464005
11255,91.76496682254219
11256,91.76552132044435
11257,91.76552132044435
11258,91.76607581834648
11259,91.76663031624864
11260,91.76718481415078
11261,91.76773931205292
11262,91.76829380995508
11263,91.76884830785723
11264,91.76940280575938
11265,91.76995730366153
11266,91.77051180156369
11267,91.77106629946583
11268,91.77162079736799
11269,91.77217529527013
11270,91.77272979317227
11271,91.77328429107443
11272,91.77383878897658
11273,91.77439328687873
11274,91.77494778478088
11275,91.77550228268304
11276,91.77605678058518
11277,91.77661127848734
11278,91.77716577638948
11279,91.77772027429162
11280,91.77827477219378
11281,91.77882927009593
11282,91.77938376799808
11283,91.77993826590023
11284,91.78049276380239
11285,91.78104726170453
11286,91.78160175960667
11287,91.78215625750883
11288,91.78271075541097
11289,91.78326525331313
11290,91.78381975121528
11291,91.78391216753229
11292,91.78446666543445
11293,91.7850211633366
11294,91.78557566123875
11295,91.7861301591409
11296,91.78668465704305
11297,91.7872391549452
11298,91.78779365284736
11299,91.7883481507495
11300,91.7883481507495
11301,91.78890264865164
11302,91.7894571465538
11303,91.79001164445594
11304,91.7905661423581
11305,91.79112064026025
11306,91.7916751381624
11307,91.79222963606455
11308,91.7927841339667
11309,91.79333863186885
11310,91.79389312977099
11311,91.79444762767314
11312,91.79500212557528
11313,91.79555662347744
11314,91.79611112137958
11315,91.79666561928174
11316,91.79722011718388
11317,91.79777461508604
11318,91.79832911298818
11319,91.79888361089034
11320,91.79943810879249
11321,91.79971535774357
11322,91.80026985564571
11323,91.80082435354787
11324,91.80137885145001
11325,91.80193334935215
11326,91.80248784725431
11327,91.80304234515646
11328,91.80359684305861
11329,91.80415134096076
11330,91.80470583886292
11331,91.80526033676506
11332,91.80581483466722
11333,91.80618449993531
11334,91.80673899783746
11335,91.8072934957396
11336,91.80784799364176
11337,91.8084024915439
11338,91.80895698944606
11339,91.8095114873482
11340,91.81006598525036
11341,91.8106204831525
11342,91.81117498105465
11343,91.8117294789568
11344,91.81228397685895
11345,91.81274605844408
11346,91.81330055634623
11347,91.81385505424838
11348,91.81440955215054
11349,91.81496405005267
11350,91.81551854795482
11351,91.81607304585697
11352,91.81662754375913
11353,91.81718204166127
11354,91.81773653956343
11355,91.81792137219747
11356,91.81847587009962
11357,91.81903036800178
11358,91.81958486590392
11359,91.81995453117202
11360,91.82050902907417
11361,91.82106352697632
11362,91.82161802487848
11363,91.82217252278062
11364,91.82272702068278
11365,91.8231891022679
11366,91.82374360017005
11367,91.8242980980722
11368,91.82485259597435
11369,91.82540709387649
11370,91.82586917546162
11371,91.82642367336376
11372,91.82697817126592
11373,91.82753266916806
11374,91.82808716707022
11375,91.82864166497237
11376,91.82919616287451
11377,91.82975066077667
11378,91.83030515867881
11379,91.83085965658097
11380,91.83141415448311
11381,91.83187623606824
11382,91.8324307339704
11383,91.83298523187254
11384,91.8335397297747
11385,91.83409422767684
11386,91.83464872557899
11387,91.83520322348114
11388,91.83575772138329
11389,91.83631221928543
11390,91.83677430087056
11391,91.83677430087056
11392,91.83732879877272
11393,91.83788329667486
11394,91.838437794577
11395,91.83899229247916
11396,91.8395467903813
11397,91.84010128828346
11398,91.84065578618561
11399,91.8410254514537
11400,91.84157994935586
11401,91.84194961462396
11402,91.84241169620908
11403,91.84296619411123
11404,91.84352069201339
11405,91.84407518991553
11406,91.84462968781769
11407,91.84518418571983
11408,91.84573868362197
11409,91.84629318152413
11410,91.84684767942628
11411,91.84740217732843
11412,91.84795667523058
11413,91.84851117313274
11414,91.84906567103488
11415,91.84962016893704
11416,91.84962016893704
11417,91.85017466683918
11418,91.85072916474132
11419,91.85128366264348
11420,91.85183816054563
11421,91.85239265844778
11422,91.85294715634993
11423,91.85350165425209
11424,91.85405615215423
11425,91.85461065005637
11426,91.85516514795853
11427,91.85571964586067
11428,91.85627414376283
11429,91.85636656007985
11430,91.85692105798199
11431,91.85747555588415
11432,91.8580300537863
11433,91.85858455168845
11434,91.8591390495906
11435,91.85969354749275
11436,91.8602480453949
11437,91.86080254329705
11438,91.8613570411992
11439,91.86191153910134
11440,91.86228120436944
11441,91.8628357022716
11442,91.86339020017374
11443,91.8639446980759
11444,91.86449919597804
11445,91.8650536938802
11446,91.86560819178234
11447,91.8661626896845
11448,91.86671718758664
11449,91.86727168548879
11450,91.86782618339095
11451,91.86838068129309
11452,91.86893517919525
11453,91.86948967709739
11454,91.87004417499955
11455,91.87032142395061
11456,91.87087592185276
11457,91.87096833816979
11458,91.87115317080384
11459,91.87115317080384
11460,91.87170766870598
11461,91.87226216660814
11462,91.87281666451028
11463,91.87337116241243
11464,91.87392566031458
11465,91.87448015821673
11466,91.87503465611888
11467,91.87558915402103
11468,91.87614365192319
11469,91.87669814982533
11470,91.87725264772749
11471,91.87780714562963
11472,91.87836164353178
11473,91.87891614143393
11474,91.87947063933608
11475,91.88002513723823
11476,91.88057963514038
11477,91.88094930040847
11478,91.88150379831063
11479,91.88205829621278
11480,91.88261279411492
11481,91.88316729201708
11482,91.88372178991922
11483,91.88427628782138
11484,91.88483078572352
11485,91.88538528362568
11486,91.88593978152782
11487,91.88649427942998
11488,91.88695636101511
11489,91.88751085891725
11490,91.88806535681941
11491,91.88861985472155
11492,91.8891743526237
11493,91.88972885052586
11494,91.890283348428
11495,91.89083784633016
11496,91.89139234423229
11497,91.89194684213444
11498,91.89250134003659
11499,91.89305583793875
11500,91.89361033584089
11501,91.89416483374305
11502,91.89471933164519
11503,91.89527382954734
11504,91.8958283274495
11505,91.89638282535164
11506,91.8969373232538
11507,91.8969373232538
11508,91.89749182115594
11509,91.8980463190581
11510,91.89860081696024
11511,91.89915531486238
11512,91.89970981276454
11513,91.90026431066669
11514,91.90081880856884
11515,91.90137330647099
11516,91.90192780437314
11517,91.90248230227529
11518,91.90303680017745
11519,91.90359129807959
11520,91.90414579598173
11521,91.90470029388389
11522,91.90525479178604
11523,91.9058092896882
11524,91.90636378759034
11525,91.9069182854925
11526,91.90738036707761
11527,91.90793486497975
11528,91.90848936288191
11529,91.90904386078405
11530,91.90959835868621
11531,91.91015285658835
11532,91.91070735449051
11533,91.91126185239266
11534,91.9118163502948
11535,91.91237084819696
11536,91.91283292978208
11537,91.9132950113672
11538,91.91375709295232
11539,91.91421917453746
11540,91.91468125612258
11541,91.9151433377077
11542,91.91560541929283
11543,91.91606750087796
11544,91.91652958246308
11545,91.91699166404821
11546,91.91745374563332
11547,91.91791582721845
11548,91.91837790880358
11549,91.9188399903887
11550,91.91930207197383
11551,91.91976415355894
11552,91.92022623514407
11553,91.9206883167292
11554,91.92115039831432
11555,91.92161247989945
11556,91.92207456148458
11557,91.92253664306969
11558,91.92299872465483
11559,91.92346080623996
11560,91.92392288782507
11561,91.9243849694102
11562,91.92484705099533
11563,91.92530913258045
11564,91.92577121416558
11565,91.92623329575069
11566,91.92669537733582
11567,91.92715745892095
11568,91.92761954050607
11569,91.9280816220912
11570,91.92854370367633
11571,91.92900578526144
11572,91.92946786684657
11573,91.92992994843169
11574,91.93039203001682
11575,91.93085411160195
11576,91.93131619318707
11577,91.93177827477219
11578,91.93224035635733
11579,91.93270243794245
11580,91.93316451952757
11581,91.93362660111269
11582,91.93399626638079
11583,91.93445834796591
11584,91.93492042955104
11585,91.93538251113617
11586,91.9358445927213
11587,91.93630667430641
11588,91.93630667430641
11589,91.93676875589153
11590,91.93723083747668
11591,91.93769291906179
11592,91.93815500064692
11593,91.93861708223204
11594,91.93907916381715
11595,91.9395412454023
11596,91.9395412454023
11597,91.94000332698742
11598,91.94046540857254
11599,91.94092749015766
11600,91.94138957174277
11601,91.94185165332792
11602,91.94231373491304
11603,91.94231373491304
11604,91.94277581649816
11605,91.9429606491322
11606,91.94342273071734
11607,91.94388481230246
11608,91.94434689388758
11609,91.94480897547271
11610,91.94527105705784
11611,91.94573313864296
11612,91.94619522022809
11613,91.9466573018132
11614,91.94711938339833
11615,91.94758146498346
11616,91.94804354656858
11617,91.94850562815371
11618,91.94896770973882
11619,91.94942979132395
11620,91.94989187290908
11621,91.9503539544942
11622,91.95081603607933
11623,91.95127811766446
11624,91.95174019924957
11625,91.95192503188363
11626,91.95238711346876
11627,91.95284919505387
11628,91.953311276639
11629,91.95377335822414
11630,91.95423543980925
11631,91.95469752139438
11632,91.95515960297949
11633,91.95562168456462
11634,91.95608376614976
11635,91.95654584773487
11636,91.95700792932
11637,91.95747001090513
11638,91.95793209249025
11639,91.95839417407538
11640,91.9588562556605
11641,91.95931833724562
11642,91.95978041883075
11643,91.96024250041587
11644,91.960704582001
11645,91.96116666358613
11646,91.96162874517124
11647,91.96209082675637
11648,91.96209082675637
11649,91.9625529083415
11650,91.96301498992662
11651,91.96347707151175
11652,91.96393915309687
11653,91.96440123468199
11654,91.96486331626713
11655,91.96532539785225
11656,91.96578747943737
11657,91.9662495610225
11658,91.96671164260762
11659,91.96717372419275
11660,91.96763580577787
11661,91.96809788736299
11662,91.96855996894811
11663,91.96902205053324
11664,91.96948413211837
11665,91.9699462137035
11666,91.9699462137035
11667,91.97040829528862
11668,91.97077796055672
11669,91.97124004214184
11670,91.97170212372696
11671,91.97216420531208
11672,91.97262628689722
11673,91.97308836848234
11674,91.97355045006746
11675,91.97401253165259
11676,91.97447461323772
11677,91.97475186218878
11678,91.97521394377391
11679,91.97567602535904
11680,91.97613810694416
11681,91.97660018852929
11682,91.9770622701144
11683,91.9770622701144
11684,91.97752435169953
11685,91.97798643328467
11686,91.97844851486978
11687,91.97872576382086
11688,91.97909542908896
11689,91.97955751067408
11690,91.97955751067408
11691,91.98001959225921
11692,91.98048167384434
11693,91.98094375542945
11694,91.98140583701459
11695,91.98186791859972
11696,91.98233000018483
11697,91.98279208176996
11698,91.98325416335507
11699,91.98371624494021
11700,91.98417832652534
11701,91.98464040811045
11702,91.98510248969558
11703,91.9855645712807
11704,91.98602665286583
11705,91.98648873445096
11706,91.98695081603609
11707,91.9874128976212
11708,91.98787497920632
11709,91.98833706079145
11710,91.98879914237658
11711,91.9892612239617
11712,91.98972330554682
11713,91.99018538713194
11714,91.99064746871709
11715,91.9911095503022
11716,91.99157163188733
11717,91.99203371347245
11718,91.99249579505758
11719,91.9929578766427
11720,91.99341995822783
11721,91.99388203981295
11722,91.99434412139807
11723,91.9948062029832
11724,91.99526828456833
11725,91.99573036615345
11726,91.99619244773857
11727,91.99665452932369
11728,91.99711661090882
11729,91.99757869249395
11730,91.99804077407907
11731,91.9985028556642
11732,91.99868768829825
11733,91.99914976988337
11734,91.9996118514685
11735,92.00007393305361
11736,92.00053601463874
11737,92.00099809622387
11738,92.001460177809
11739,92.00192225939412
11740,92.00238434097925
11741,92.00284642256436
11742,92.0033085041495
11743,92.0033085041495
11744,92.00377058573461
11745,92.00423266731974
11746,92.00423266731974
11747,92.00469474890487
11748,92.00515683048998
11749,92.00561891207512
11750,92.00598857734322
11751,92.00645065892834
11752,92.00682032419644
11753,92.00718998946455
11754,92.00755965473265
11755,92.00802173631777
11756,92.00848381790288
11757,92.00894589948801
11758,92.00940798107314
11759,92.00987006265827
11760,92.01033214424339
11761,92.0107942258285
11762,92.01107147477958
11763,92.01153355636471
11764,92.01199563794984
11765,92.01245771953495
11766,92.01291980112009
11767,92.01338188270522
11768,92.01384396429033
11769,92.01430604587546
11770,92.01476812746058
11771,92.01523020904571
11772,92.01569229063084
11773,92.01615437221596
11774,92.01661645380108
11775,92.0170785353862
11776,92.01754061697133
11777,92.01800269855646
11778,92.01846478014158
11779,92.0189268617267
11780,92.01938894331182
11781,92.01985102489697
11782,92.02031310648208
11783,92.0207751880672
11784,92.02123726965233
11785,92.02169935123746
11786,92.02216143282259
11787,92.02262351440771
11788,92.02308559599282
11789,92.02354767757795
11790,92.02354767757795
11791,92.02400975916308
11792,92.0244718407482
11793,92.02493392233333
11794,92.02539600391844
11795,92.02585808550357
11796,92.0263201670887
11797,92.0263201670887
11798,92.02678224867383
11799,92.02724433025895
11800,92.02724433025895
11801,92.02761399552705
11802,92.02807607711217
11803,92.0285381586973
11804,92.02900024028241
11805,92.02946232186756
11806,92.02992440345268
11807,92.0303864850378
11808,92.0307561503059
11809,92.03121823189102
11810,92.03121823189102
11811,92.03168031347614
11812,92.03214239506127
11813,92.0326044766464
11814,92.03306655823152
11815,92.03352863981664
11816,92.03399072140176
11817,92.0344528029869
11818,92.03491488457202
11819,92.03537696615714
11820,92.03583904774227
11821,92.0363011293274
11822,92.03676321091253
11823,92.03722529249765
11824,92.03768737408276
11825,92.03814945566789
11826,92.03861153725302
11827,92.03907361883815
11828,92.03953570042327
11829,92.03999778200838
11830,92.04045986359351
11831,92.04092194517864
11832,92.04138402676377
11833,92.04184610834889
11834,92.04230818993402
11835,92.04277027151913
11836,92.04323235310426
11837,92.0436944346894
11838,92.04415651627451
11839,92.04461859785964
11840,92.04508067944475
11841,92.04554276102989
11842,92.04600484261502
11843,92.04646692420013
11844,92.04692900578526
11845,92.04739108737039
11846,92.04785316895551
11847,92.04831525054064
11848,92.04877733212577
11849,92.04923941371088
11850,92.049701495296
11851,92.05016357688113
11852,92.05062565846626
11853,92.05108774005139
11854,92.05154982163651
11855,92.05201190322163
11856,92.05247398480677
11857,92.05293606639188
11858,92.053398147977
11859,92.05386022956213
11860,92.05432231114725
11861,92.05469197641536
11862,92.05515405800048
11863,92.05561613958561
11864,92.05607822117074
11865,92.05654030275585
11866,92.05700238434098
11867,92.0574644659261
11868,92.05792654751123
11869,92.05838862909636
11870,92.05885071068147
11871,92.0593127922666
11872,92.05977487385172
11873,92.05977487385172
11874,92.06023695543685
11875,92.06069903702198
11876,92.0611611186071
11877,92.06162320019222
11878,92.06208528177736
11879,92.06254736336248
11880,92.0630094449476
11881,92.06347152653272
11882,92.06393360811785
11883,92.06439568970298
11884,92.0648577712881
11885,92.06531985287323
11886,92.06578193445834
11887,92.06624401604347
11888,92.0667060976286
11889,92.06716817921372
11890,92.06763026079885
11891,92.06809234238396
11892,92.06855442396909
11893,92.06855442396909
11894,92.06901650555423
11895,92.06947858713934
11896,92.06994066872447
11897,92.0704027503096
11898,92.07086483189471
11899,92.07132691347985
11900,92.07178899506498
11901,92.07225107665009
11902,92.07271315823522
11903,92.07317523982034
11904,92.07363732140547
11905,92.0740994029906
11906,92.07456148457571
11907,92.07502356616084
11908,92.07548564774596
11909,92.07594772933109
11910,92.07640981091622
11911,92.07687189250134
11912,92.07733397408646
11913,92.07779605567158
11914,92.07825813725673
11915,92.07872021884184
11916,92.07918230042696
11917,92.07964438201209
11918,92.07973679832911
11919,92.08019887991424
11920,92.08066096149936
11921,92.08112304308449
11922,92.0815851246696
11923,92.08204720625474
11924,92.08250928783987
11925,92.08297136942498
11926,92.08343345101011
11927,92.08389553259524
11928,92.08435761418036
11929,92.08481969576549
11930,92.08528177735062
11931,92.08574385893573
11932,92.08620594052086
11933,92.08666802210598
11934,92.08713010369111
11935,92.08759218527624
11936,92.08805426686135
11937,92.08851634844648
11938,92.0889784300316
11939,92.08944051161673
11940,92.08990259320186
11941,92.09036467478698
11942,92.0908267563721
11943,92.09128883795724
11944,92.09175091954236
11945,92.09221300112748
11946,92.0926750827126
11947,92.09313716429773
11948,92.09359924588286
11949,92.09406132746798
11950,92.0945234090531
11951,92.09498549063822
11952,92.09517032327228
11953,92.0956324048574
11954,92.09609448644252
11955,92.09655656802765
11956,92.09701864961278
11957,92.0974807311979
11958,92.09794281278303
11959,92.09831247805113
11960,92.09877455963625
11961,92.09923664122137
11962,92.0996987228065
11963,92.10016080439163
11964,92.10062288597675
11965,92.10108496756187
11966,92.10154704914699
11967,92.10200913073211
11968,92.10247121231725
11969,92.10293329390237
11970,92.1033953754875
11971,92.10385745707262
11972,92.10431953865775
11973,92.10478162024287
11974,92.105243701828
11975,92.10570578341311
11976,92.10616786499824
11977,92.10662994658337
11978,92.1070920281685
11979,92.10755410975362
11980,92.10801619133873
11981,92.10847827292386
11982,92.10894035450899
11983,92.10940243609411
11984,92.10986451767924
11985,92.11032659926437
11986,92.11078868084948
11987,92.11125076243462
11988,92.11171284401975
11989,92.11217492560486
11990,92.11263700718999
11991,92.11309908877512
11992,92.11356117036024
11993,92.11402325194537
11994,92.1144853335305
11995,92.11494741511561
11996,92.11540949670074
11997,92.11587157828586
11998,92.11633365987099
11999,92.11679574145612
12000,92.11725782304123
12001,92.11771990462636
12002,92.11818198621148
12003,92.11864406779661
12004,92.11901373306472
12005,92.11947581464983
12006,92.11993789623496
12007,92.12039997782009
12008,92.12086205940521
12009,92.12132414099034
12010,92.1216013899414
12011,92.12206347152653
12012,92.12252555311166
12013,92.12298763469678
12014,92.1234497162819
12015,92.12354213259893
12016,92.12400421418405
12017,92.12446629576918
12018,92.12492837735431
12019,92.12539045893942
12020,92.12585254052456
12021,92.12631462210969
12022,92.1267767036948
12023,92.12723878527993
12024,92.12770086686506
12025,92.12816294845018
12026,92.12853261371828
12027,92.1289946953034
12028,92.12945677688853
12029,92.12991885847364
12030,92.13038094005877
12031,92.13038094005877
12032,92.13075060532687
12033,92.131212686912
12034,92.13167476849713
12035,92.13213685008225
12036,92.13241409903333
12037,92.13287618061845
12038,92.13333826220358
12039,92.13380034378869
12040,92.13426242537382
12041,92.13435484169085
12042,92.13435484169085
12043,92.13481692327598
12044,92.1352790048611
12045,92.13574108644622
12046,92.13620316803134
12047,92.13666524961647
12048,92.1371273312016
12049,92.13758941278672
12050,92.13805149437184
12051,92.13851357595698
12052,92.1389756575421
12053,92.13943773912722
12054,92.13989982071234
12055,92.14036190229747
12056,92.1408239838826
12057,92.1408239838826
12058,92.14128606546772
12059,92.14174814705285
12060,92.14211781232095
12061,92.14257989390606
12062,92.14304197549119
12063,92.14350405707631
12064,92.14396613866144
12065,92.14442822024657
12066,92.1448903018317
12067,92.1453523834168
12068,92.14581446500193
12069,92.14627654658707
12070,92.14673862817219
12071,92.14720070975731
12072,92.14766279134244
12073,92.14766279134244
12074,92.14812487292757
12075,92.1485869545127
12076,92.14904903609782
12077,92.14951111768293
12078,92.14997319926806
12079,92.15043528085319
12080,92.15089736243831
12081,92.15135944402344
12082,92.15182152560855
12083,92.15228360719368
12084,92.15274568877881
12085,92.15320777036393
12086,92.15366985194906
12087,92.15413193353419
12088,92.1545940151193
12089,92.15505609670444
12090,92.15551817828957
12091,92.15598025987468
12092,92.15644234145981
12093,92.15644234145981
12094,92.15690442304492
12095,92.15727408831303
12096,92.15773616989816
12097,92.1579210025322
12098,92.15838308411733
12099,92.15884516570245
12100,92.15930724728759
12101,92.15976932887271
12102,92.16023141045783
12103,92.16069349204295
12104,92.16115557362808
12105,92.1616176552132
12106,92.16207973679833
12107,92.16244940206643
12108,92.16291148365156
12109,92.16337356523668
12110,92.1638356468218
12111,92.16429772840694
12112,92.164574977358
12113,92.16503705894313
12114,92.16549914052825
12115,92.16596122211338
12116,92.1664233036985
12117,92.16688538528362
12118,92.16734746686875
12119,92.16780954845387
12120,92.168271630039
12121,92.16873371162413
12122,92.1690109605752
12123,92.16947304216032
12124,92.16993512374545
12125,92.17039720533057
12126,92.1708592869157
12127,92.17132136850083
12128,92.17178345008594
12129,92.17224553167107
12130,92.1727076132562
12131,92.17316969484132
12132,92.17363177642645
12133,92.17409385801157
12134,92.17455593959669
12135,92.17501802118181
12136,92.17548010276695
12137,92.17584976803505
12138,92.17631184962018
12139,92.17677393120529
12140,92.17723601279042
12141,92.17769809437554
12142,92.17816017596067
12143,92.1786222575458
12144,92.17908433913091
12145,92.17954642071604
12146,92.18000850230116
12147,92.18047058388629
12148,92.18093266547142
12149,92.18139474705654
12150,92.18185682864166
12151,92.1823189102268
12152,92.18278099181192
12153,92.18305824076299
12154,92.18352032234812
12155,92.18352032234812
12156,92.18398240393324
12157,92.18444448551837
12158,92.18490656710348
12159,92.18536864868861
12160,92.18564589763969
12161,92.1861079792248
12162,92.18657006080994
12163,92.18703214239507
12164,92.18749422398018
12165,92.18786388924829
12166,92.1883259708334
12167,92.18878805241853
12168,92.18925013400366
12169,92.18971221558878
12170,92.19017429717391
12171,92.19063637875904
12172,92.19109846034415
12173,92.19156054192929
12174,92.1920226235144
12175,92.19248470509953
12176,92.19294678668466
12177,92.19340886826977
12178,92.19387094985491
12179,92.19433303144004
12180,92.19479511302515
12181,92.19525719461028
12182,92.1957192761954
12183,92.19618135778053
12184,92.19664343936566
12185,92.19710552095079
12186,92.1975676025359
12187,92.19802968412102
12188,92.19849176570615
12189,92.19895384729128
12190,92.1994159288764
12191,92.19987801046152
12192,92.20034009204664
12193,92.20080217363179
12194,92.20107942258285
12195,92.20154150416798
12196,92.2020035857531
12197,92.20246566733823
12198,92.20292774892334
12199,92.20338983050847
12200,92.2038519120936
12201,92.20431399367872
12202,92.20477607526385
12203,92.20523815684898
12204,92.20570023843409
12205,92.20616232001923
12206,92.20662440160434
12207,92.20708648318947
12208,92.2075485647746
12209,92.20801064635971
12210,92.20847272794485
12211,92.20893480952998
12212,92.20939689111509
12213,92.20985897270022
12214,92.21032105428534
12215,92.21078313587047
12216,92.2112452174556
12217,92.21170729904073
12218,92.21216938062584
12219,92.21263146221096
12220,92.21309354379609
12221,92.21355562538122
12222,92.21401770696635
12223,92.21447978855146
12224,92.21494187013658
12225,92.21540395172173
12226,92.21586603330684
12227,92.21586603330684
12228,92.21632811489197
12229,92.21679019647709
12230,92.2172522780622
12231,92.21771435964735
12232,92.21817644123247
12233,92.21863852281759
12234,92.21910060440271
12235,92.21937785335379
12236,92.2198399349389
12237,92.22030201652403
12238,92.22076409810917
12239,92.22122617969428
12240,92.22168826127941
12241,92.22215034286454
12242,92.22261242444965
12243,92.22307450603479
12244,92.22353658761992
12245,92.22399866920503
12246,92.22446075079016
12247,92.22492283237528
12248,92.22538491396041
12249,92.22584699554554
12250,92.22630907713067
12251,92.22677115871578
12252,92.2272332403009
12253,92.22769532188603
12254,92.22815740347116
12255,92.22861948505629
12256,92.2290815666414
12257,92.22954364822652
12258,92.22972848086059
12259,92.2301905624457
12260,92.23065264403083
12261,92.23111472561595
12262,92.23157680720108
12263,92.2320388887862
12264,92.23250097037133
12265,92.23296305195645
12266,92.23342513354157
12267,92.23370238249265
12268,92.23416446407778
12269,92.2346265456629
12270,92.23508862724803
12271,92.23555070883314
12272,92.23601279041827
12273,92.23638245568637
12274,92.2368445372715
12275,92.23730661885664
12276,92.23776870044175
12277,92.23823078202687
12278,92.238692863612
12279,92.23915494519713
12280,92.23961702678226
12281,92.24007910836738
12282,92.2405411899525
12283,92.24100327153762
12284,92.24146535312275
12285,92.24192743470788
12286,92.242389516293
12287,92.24285159787811
12288,92.24331367946324
12289,92.24377576104837
12290,92.2442378426335
12291,92.24469992421862
12292,92.24516200580375
12293,92.24562408738886
12294,92.24608616897399
12295,92.24654825055913
12296,92.24701033214424
12297,92.24747241372937
12298,92.24793449531448
12299,92.24839657689962
12300,92.24885865848475
12301,92.24932074006986
12302,92.24978282165499
12303,92.25024490324012
12304,92.25070698482524
12305,92.25116906641037
12306,92.2516311479955
12307,92.25209322958061
12308,92.25255531116574
12309,92.25301739275086
12310,92.25347947433599
12311,92.25394155592112
12312,92.25431122118921
12313,92.25477330277434
12314,92.25523538435945
12315,92.25551263331053
12316,92.25560504962756
12317,92.25588229857864
12318,92.25634438016375
12319,92.25634438016375
12320,92.25680646174888
12321,92.25726854333402
12322,92.25773062491913
12323,92.25782304123616
12324,92.25828512282128
12325,92.2587472044064
12326,92.25920928599155
12327,92.25967136757666
12328,92.26013344916178
12329,92.26059553074691
12330,92.26105761233202
12331,92.26151969391717
12332,92.26198177550228
12333,92.2624438570874
12334,92.26290593867253
12335,92.26336802025766
12336,92.26383010184279
12337,92.26429218342791
12338,92.26438459974493
12339,92.26447701606195
12340,92.26493909764709
12341,92.26540117923221
12342,92.26586326081733
12343,92.26632534240245
12344,92.26678742398758
12345,92.2672495055727
12346,92.26771158715783
12347,92.26817366874296
12348,92.26863575032807
12349,92.2690978319132
12350,92.26955991349833
12351,92.27002199508345
12352,92.27048407666858
12353,92.2709461582537
12354,92.27140823983882
12355,92.27187032142396
12356,92.27233240300907
12357,92.2727944845942
12358,92.27325656617933
12359,92.27371864776444
12360,92.27418072934958
12361,92.27464281093471
12362,92.27510489251982
12363,92.27556697410495
12364,92.27602905569007
12365,92.2764911372752
12366,92.27695321886033
12367,92.27741530044544
12368,92.27787738203057
12369,92.2783394636157
12370,92.27880154520082
12371,92.27926362678595
12372,92.27972570837107
12373,92.27972570837107
12374,92.28018778995619
12375,92.28064987154131
12376,92.28101953680941
12377,92.28148161839455
12378,92.28194369997968
12379,92.28240578156479
12380,92.28286786314992
12381,92.28332994473504
12382,92.28379202632017
12383,92.2842541079053
12384,92.28471618949041
12385,92.28517827107554
12386,92.28564035266066
12387,92.28610243424579
12388,92.28656451583092
12389,92.28702659741604
12390,92.28748867900116
12391,92.28795076058628
12392,92.28841284217143
12393,92.28887492375654
12394,92.28933700534166
12395,92.28979908692678
12396,92.2902611685119
12397,92.29072325009705
12398,92.29118533168216
12399,92.2913701643162
12400,92.29183224590133
12401,92.29229432748646
12402,92.29275640907159
12403,92.29321849065671
12404,92.29368057224183
12405,92.29414265382697
12406,92.2946047354121
12407,92.2950668169972
12408,92.29552889858233
12409,92.29599098016746
12410,92.29645306175259
12411,92.29691514333771
12412,92.29728480860581
12413,92.29774689019094
12414,92.29820897177605
12415,92.29867105336118
12416,92.29913313494632
12417,92.29959521653143
12418,92.30005729811656
12419,92.30051937970168
12420,92.3009814612868
12421,92.30144354287194
12422,92.30190562445706
12423,92.30236770604218
12424,92.3028297876273
12425,92.30329186921242
12426,92.30375395079756
12427,92.30421603238268
12428,92.3046781139678
12429,92.30514019555292
12430,92.30560227713805
12431,92.30606435872318
12432,92.3065264403083
12433,92.30698852189343
12434,92.30745060347854
12435,92.30791268506367
12436,92.30837476664881
12437,92.30883684823392
12438,92.30929892981905
12439,92.30976101140418
12440,92.31022309298929
12441,92.31068517457443
12442,92.3109624235255
12443,92.31142450511062
12444,92.31188658669575
12445,92.31234866828088
12446,92.31244108459789
12447,92.31290316618302
12448,92.31336524776815
12449,92.31382732935327
12450,92.31410457830435
12451,92.31456665988948
12452,92.31502874147459
12453,92.3153984067427
12454,92.31586048832781
12455,92.31632256991294
12456,92.31678465149807
12457,92.3172467330832
12458,92.31770881466832
12459,92.31817089625343
12460,92.31863297783856
12461,92.31909505942369
12462,92.31955714100881
12463,92.32001922259394
12464,92.32048130417907
12465,92.32094338576418
12466,92.32094338576418
12467,92.32140546734932
12468,92.32186754893445
12469,92.32232963051956
12470,92.32279171210469
12471,92.32325379368982
12472,92.32371587527494
12473,92.32417795686007
12474,92.32464003844518
12475,92.32500970371329
12476,92.3254717852984
12477,92.32593386688353
12478,92.32639594846866
12479,92.32676561373677
12480,92.3272276953219
12481,92.32768977690701
12482,92.32815185849213
12483,92.32861394007726
12484,92.32907602166239
12485,92.32953810324751
12486,92.33000018483264
12487,92.33000018483264
12488,92.33046226641775
12489,92.33092434800288
12490,92.33138642958801
12491,92.33184851117313
12492,92.33231059275826
12493,92.33277267434337
12494,92.3332347559285
12495,92.33369683751363
12496,92.33415891909875
12497,92.33462100068388
12498,92.33508308226901
12499,92.33554516385412
12500,92.33600724543926
12501,92.33619207807331
12502,92.33628449439033
12503,92.33674657597545
12504,92.33720865756058
12505,92.33757832282869
12506,92.3380404044138
12507,92.33850248599893
12508,92.33896456758404
12509,92.33942664916917
12510,92.33988873075431
12511,92.34035081233942
12512,92.34081289392455
12513,92.34127497550968
12514,92.3417370570948
12515,92.34219913867993
12516,92.34266122026506
12517,92.34312330185017
12518,92.3435853834353
12519,92.34404746502042
12520,92.34450954660555
12521,92.34497162819068
12522,92.34543370977579
12523,92.34589579136092
12524,92.34635787294604
12525,92.34681995453117
12526,92.3472820361163
12527,92.34774411770142
12528,92.34820619928654
12529,92.34866828087166
12530,92.3491303624568
12531,92.34959244404192
12532,92.35005452562704
12533,92.35051660721217
12534,92.3509786887973
12535,92.35144077038242
12536,92.35190285196755
12537,92.35236493355266
12538,92.35254976618673
12539,92.35301184777184
12540,92.35347392935697
12541,92.35393601094209
12542,92.35439809252722
12543,92.35486017411235
12544,92.35532225569747
12545,92.35578433728259
12546,92.35624641886771
12547,92.35670850045284
12548,92.35717058203797
12549,92.3576326636231
12550,92.3576326636231
12551,92.35809474520822
12552,92.35855682679333
12553,92.35901890837846
12554,92.35929615732954
12555,92.35975823891465
12556,92.36022032049979
12557,92.36022032049979
12558,92.36068240208492
12559,92.36114448367003
12560,92.36142173262111
12561,92.36179139788922
12562,92.36225347947433
12563,92.36262314474244
12564,92.36308522632756
12565,92.36354730791268
12566,92.36400938949781
12567,92.36400938949781
12568,92.36447147108294
12569,92.36493355266806
12570,92.36539563425319
12571,92.3658577158383
12572,92.36631979742343
12573,92.36678187900856
12574,92.36724396059368
12575,92.36770604217881
12576,92.36816812376392
12577,92.36863020534905
12578,92.36909228693419
12579,92.36946195220229
12580,92.36992403378741
12581,92.37038611537253
12582,92.37084819695765
12583,92.37131027854278
12584,92.3717723601279
12585,92.37223444171303
12586,92.37269652329816
12587,92.37315860488327
12588,92.3736206864684
12589,92.37408276805353
12590,92.37454484963865
12591,92.37500693122378
12592,92.37546901280889
12593,92.37593109439402
12594,92.37639317597916
12595,92.37685525756427
12596,92.3773173391494
12597,92.37777942073453
12598,92.37824150231965
12599,92.37870358390478
12600,92.37916566548991
12601,92.37962774707502
12602,92.38008982866015
12603,92.38055191024527
12604,92.3810139918304
12605,92.38147607341553
12606,92.38193815500064
12607,92.38240023658577
12608,92.3828623181709
12609,92.38332439975602
12610,92.38350923239007
12611,92.3839713139752
12612,92.38443339556032
12613,92.38489547714545
12614,92.38535755873058
12615,92.38581964031569
12616,92.38628172190082
12617,92.38674380348596
12618,92.38711346875405
12619,92.38757555033916
12620,92.38803763192429
12621,92.38849971350942
12622,92.38896179509453
12623,92.38942387667967
12624,92.3898859582648
12625,92.3898859582648
12626,92.39034803984991
12627,92.39081012143504
12628,92.39127220302016
12629,92.39173428460529
12630,92.39219636619042
12631,92.39256603145851
12632,92.39302811304364
12633,92.39349019462877
12634,92.39395227621388
12635,92.39441435779902
12636,92.39487643938413
12637,92.39533852096926
12638,92.39580060255439
12639,92.3962626841395
12640,92.39672476572464
12641,92.39718684730977
12642,92.39764892889488
12643,92.39811101048001
12644,92.39857309206513
12645,92.39903517365026
12646,92.39922000628431
12647,92.39968208786944
12648,92.40014416945456
12649,92.40060625103969
12650,92.4010683326248
12651,92.40153041420993
12652,92.40199249579506
12653,92.40245457738018
12654,92.40291665896531
12655,92.40337874055044
12656,92.40374840581853
12657,92.40421048740366
12658,92.40467256898877
12659,92.4051346505739
12660,92.40559673215904
12661,92.40605881374415
12662,92.40652089532928
12663,92.4069829769144
12664,92.40744505849953
12665,92.40790714008466
12666,92.40836922166977
12667,92.4088313032549
12668,92.40929338484003
12669,92.40975546642515
12670,92.41021754801028
12671,92.4106796295954
12672,92.41114171118052
12673,92.41160379276565
12674,92.41206587435077
12675,92.4125279559359
12676,92.41299003752103
12677,92.41345211910615
12678,92.41391420069127
12679,92.41391420069127
12680,92.41437628227641
12681,92.41483836386152
12682,92.41530044544665
12683,92.41576252703177
12684,92.41622460861689
12685,92.41668669020203
12686,92.41714877178715
12687,92.41761085337227
12688,92.4180729349574
12689,92.41853501654252
12690,92.41899709812765
12691,92.4191819307617
12692,92.41964401234682
12693,92.42010609393193
12694,92.42056817551708
12695,92.4210302571022
12696,92.42149233868732
12697,92.42149233868732
12698,92.42195442027244
12699,92.42241650185757
12700,92.4228785834427
12701,92.42334066502782
12702,92.42371033029592
12703,92.42417241188105
12704,92.42463449346616
12705,92.42509657505128
12706,92.42555865663643
12707,92.42602073822154
12708,92.42648281980667
12709,92.42694490139179
12710,92.42740698297692
12711,92.42786906456205
12712,92.42833114614717
12713,92.42879322773229
12714,92.42916289300038
12715,92.42962497458551
12716,92.43008705617063
12717,92.43054913775576
12718,92.43082638670683
12719,92.43128846829197
12720,92.4317505498771
12721,92.4322126314622
12722,92.43267471304733
12723,92.43313679463246
12724,92.43350645990056
12725,92.43396854148568
12726,92.43443062307081
12727,92.43489270465594
12728,92.43535478624106
12729,92.43581686782618
12730,92.4362789494113
12731,92.43674103099643
12732,92.43720311258156
12733,92.43766519416668
12734,92.4381272757518
12735,92.43858935733694
12736,92.43868177365395
12737,92.43914385523908
12738,92.43960593682421
12739,92.44006801840932
12740,92.44053009999446
12741,92.44099218157959
12742,92.4414542631647
12743,92.44191634474983
12744,92.44237842633495
12745,92.44284050792008
12746,92.44330258950521
12747,92.44339500582223
12748,92.44385708740735
12749,92.44431916899248
12750,92.44468883426057
12751,92.4451509158457
12752,92.44561299743083
12753,92.44607507901596
12754,92.44653716060107
12755,92.4469992421862
12756,92.44709165850323
12757,92.44755374008835
12758,92.44801582167348
12759,92.44847790325859
12760,92.4488475685267
12761,92.44930965011181
12762,92.44977173169696
12763,92.44986414801397
12764,92.4503262295991
12765,92.45078831118421
12766,92.45078831118421
12767,92.45106556013529
12768,92.45152764172042
12769,92.45198972330554
12770,92.45245180489067
12771,92.4529138864758
12772,92.45337596806093
12773,92.45383804964604
12774,92.45430013123116
12775,92.4547622128163
12776,92.45522429440142
12777,92.45568637598655
12778,92.45614845757167
12779,92.45633329020572
12780,92.45679537179085
12781,92.45679537179085
12782,92.45725745337596
12783,92.45771953496109
12784,92.45818161654623
12785,92.45864369813134
12786,92.45910577971647
12787,92.45929061235051
12788,92.45975269393564
12789,92.46021477552077
12790,92.4606768571059
12791,92.46113893869101
12792,92.46160102027613
12793,92.46206310186128
12794,92.46252518344639
12795,92.46298726503151
12796,92.46344934661664
12797,92.46391142820175
12798,92.4643735097869
12799,92.46455834242093
12800,92.46502042400606
12801,92.46548250559118
12802,92.46594458717631
12803,92.46640666876144
12804,92.46686875034656
12805,92.46733083193168
12806,92.46779291351682
12807,92.46825499510194
12808,92.46871707668706
12809,92.46917915827218
12810,92.46964123985731
12811,92.47010332144244
12812,92.47056540302756
12813,92.47102748461268
12814,92.47139714988079
12815,92.4718592314659
12816,92.47232131305103
12817,92.47278339463617
12818,92.47324547622128
12819,92.4737075578064
12820,92.47416963939153
12821,92.47463172097665
12822,92.47509380256179
12823,92.47555588414691
12824,92.47601796573203
12825,92.47648004731715
12826,92.47694212890228
12827,92.4774042104874
12828,92.47786629207253
12829,92.47832837365765
12830,92.47879045524277
12831,92.4792525368279
12832,92.47971461841303
12833,92.47971461841303
12834,92.48017669999815
12835,92.48063878158328
12836,92.48063878158328
12837,92.4811008631684
12838,92.48156294475352
12839,92.48165536107055
12840,92.48211744265568
12841,92.4825795242408
12842,92.48304160582592
12843,92.48350368741104
12844,92.48396576899619
12845,92.4844278505813
12846,92.48488993216642
12847,92.48525959743452
12848,92.48572167901965
12849,92.48618376060477
12850,92.4866458421899
12851,92.48710792377503
12852,92.48757000536014
12853,92.48803208694527
12854,92.4884941685304
12855,92.48895625011552
12856,92.48941833170065
12857,92.48988041328577
12858,92.49034249487089
12859,92.49080457645601
12860,92.49126665804116
12861,92.49172873962627
12862,92.4921908212114
12863,92.49265290279651
12864,92.49311498438163
12865,92.49357706596678
12866,92.49403914755189
12867,92.49450122913701
12868,92.49496331072214
12869,92.49542539230727
12870,92.4958874738924
12871,92.49616472284346
12872,92.4966268044286
12873,92.49708888601371
12874,92.49755096759884
12875,92.49801304918397
12876,92.49847513076908
12877,92.49893721235422
12878,92.49939929393933
12879,92.49986137552446
12880,92.50032345710959
12881,92.50078553869471
12882,92.50106278764578
12883,92.5015248692309
12884,92.50198695081605
12885,92.50244903240116
12886,92.50291111398629
12887,92.50337319557141
12888,92.50383527715653
12889,92.50429735874167
12890,92.50457460769273
12891,92.50503668927786
12892,92.50549877086299
12893,92.50596085244811
12894,92.50642293403322
12895,92.50688501561835
12896,92.50734709720348
12897,92.5078091787886
12898,92.50827126037373
12899,92.50873334195886
12900,92.50901059090994
12901,92.50947267249505
12902,92.50993475408018
12903,92.5103968356653
12904,92.51085891725043
12905,92.51132099883556
12906,92.51178308042068
12907,92.51215274568878
12908,92.51233757832283
12909,92.51233757832283
12910,92.51279965990796
12911,92.51326174149308
12912,92.5137238230782
12913,92.51418590466332
12914,92.51464798624845
12915,92.51511006783358
12916,92.5155721494187
12917,92.51603423100383
12918,92.51649631258894
12919,92.51695839417408
12920,92.51742047575921
12921,92.51788255734432
12922,92.51834463892945
12923,92.51880672051458
12924,92.5192688020997
12925,92.51973088368483
12926,92.52019296526994
12927,92.52065504685507
12928,92.5211171284402
12929,92.52157921002532
12930,92.52204129161045
12931,92.52250337319558
12932,92.52296545478069
12933,92.52342753636582
12934,92.52388961795094
12935,92.52435169953607
12936,92.5248137811212
12937,92.52527586270632
12938,92.52573794429144
12939,92.52620002587658
12940,92.52666210746169
12941,92.52712418904682
12942,92.52758627063194
12943,92.52804835221707
12944,92.5285104338022
12945,92.52897251538732
12946,92.52943459697244
12947,92.52989667855756
12948,92.53035876014269
12949,92.53082084172782
12950,92.53128292331294
12951,92.53174500489807
12952,92.53220708648318
12953,92.53266916806831
12954,92.53294641701939
12955,92.53340849860452
12956,92.53387058018964
12957,92.53433266177477
12958,92.53479474335988
12959,92.53525682494501
12960,92.53571890653014
12961,92.53618098811526
12962,92.53664306970039
12963,92.53710515128552
12964,92.53756723287063
12965,92.53802931445576
12966,92.53849139604088
12967,92.53895347762601
12968,92.53941555921114
12969,92.53987764079626
12970,92.54024730606436
12971,92.54070938764947
12972,92.54117146923461
12973,92.54163355081974
12974,92.54209563240485
12975,92.54255771398998
12976,92.5430197955751
12977,92.54348187716023
12978,92.54394395874536
12979,92.54440604033049
12980,92.5448681219156
12981,92.54533020350073
12982,92.54579228508587
12983,92.54625436667098
12984,92.5467164482561
12985,92.54717852984123
12986,92.54764061142635
12987,92.54810269301149
12988,92.5485647745966
12989,92.54902685618173
12990,92.54948893776685
12991,92.54985860303495
12992,92.55004343566901
12993,92.55050551725412
12994,92.55096759883925
12995,92.55133726410735
12996,92.55133726410735
12997,92.55179934569247
12998,92.5522614272776
12999,92.55272350886273
13000,92.55318559044785
13001,92.55364767203298
13002,92.55410975361809
13003,92.55457183520322
13004,92.55503391678835
13005,92.55549599837347
13006,92.5559580799586
13007,92.55623532890968
13008,92.55669741049479
13009,92.55715949207992
13010,92.55762157366505
13011,92.55808365525017
13012,92.55808365525017
13013,92.5585457368353
13014,92.55900781842043
13015,92.55946990000554
13016,92.55993198159067
13017,92.5603940631758
13018,92.56085614476092
13019,92.56131822634605
13020,92.56178030793116
13021,92.56224238951629
13022,92.56270447110143
13023,92.56316655268654
13024,92.56362863427167
13025,92.56409071585679
13026,92.56418313217381
13027,92.56464521375895
13028,92.56510729534406
13029,92.56547696061217
13030,92.56593904219729
13031,92.56640112378241
13032,92.56649354009944
13033,92.56695562168457
13034,92.5674177032697
13035,92.56769495222076
13036,92.56815703380589
13037,92.56861911539102
13038,92.56908119697613
13039,92.56954327856126
13040,92.5700053601464
13041,92.57046744173151
13042,92.57092952331664
13043,92.57139160490176
13044,92.57185368648689
13045,92.57231576807202
13046,92.57277784965714
13047,92.57323993124226
13048,92.57370201282738
13049,92.57416409441251
13050,92.57462617599764
13051,92.57508825758276
13052,92.57555033916788
13053,92.576012420753
13054,92.57647450233813
13055,92.57693658392326
13056,92.57739866550838
13057,92.57786074709351
13058,92.57832282867862
13059,92.57878491026375
13060,92.57878491026375
13061,92.57924699184889
13062,92.579709073434
13063,92.58017115501913
13064,92.58063323660426
13065,92.58109531818938
13066,92.58155739977451
13067,92.58201948135964
13068,92.58248156294475
13069,92.58294364452988
13070,92.583405726115
13071,92.58386780770013
13072,92.58432988928526
13073,92.58479197087037
13074,92.5852540524555
13075,92.58571613404062
13076,92.58617821562575
13077,92.58664029721088
13078,92.587102378796
13079,92.58756446038112
13080,92.58802654196626
13081,92.58848862355138
13082,92.5889507051365
13083,92.58941278672162
13084,92.58987486830674
13085,92.59033694989188
13086,92.590799031477
13087,92.5911686967451
13088,92.59163077833023
13089,92.59209285991534
13090,92.59255494150047
13091,92.5930170230856
13092,92.59347910467072
13093,92.59394118625585
13094,92.59440326784097
13095,92.59440326784097
13096,92.59486534942609
13097,92.59532743101121
13098,92.59578951259635
13099,92.59625159418147
13100,92.5967136757666
13101,92.59708334103469
13102,92.59754542261982
13103,92.59800750420494
13104,92.59846958579007
13105,92.5989316673752
13106,92.59939374896031
13107,92.59985583054544
13108,92.60031791213056
13109,92.60077999371569
13110,92.60096482634974
13111,92.60142690793487
13112,92.60188898951999
13113,92.60207382215404
13114,92.60253590373917
13115,92.6029979853243
13116,92.60346006690942
13117,92.60392214849453
13118,92.60438423007966
13119,92.60484631166479
13120,92.60530839324991
13121,92.60577047483504
13122,92.60595530746909
13123,92.6064173890542
13124,92.60687947063934
13125,92.60734155222447
13126,92.60780363380958
13127,92.60789605012661
13128,92.60798846644363
13129,92.60845054802877
13130,92.60891262961388
13131,92.60937471119901
13132,92.60983679278414
13133,92.61029887436926
13134,92.61029887436926
13135,92.61076095595439
13136,92.6112230375395
13137,92.61168511912463
13138,92.61214720070976
13139,92.61251686597785
13140,92.61297894756298
13141,92.61334861283108
13142,92.61381069441622
13143,92.61418035968431
13144,92.61464244126944
13145,92.61510452285455
13146,92.61556660443968
13147,92.6160286860248
13148,92.61649076760993
13149,92.61695284919506
13150,92.61741493078017
13151,92.6178770123653
13152,92.61833909395042
13153,92.61880117553555
13154,92.61926325712068
13155,92.6197253387058
13156,92.62018742029092
13157,92.62064950187604
13158,92.62111158346119
13159,92.6215736650463
13160,92.6215736650463
13161,92.62203574663143
13162,92.62249782821655
13163,92.62295990980166
13164,92.6234219913868
13165,92.62388407297193
13166,92.62434615455705
13167,92.62480823614217
13168,92.6252703177273
13169,92.62573239931243
13170,92.62619448089755
13171,92.62647172984863
13172,92.62693381143374
13173,92.62739589301887
13174,92.627857974604
13175,92.62832005618911
13176,92.62878213777425
13177,92.62924421935938
13178,92.62970630094449
13179,92.63016838252962
13180,92.63053804779771
13181,92.63100012938284
13182,92.63146221096797
13183,92.6319242925531
13184,92.63238637413822
13185,92.63284845572333
13186,92.63331053730846
13187,92.6337726188936
13188,92.63423470047871
13189,92.63469678206384
13190,92.63515886364897
13191,92.63515886364897
13192,92.63562094523408
13193,92.63599061050219
13194,92.63645269208732
13195,92.63691477367244
13196,92.63737685525757
13197,92.63783893684268
13198,92.63830101842781
13199,92.63876310001294
13200,92.63922518159806
13201,92.63968726318319
13202,92.6401493447683
13203,92.64061142635343
13204,92.64107350793857
13205,92.64144317320667
13206,92.6419052547918
13207,92.6423673363769
13208,92.64282941796203
13209,92.64329149954716
13210,92.64375358113229
13211,92.64421566271741
13212,92.64467774430254
13213,92.64495499325362
13214,92.64541707483873
13215,92.64587915642386
13216,92.64624882169196
13217,92.64671090327708
13218,92.64717298486221
13219,92.64763506644734
13220,92.64763506644734
13221,92.64809714803246
13222,92.64855922961758
13223,92.6490213112027
13224,92.64948339278783
13225,92.64994547437296
13226,92.65031513964107
13227,92.65077722122618
13228,92.6512393028113
13229,92.65170138439643
13230,92.65216346598154
13231,92.65262554756669
13232,92.6530876291518
13233,92.65354971073693
13234,92.65401179232205
13235,92.65447387390718
13236,92.6549359554923
13237,92.65539803707743
13238,92.65586011866255
13239,92.65632220024767
13240,92.6567842818328
13241,92.6571539471009
13242,92.65743119605197
13243,92.6578932776371
13244,92.65835535922223
13245,92.65881744080735
13246,92.65927952239247
13247,92.6597416039776
13248,92.66020368556272
13249,92.66066576714785
13250,92.66112784873297
13251,92.6615899303181
13252,92.66205201190321
13253,92.66251409348834
13254,92.66288375875644
13255,92.66334584034158
13256,92.6638079219267
13257,92.66427000351182
13258,92.66473208509694
13259,92.66500933404802
13260,92.66547141563315
13261,92.66593349721826
13262,92.66639557880339
13263,92.66685766038852
13264,92.66731974197364
13265,92.66778182355877
13266,92.66824390514388
13267,92.66870598672902
13268,92.66916806831415
13269,92.66963014989926
13270,92.67009223148439
13271,92.67055431306952
13272,92.67101639465464
13273,92.67147847623977
13274,92.6719405578249
13275,92.67240263941001
13276,92.67286472099514
13277,92.67332680258026
13278,92.67378888416539
13279,92.67425096575052
13280,92.67471304733563
13281,92.67517512892076
13282,92.6756372105059
13283,92.67609929209101
13284,92.67656137367614
13285,92.67702345526126
13286,92.67748553684638
13287,92.67794761843152
13288,92.67840970001664
13289,92.67887178160176
13290,92.67933386318688
13291,92.67979594477201
13292,92.68025802635714
13293,92.68072010794226
13294,92.68118218952738
13295,92.6816442711125
13296,92.68210635269763
13297,92.68256843428276
13298,92.68303051586788
13299,92.68349259745301
13300,92.68395467903812
13301,92.68441676062325
13302,92.68487884220839
13303,92.6853409237935
13304,92.68580300537863
13305,92.68598783801268
13306,92.6864499195978
13307,92.68691200118293
13308,92.68737408276805
13309,92.68783616435317
13310,92.68811341330425
13311,92.6882982459383
13312,92.68876032752343
13313,92.68922240910855
13314,92.68968449069368
13315,92.69014657227879
13316,92.69060865386393
13317,92.69107073544906
13318,92.69153281703417
13319,92.6919948986193
13320,92.69245698020443
13321,92.69291906178955
13322,92.69338114337468
13323,92.6938432249598
13324,92.69430530654492
13325,92.69467497181301
13326,92.69513705339814
13327,92.69559913498327
13328,92.6960612165684
13329,92.69652329815352
13330,92.69670813078757
13331,92.6971702123727
13332,92.69763229395782
13333,92.69809437554295
13334,92.69855645712806
13335,92.69855645712806
13336,92.69901853871319
13337,92.69948062029833
13338,92.69994270188344
13339,92.70040478346857
13340,92.70068203241965
13341,92.70114411400476
13342,92.7012365303218
13343,92.7012365303218
13344,92.70169861190692
13345,92.70179102822395
13346,92.70225310980906
13347,92.70271519139419
13348,92.70317727297932
13349,92.70354693824741
13350,92.70400901983254
13351,92.70447110141767
13352,92.7049331830028
13353,92.70539526458792
13354,92.70585734617303
13355,92.70631942775816
13356,92.7067815093433
13357,92.70724359092841
13358,92.70770567251354
13359,92.70816775409865
13360,92.70853741936676
13361,92.70899950095188
13362,92.70946158253702
13363,92.70992366412214
13364,92.71029332939024
13365,92.71066299465834
13366,92.71112507624346
13367,92.71158715782859
13368,92.7120492394137
13369,92.71232648836478
13370,92.71278856994991
13371,92.71325065153503
13372,92.71371273312016
13373,92.71417481470529
13374,92.71463689629041
13375,92.71509897787553
13376,92.71556105946065
13377,92.71593072472875
13378,92.71639280631389
13379,92.716854887899
13380,92.71731696948413
13381,92.71777905106926
13382,92.71824113265438
13383,92.71870321423951
13384,92.71916529582464
13385,92.71962737740975
13386,92.72008945899488
13387,92.72055154058
13388,92.72101362216513
13389,92.72147570375026
13390,92.72193778533538
13391,92.7223998669205
13392,92.72286194850562
13393,92.72332403009075
13394,92.72378611167588
13395,92.724248193261
13396,92.72471027484612
13397,92.72517235643124
13398,92.72563443801639
13399,92.7260965196015
13400,92.72655860118662
13401,92.72702068277175
13402,92.72748276435688
13403,92.727944845942
13404,92.72840692752713
13405,92.72840692752713
13406,92.72886900911224
13407,92.72933109069737
13408,92.7297931722825
13409,92.73025525386763
13410,92.73071733545275
13411,92.73117941703786
13412,92.73164149862299
13413,92.73210358020812
13414,92.73256566179325
13415,92.73302774337837
13416,92.7334898249635
13417,92.73395190654861
13418,92.73441398813375
13419,92.73487606971888
13420,92.73533815130399
13421,92.73580023288912
13422,92.73626231447423
13423,92.73672439605937
13424,92.7371864776445
13425,92.73764855922961
13426,92.73811064081474
13427,92.73857272239987
13428,92.73903480398499
13429,92.73949688557012
13430,92.73995896715525
13431,92.74042104874036
13432,92.74088313032549
13433,92.74134521191061
13434,92.74180729349574
13435,92.74226937508087
13436,92.742731456666
13437,92.7431935382511
13438,92.74365561983625
13439,92.74411770142136
13440,92.74457978300649
13441,92.74504186459161
13442,92.74550394617674
13443,92.74596602776187
13444,92.746428109347
13445,92.7468901909321
13446,92.7468901909321
13447,92.74735227251723
13448,92.74781435410236
13449,92.74827643568749
13450,92.74873851727261
13451,92.74920059885774
13452,92.74966268044285
13453,92.75012476202798
13454,92.7505868436131
13455,92.75104892519823
13456,92.75151100678336
13457,92.75197308836847
13458,92.7524351699536
13459,92.75289725153874
13460,92.75335933312385
13461,92.75382141470898
13462,92.75428349629411
13463,92.75474557787923
13464,92.75520765946436
13465,92.75557732473246
13466,92.75603940631758
13467,92.75650148790271
13468,92.75696356948782
13469,92.75742565107295
13470,92.75779531634105
13471,92.75825739792619
13472,92.7587194795113
13473,92.75918156109643
13474,92.75964364268155
13475,92.76010572426668
13476,92.7605678058518
13477,92.76102988743693
13478,92.76149196902205
13479,92.76149196902205
13480,92.76195405060717
13481,92.76223129955825
13482,92.76269338114338
13483,92.76315546272849
13484,92.7635251279966
13485,92.76398720958173
13486,92.76444929116686
13487,92.76491137275197
13488,92.7653734543371
13489,92.76583553592222
13490,92.76629761750735
13491,92.76675969909247
13492,92.7672217806776
13493,92.76768386226271
13494,92.76814594384784
13495,92.76860802543297
13496,92.7690701070181
13497,92.76953218860322
13498,92.76971702123727
13499,92.7701791028224
13500,92.77064118440752
13501,92.77110326599264
13502,92.77156534757776
13503,92.77202742916289
13504,92.77248951074802
13505,92.77295159233314
13506,92.77341367391827
13507,92.77387575550338
13508,92.77433783708851
13509,92.77470750235662
13510,92.77516958394175
13511,92.77563166552687
13512,92.77609374711199
13513,92.77618616342902
13514,92.77664824501414
13515,92.77711032659927
13516,92.77747999186737
13517,92.7779420734525
13518,92.7784041550376
13519,92.77886623662273
13520,92.77886623662273
13521,92.77932831820786
13522,92.77979039979299
13523,92.78025248137811
13524,92.78071456296324
13525,92.78117664454835
13526,92.78163872613348
13527,92.78210080771862
13528,92.78256288930373
13529,92.78302497088886
13530,92.78348705247399
13531,92.783579468791
13532,92.78404155037614
13533,92.78450363196126
13534,92.78496571354638
13535,92.7854277951315
13536,92.78588987671664
13537,92.78635195830176
13538,92.78681403988688
13539,92.787276121472
13540,92.78773820305713
13541,92.78820028464226
13542,92.78866236622738
13543,92.78866236622738
13544,92.78912444781251
13545,92.78958652939762
13546,92.79004861098275
13547,92.79051069256788
13548,92.790972774153
13549,92.79143485573813
13550,92.79180452100623
13551,92.79226660259135
13552,92.79272868417647
13553,92.79319076576161
13554,92.79337559839566
13555,92.79383767998077
13556,92.7942997615659
13557,92.7942997615659
13558,92.79476184315104
13559,92.79522392473615
13560,92.79568600632128
13561,92.7961480879064
13562,92.79661016949152
13563,92.79707225107666
13564,92.79753433266178
13565,92.7979964142469
13566,92.79845849583202
13567,92.79892057741715
13568,92.79938265900228
13569,92.7998447405874
13570,92.80030682217252
13571,92.80076890375764
13572,92.80123098534277
13573,92.8016930669279
13574,92.80215514851302
13575,92.80261723009815
13576,92.80307931168326
13577,92.80354139326839
13578,92.80400347485353
13579,92.80446555643864
13580,92.80492763802377
13581,92.8053897196089
13582,92.80585180119402
13583,92.80631388277915
13584,92.80677596436426
13585,92.80723804594939
13586,92.80770012753452
13587,92.80816220911964
13588,92.80862429070477
13589,92.8090863722899
13590,92.809456037558
13591,92.80991811914312
13592,92.81038020072823
13593,92.81084228231336
13594,92.8113043638985
13595,92.81176644548361
13596,92.81222852706874
13597,92.81269060865387
13598,92.813152690239
13599,92.81361477182412
13600,92.81407685340923
13601,92.81453893499436
13602,92.81500101657949
13603,92.81546309816461
13604,92.81574034711568
13605,92.8162024287008
13606,92.81666451028595
13607,92.81712659187106
13608,92.81758867345619
13609,92.81805075504131
13610,92.81851283662644
13611,92.81897491821157
13612,92.8194369997967
13613,92.8198990813818
13614,92.82036116296693
13615,92.82082324455206
13616,92.82128532613719
13617,92.82174740772231
13618,92.82220948930743
13619,92.82267157089255
13620,92.82313365247768
13621,92.8235957340628
13622,92.82405781564793
13623,92.82451989723306
13624,92.82498197881817
13625,92.8254440604033
13626,92.82590614198844
13627,92.82636822357355
13628,92.82683030515868
13629,92.82729238674379
13630,92.82775446832893
13631,92.82821654991406
13632,92.82867863149917
13633,92.8291407130843
13634,92.82960279466943
13635,92.83006487625455
13636,92.83052695783968
13637,92.83089662310778
13638,92.83126628837589
13639,92.83163595364398
13640,92.83182078627803
13641,92.83219045154613
13642,92.83256011681422
13643,92.83292978208233
13644,92.83329944735043
13645,92.83366911261852
13646,92.83403877788662
13647,92.83440844315473
13648,92.83477810842282
13649,92.83514777369092
13650,92.83551743895903
13651,92.83588710422713
13652,92.83625676949522
13653,92.83662643476333
13654,92.83699610003143
13655,92.83736576529952
13656,92.83773543056762
13657,92.83810509583572
13658,92.83847476110381
13659,92.83884442637192
13660,92.83921409164002
13661,92.83958375690811
13662,92.83995342217622
13663,92.84032308744432
13664,92.84069275271241
13665,92.84078516902945
13666,92.84115483429754
13667,92.84152449956564
13668,92.84189416483373
13669,92.84189416483373
13670,92.84226383010184
13671,92.84263349536994
13672,92.84300316063803
13673,92.84337282590614
13674,92.84374249117424
13675,92.84411215644234
13676,92.84448182171045
13677,92.84485148697854
13678,92.84522115224664
13679,92.84559081751475
13680,92.84596048278284
13681,92.84633014805094
13682,92.84669981331905
13683,92.84706947858714
13684,92.84743914385524
13685,92.84780880912334
13686,92.84817847439145
13687,92.84854813965954
13688,92.84891780492764
13689,92.84928747019575
13690,92.84965713546384
13691,92.85002680073194
13692,92.85039646600003
13693,92.85076613126813
13694,92.85113579653623
13695,92.85150546180434
13696,92.85187512707243
13697,92.85224479234053
13698,92.85261445760864
13699,92.85298412287673
13700,92.85335378814483
13701,92.85372345341294
13702,92.85409311868104
13703,92.85446278394913
13704,92.85483244921723
13705,92.85520211448534
13706,92.85557177975343
13707,92.85594144502153
13708,92.85631111028964
13709,92.8565883592407
13710,92.85695802450881
13711,92.85732768977691
13712,92.857697355045
13713,92.8580670203131
13714,92.8584366855812
13715,92.8588063508493
13716,92.8591760161174
13717,92.8595456813855
13718,92.8595456813855
13719,92.85991534665361
13720,92.8602850119217
13721,92.8606546771898
13722,92.86102434245791
13723,92.861394007726
13724,92.8617636729941
13725,92.8621333382622
13726,92.8625030035303
13727,92.8628726687984
13728,92.8632423340665
13729,92.86361199933461
13730,92.8639816646027
13731,92.8643513298708
13732,92.86472099513891
13733,92.865090660407
13734,92.8654603256751
13735,92.86582999094321
13736,92.86619965621131
13737,92.8665693214794
13738,92.8669389867475
13739,92.8673086520156
13740,92.86767831728369
13741,92.8680479825518
13742,92.8684176478199
13743,92.86878731308799
13744,92.86915697835609
13745,92.8695266436242
13746,92.8698963088923
13747,92.87026597416039
13748,92.8706356394285
13749,92.8706356394285
13750,92.8710053046966
13751,92.87137496996469
13752,92.8717446352328
13753,92.8721143005009
13754,92.87248396576899
13755,92.8728536310371
13756,92.87313087998818
13757,92.87350054525628
13758,92.87387021052437
13759,92.87423987579247
13760,92.87460954106056
13761,92.87497920632866
13762,92.87534887159677
13763,92.87571853686487
13764,92.87608820213296
13765,92.87636545108404
13766,92.87673511635214
13767,92.87710478162025
13768,92.87747444688834
13769,92.87747444688834
13770,92.87784411215644
13771,92.87821377742455
13772,92.87858344269264
13773,92.87895310796074
13774,92.87932277322885
13775,92.87969243849695
13776,92.88006210376504
13777,92.88043176903315
13778,92.88080143430125
13779,92.88117109956934
13780,92.88154076483744
13781,92.88191043010553
13782,92.88228009537363
13783,92.88264976064173
13784,92.88301942590984
13785,92.88338909117793
13786,92.88375875644603
13787,92.88412842171414
13788,92.88449808698223
13789,92.88486775225033
13790,92.88523741751844
13791,92.88560708278654
13792,92.88597674805463
13793,92.88634641332274
13794,92.88671607859084
13795,92.88708574385893
13796,92.88745540912704
13797,92.88782507439514
13798,92.88819473966323
13799,92.88819473966323
13800,92.88856440493134
13801,92.88893407019944
13802,92.88930373546754
13803,92.88967340073563
13804,92.89004306600374
13805,92.89041273127184
13806,92.89078239653993
13807,92.89115206180803
13808,92.89152172707614
13809,92.89189139234423
13810,92.89226105761233
13811,92.89244589024638
13812,92.89281555551449
13813,92.89318522078258
13814,92.89355488605068
13815,92.89392455131879
13816,92.89429421658689
13817,92.89466388185498
13818,92.89503354712309
13819,92.89540321239119
13820,92.89540321239119
13821,92.89577287765928
13822,92.89614254292738
13823,92.89651220819547
13824,92.89688187346357
13825,92.89725153873167
13826,92.89762120399978
13827,92.89799086926787
13828,92.89836053453597
13829,92.89873019980408
13830,92.89909986507217
13831,92.89946953034027
13832,92.89983919560838
13833,92.90020886087648
13834,92.90057852614457
13835,92.90094819141268
13836,92.90131785668078
13837,92.90168752194887
13838,92.90205718721698
13839,92.90233443616806
13840,92.90270410143616
13841,92.90307376670425
13842,92.90344343197235
13843,92.90381309724044
13844,92.90418276250854
13845,92.90455242777665
13846,92.90492209304475
13847,92.90529175831284
13848,92.90566142358094
13849,92.90603108884905
13850,92.90640075411714
13851,92.90677041938524
13852,92.90714008465335
13853,92.90750974992145
13854,92.90787941518954
13855,92.90824908045765
13856,92.90861874572575
13857,92.90898841099384
13858,92.90935807626195
13859,92.90972774153005
13860,92.91009740679814
13861,92.91046707206625
13862,92.91083673733435
13863,92.91120640260245
13864,92.91157606787054
13865,92.91157606787054
13866,92.91194573313865
13867,92.91231539840675
13868,92.91259264735781
13869,92.91296231262591
13870,92.91314714525997
13871,92.91351681052807
13872,92.91351681052807
13873,92.91388647579618
13874,92.91425614106427
13875,92.91462580633237
13876,92.91499547160046
13877,92.91536513686857
13878,92.91573480213667
13879,92.91610446740476
13880,92.91647413267286
13881,92.91684379794096
13882,92.91721346320907
13883,92.9173058795261
13884,92.91767554479419
13885,92.91804521006229
13886,92.91841487533038
13887,92.91841487533038
13888,92.91878454059848
13889,92.91915420586659
13890,92.91952387113469
13891,92.91989353640278
13892,92.92026320167088
13893,92.92026320167088
13894,92.92063286693899
13895,92.92100253220708
13896,92.92137219747518
13897,92.92174186274329
13898,92.92211152801138
13899,92.92248119327948
13900,92.92285085854759
13901,92.92322052381569
13902,92.92359018908378
13903,92.92395985435189
13904,92.92432951961999
13905,92.92469918488808
13906,92.92506885015618
13907,92.92543851542429
13908,92.92580818069239
13909,92.92617784596048
13910,92.92654751122859
13911,92.92691717649669
13912,92.92728684176478
13913,92.92765650703288
13914,92.92802617230097
13915,92.92839583756908
13916,92.92876550283718
13917,92.92913516810528
13918,92.92950483337337
13919,92.92987449864148
13920,92.93024416390958
13921,92.93061382917767
13922,92.93098349444578
13923,92.93135315971388
13924,92.93172282498197
13925,92.93209249025007
13926,92.93236973920115
13927,92.93264698815223
13928,92.93301665342032
13929,92.93338631868842
13930,92.93375598395653
13931,92.93412564922463
13932,92.93449531449272
13933,92.93486497976082
13934,92.93523464502893
13935,92.93560431029702
13936,92.93597397556512
13937,92.93634364083323
13938,92.93671330610132
13939,92.93708297136942
13940,92.93745263663753
13941,92.93782230190563
13942,92.93819196717372
13943,92.93856163244182
13944,92.93893129770993
13945,92.93930096297802
13946,92.93967062824612
13947,92.94004029351423
13948,92.94040995878233
13949,92.94077962405042
13950,92.94114928931853
13951,92.94151895458663
13952,92.94188861985472
13953,92.94225828512282
13954,92.94262795039091
13955,92.94299761565902
13956,92.94336728092712
13957,92.94373694619522
13958,92.94410661146331
13959,92.94410661146331
13960,92.94410661146331
13961,92.94447627673142
13962,92.94484594199952
13963,92.94521560726761
13964,92.94521560726761
13965,92.94521560726761
13966,92.94558527253571
13967,92.94595493780382
13968,92.94632460307191
13969,92.94669426834001
13970,92.94706393360812
13971,92.94743359887622
13972,92.9477108478273
13973,92.94808051309539
13974,92.9484501783635
13975,92.9488198436316
13976,92.94918950889969
13977,92.94955917416779
13978,92.9499288394359
13979,92.950298504704
13980,92.95066816997209
13981,92.95103783524019
13982,92.95140750050828
13983,92.95177716577639
13984,92.95214683104449
13985,92.95251649631258
13986,92.95288616158068
13987,92.95316341053176
13988,92.95353307579987
13989,92.95390274106796
13990,92.95427240633606
13991,92.95464207160417
13992,92.95501173687227
13993,92.95538140214036
13994,92.95575106740847
13995,92.95612073267657
13996,92.95649039794466
13997,92.95686006321276
13998,92.95722972848085
13999,92.95750697743193
14000,92.95787664270003
14001,92.95824630796814
14002,92.95861597323623
14003,92.95889322218731
14004,92.95926288745541
14005,92.95926288745541
14006,92.9596325527235
14007,92.96000221799162
14008,92.96037188325971
14009,92.96064913221078
14010,92.96101879747887
14011,92.96138846274698
14012,92.96175812801508
14013,92.96212779328317
14014,92.96249745855128
14015,92.96286712381938
14016,92.96323678908747
14017,92.96360645435558
14018,92.96397611962368
14019,92.96434578489178
14020,92.96471545015989
14021,92.96508511542798
14022,92.96545478069608
14023,92.96582444596419
14024,92.96619411123228
14025,92.96647136018336
14026,92.96684102545146
14027,92.96721069071955
14028,92.96758035598765
14029,92.96795002125575
14030,92.96831968652384
14031,92.96868935179195
14032,92.96905901706005
14033,92.96942868232814
14034,92.96979834759625
14035,92.97016801286435
14036,92.97053767813244
14037,92.97090734340055
14038,92.97127700866865
14039,92.97164667393675
14040,92.97201633920486
14041,92.97238600447295
14042,92.97275566974105
14043,92.97312533500916
14044,92.97349500027725
14045,92.97386466554535
14046,92.97423433081345
14047,92.97460399608156
14048,92.97497366134965
14049,92.97534332661775
14050,92.97562057556881
14051,92.97589782451989
14052,92.976267489788
14053,92.9766371550561
14054,92.97700682032419
14055,92.9773764855923
14056,92.9777461508604
14057,92.9781158161285
14058,92.9784854813966
14059,92.97876273034767
14060,92.97913239561578
14061,92.9792248119328
14062,92.9795944772009
14063,92.979964142469
14064,92.98024139142007
14065,92.98061105668816
14066,92.98098072195626
14067,92.98135038722437
14068,92.98172005249246
14069,92.98208971776056
14070,92.98245938302867
14071,92.98282904829676
14072,92.98319871356486
14073,92.98356837883297
14074,92.98393804410107
14075,92.98430770936916
14076,92.98467737463727
14077,92.98504703990537
14078,92.98541670517346
14079,92.98578637044157
14080,92.98615603570967
14081,92.98652570097777
14082,92.98689536624588
14083,92.98726503151397
14084,92.98763469678207
14085,92.98800436205016
14086,92.98837402731827
14087,92.98874369258637
14088,92.98883610890339
14089,92.9892057741715
14090,92.98957543943959
14091,92.98985268839066
14092,92.99022235365875
14093,92.99059201892686
14094,92.99096168419496
14095,92.99133134946305
14096,92.99170101473116
14097,92.99207067999926
14098,92.99244034526735
14099,92.99281001053546
14100,92.99317967580356
14101,92.99354934107166
14102,92.99391900633977
14103,92.99428867160786
14104,92.99465833687596
14105,92.99502800214405
14106,92.9952128347781
14107,92.9955825000462
14108,92.99585974899728
14109,92.99604458163134
14110,92.99641424689943
14111,92.99641424689943
14112,92.99678391216753
14113,92.99715357743563
14114,92.99752324270372
14115,92.99789290797183
14116,92.99826257323993
14117,92.99863223850802
14118,92.99900190377613
14119,92.99937156904423
14120,92.99974123431232
14121,93.00011089958043
14122,93.00048056484853
14123,93.00085023011663
14124,93.00121989538474
14125,93.00158956065283
14126,93.00195922592093
14127,93.00232889118902
14128,93.00269855645713
14129,93.00297580540821
14130,93.00334547067631
14131,93.0037151359444
14132,93.0040848012125
14133,93.0044544664806
14134,93.00473171543167
14135,93.00510138069977
14136,93.00547104596788
14137,93.00584071123598
14138,93.00621037650407
14139,93.00658004177218
14140,93.00694970704028
14141,93.00731937230837
14142,93.00768903757648
14143,93.00805870284458
14144,93.00842836811267
14145,93.00879803338077
14146,93.00916769864888
14147,93.00953736391698
14148,93.00990702918507
14149,93.01018427813614
14150,93.01046152708722
14151,93.01083119235533
14152,93.01120085762342
14153,93.01157052289152
14154,93.0118477718426
14155,93.0122174371107
14156,93.0125871023788
14157,93.0129567676469
14158,93.013326432915
14159,93.01369609818309
14160,93.01406576345119
14161,93.0144354287193
14162,93.0144354287193
14163,93.01480509398739
14164,93.01517475925549
14165,93.01554442452358
14166,93.01591408979169
14167,93.01628375505979
14168,93.01637617137682
14169,93.01674583664492
14170,93.01711550191301
14171,93.0174851671811
14172,93.01785483244922
14173,93.01822449771731
14174,93.01859416298541
14175,93.01896382825352
14176,93.01933349352161
14177,93.01970315878971
14178,93.02007282405782
14179,93.02044248932592
14180,93.02081215459401
14181,93.02118181986212
14182,93.02118181986212
14183,93.02155148513022
14184,93.02192115039831
14185,93.02229081566641
14186,93.02266048093452
14187,93.02303014620261
14188,93.02339981147071
14189,93.02376947673882
14190,93.02413914200692
14191,93.02450880727501
14192,93.02487847254312
14193,93.02524813781122
14194,93.02561780307931
14195,93.02598746834741
14196,93.0263571336155
14197,93.0267267988836
14198,93.02691163151766
14199,93.02728129678576
14200,93.02765096205387
14201,93.02802062732196
14202,93.02839029259006
14203,93.02875995785817
14204,93.02912962312627
14205,93.02940687207733
14206,93.02977653734543
14207,93.0300537862965
14208,93.0304234515646
14209,93.03079311683271
14210,93.03116278210081
14211,93.0315324473689
14212,93.03190211263701
14213,93.03227177790511
14214,93.0326414431732
14215,93.03301110844131
14216,93.03338077370941
14217,93.0337504389775
14218,93.03412010424562
14219,93.03448976951371
14220,93.03485943478181
14221,93.0352291000499
14222,93.035598765318
14223,93.03587601426908
14224,93.03624567953717
14225,93.03661534480527
14226,93.03689259375635
14227,93.0370774263904
14228,93.03744709165849
14229,93.0378167569266
14230,93.03809400587768
14231,93.03846367114578
14232,93.03883333641387
14233,93.03920300168198
14234,93.03957266695008
14235,93.03994233221817
14236,93.04031199748628
14237,93.04031199748628
14238,93.04068166275438
14239,93.04105132802248
14240,93.04142099329059
14241,93.04179065855868
14242,93.04216032382678
14243,93.04252998909487
14244,93.04289965436297
14245,93.04326931963107
14246,93.04363898489918
14247,93.04400865016727
14248,93.04437831543537
14249,93.04474798070346
14250,93.04511764597157
14251,93.04548731123967
14252,93.04585697650776
14253,93.04622664177587
14254,93.04659630704397
14255,93.04696597231207
14256,93.04733563758018
14257,93.04770530284827
14258,93.04807496811637
14259,93.04844463338448
14260,93.04881429865257
14261,93.04918396392067
14262,93.04955362918878
14263,93.04992329445687
14264,93.05029295972497
14265,93.05066262499307
14266,93.05103229026118
14267,93.05140195552927
14268,93.05158678816332
14269,93.05195645343142
14270,93.05232611869951
14271,93.05269578396762
14272,93.05306544923572
14273,93.05343511450381
14274,93.05371236345489
14275,93.054082028723
14276,93.0544516939911
14277,93.0548213592592
14278,93.05519102452729
14279,93.05556068979539
14280,93.05593035506348
14281,93.05630002033159
14282,93.05666968559969
14283,93.05703935086778
14284,93.05740901613588
14285,93.05777868140399
14286,93.05814834667208
14287,93.05851801194018
14288,93.05888767720829
14289,93.05925734247639
14290,93.05962700774448
14291,93.05999667301259
14292,93.06036633828069
14293,93.06073600354878
14294,93.0611056688169
14295,93.06147533408499
14296,93.06184499935308
14297,93.0622146646212
14298,93.06258432988929
14299,93.06295399515739
14300,93.0633236604255
14301,93.06369332569359
14302,93.06406299096169
14303,93.06443265622978
14304,93.06480232149788
14305,93.06517198676599
14306,93.06554165203409
14307,93.06591131730218
14308,93.06628098257028
14309,93.06665064783837
14310,93.06702031310648
14311,93.06738997837458
14312,93.06775964364267
14313,93.06812930891078
14314,93.06812930891078
14315,93.06849897417888
14316,93.06886863944698
14317,93.06923830471509
14318,93.06960796998318
14319,93.06997763525128
14320,93.07034730051939
14321,93.07071696578748
14322,93.07108663105558
14323,93.07145629632367
14324,93.07182596159178
14325,93.07201079422582
14326,93.0722880431769
14327,93.072657708445
14328,93.0730273737131
14329,93.0733970389812
14330,93.07376670424931
14331,93.0741363695174
14332,93.0745060347855
14333,93.07487570005361
14334,93.0752453653217
14335,93.0756150305898
14336,93.07598469585791
14337,93.07635436112601
14338,93.0767240263941
14339,93.0770936916622
14340,93.0774633569303
14341,93.07783302219839
14342,93.0782026874665
14343,93.0785723527346
14344,93.07894201800269
14345,93.07931168327079
14346,93.0796813485389
14347,93.080051013807
14348,93.08042067907509
14349,93.08060551170915
14350,93.08097517697725
14351,93.08134484224536
14352,93.08171450751345
14353,93.08208417278155
14354,93.08245383804964
14355,93.08282350331774
14356,93.08319316858584
14357,93.08356283385395
14358,93.08393249912204
14359,93.08430216439014
14360,93.08467182965825
14361,93.08504149492634
14362,93.08541116019444
14363,93.08578082546254
14364,93.08615049073065
14365,93.08652015599874
14366,93.08688982126684
14367,93.08725948653495
14368,93.08762915180304
14369,93.08799881707114
14370,93.08836848233925
14371,93.08855331497328
14372,93.08892298024139
14373,93.08929264550949
14374,93.08966231077758
14375,93.0900319760457
14376,93.09040164131379
14377,93.09077130658189
14378,93.09114097185
14379,93.09151063711809
14380,93.09188030238619
14381,93.09224996765428
14382,93.09261963292239
14383,93.09298929819049
14384,93.09335896345858
14385,93.0937286287267
14386,93.09409829399479
14387,93.09446795926289
14388,93.094837624531
14389,93.09502245716503
14390,93.09539212243314
14391,93.09539212243314
14392,93.09576178770124
14393,93.09613145296933
14394,93.09650111823744
14395,93.09687078350554
14396,93.09724044877363
14397,93.09761011404174
14398,93.09797977930984
14399,93.09834944457793
14400,93.09871910984604
14401,93.09908877511414
14402,93.09945844038224
14403,93.09982810565033
14404,93.1001053546014
14405,93.1004750198695
14406,93.1008446851376
14407,93.1012143504057
14408,93.10158401567381
14409,93.1019536809419
14410,93.10232334621
14411,93.10269301147811
14412,93.1030626767462
14413,93.1034323420143
14414,93.10380200728241
14415,93.1041716725505
14416,93.1045413378186
14417,93.10491100308671
14418,93.10528066835481
14419,93.1056503336229
14420,93.106019998891
14421,93.10638966415911
14422,93.1067593294272
14423,93.10694416206125
14424,93.10731382732935
14425,93.10768349259745
14426,93.10805315786556
14427,93.10842282313365
14428,93.10879248840175
14429,93.10916215366986
14430,93.10953181893795
14431,93.10990148420605
14432,93.11027114947416
14433,93.11064081474225
14434,93.11101048001035
14435,93.11138014527846
14436,93.11174981054656
14437,93.11211947581465
14438,93.11248914108276
14439,93.11285880635086
14440,93.11313605530192
14441,93.11350572057002
14442,93.11387538583811
14443,93.11406021847218
14444,93.11442988374027
14445,93.11470713269134
14446,93.11507679795945
14447,93.11535404691053
14448,93.11572371217862
14449,93.11609337744672
14450,93.11646304271483
14451,93.11683270798292
14452,93.11720237325102
14453,93.11757203851913
14454,93.11794170378722
14455,93.11831136905532
14456,93.11868103432343
14457,93.11905069959153
14458,93.11942036485962
14459,93.11960519749367
14460,93.11997486276177
14461,93.12034452802986
14462,93.12071419329797
14463,93.12099144224905
14464,93.12136110751715
14465,93.12173077278524
14466,93.12210043805335
14467,93.12247010332145
14468,93.12283976858954
14469,93.12320943385764
14470,93.12357909912575
14471,93.12394876439384
14472,93.12431842966194
14473,93.12468809493004
14474,93.12505776019813
14475,93.12542742546624
14476,93.12579709073434
14477,93.12616675600243
14478,93.12653642127054
14479,93.12690608653864
14480,93.12727575180674
14481,93.12764541707483
14482,93.1278302497089
14483,93.12819991497699
14484,93.12856958024508
14485,93.12893924551318
14486,93.12930891078128
14487,93.12967857604939
14488,93.13004824131748
14489,93.13041790658558
14490,93.13078757185369
14491,93.13115723712178
14492,93.13152690238988
14493,93.13189656765799
14494,93.13226623292609
14495,93.13263589819418
14496,93.13300556346229
14497,93.13337522873039
14498,93.13374489399848
14499,93.13411455926658
14500,93.13448422453469
14501,93.13485388980278
14502,93.13522355507088
14503,93.13559322033899
14504,93.13596288560709
14505,93.13633255087518
14506,93.13670221614329
14507,93.13688704877733
14508,93.13725671404544
14509,93.13762637931353
14510,93.13799604458163
14511,93.13836570984974
14512,93.13873537511783
14513,93.13910504038593
14514,93.13947470565404
14515,93.13984437092213
14516,93.14021403619023
14517,93.14058370145834
14518,93.14095336672644
14519,93.14132303199453
14520,93.14169269726263
14521,93.14206236253074
14522,93.14243202779883
14523,93.14280169306693
14524,93.14317135833502
14525,93.14354102360312
14526,93.14391068887122
14527,93.14428035413933
14528,93.14465001940742
14529,93.14501968467552
14530,93.14538934994363
14531,93.14575901521172
14532,93.14612868047982
14533,93.14649834574793
14534,93.14686801101602
14535,93.14723767628412
14536,93.14760734155223
14537,93.14797700682033
14538,93.14834667208842
14539,93.14871633735652
14540,93.14908600262463
14541,93.14945566789272
14542,93.14982533316082
14543,93.15019499842893
14544,93.15047224738
14545,93.15084191264809
14546,93.1512115779162
14547,93.1515812431843
14548,93.15195090845239
14549,93.15232057372049
14550,93.1526902389886
14551,93.1530599042567
14552,93.15342956952479
14553,93.1537992347929
14554,93.154168900061
14555,93.15453856532909
14556,93.15490823059719
14557,93.1552778958653
14558,93.15564756113339
14559,93.15601722640149
14560,93.1563868916696
14561,93.1567565569377
14562,93.15712622220579
14563,93.1574958874739
14564,93.15768072010793
14565,93.15805038537604
14566,93.15842005064414
14567,93.15878971591223
14568,93.15915938118034
14569,93.15952904644844
14570,93.15989871171654
14571,93.15999112803357
14572,93.16036079330166
14573,93.16073045856976
14574,93.16110012383787
14575,93.16146978910596
14576,93.16165462174001
14577,93.16202428700812
14578,93.16239395227622
14579,93.16276361754431
14580,93.16313328281241
14581,93.1635029480805
14582,93.1638726133486
14583,93.16424227861671
14584,93.16461194388481
14585,93.1649816091529
14586,93.16535127442101
14587,93.16572093968911
14588,93.1660906049572
14589,93.16646027022531
14590,93.16682993549341
14591,93.1671996007615
14592,93.16756926602962
14593,93.16793893129771
14594,93.16812376393176
14595,93.16849342919986
14596,93.16886309446795
14597,93.16923275973605
14598,93.16960242500416
14599,93.16997209027225
14600,93.17034175554035
14601,93.17071142080846
14602,93.17108108607655
14603,93.17145075134465
14604,93.17182041661276
14605,93.17219008188086
14606,93.17255974714895
14607,93.17292941241706
14608,93.17329907768516
14609,93.17366874295325
14610,93.17366874295325
14611,93.17403840822136
14612,93.17440807348946
14613,93.17477773875756
14614,93.17514740402567
14615,93.17551706929376
14616,93.17588673456186
14617,93.17625639982995
14618,93.17662606509806
14619,93.17699573036616
14620,93.17736539563425
14621,93.17773506090235
14622,93.17810472617045
14623,93.17847439143854
14624,93.17884405670665
14625,93.17921372197475
14626,93.17958338724284
14627,93.17995305251095
14628,93.17995305251095
14629,93.18032271777905
14630,93.18069238304714
14631,93.18106204831525
14632,93.18143171358335
14633,93.18170896253443
14634,93.18207862780253
14635,93.18244829307064
14636,93.18281795833873
14637,93.18318762360683
14638,93.18355728887492
14639,93.18392695414303
14640,93.18429661941113
14641,93.18466628467922
14642,93.18503594994732
14643,93.18540561521542
14644,93.18577528048351
14645,93.18614494575162
14646,93.1864221947027
14647,93.1867918599708
14648,93.18716152523889
14649,93.187531190507
14650,93.1879008557751
14651,93.1882705210432
14652,93.1886401863113
14653,93.1890098515794
14654,93.1893795168475
14655,93.1897491821156
14656,93.1901188473837
14657,93.1904885126518
14658,93.19067334528584
14659,93.19104301055394
14660,93.19141267582204
14661,93.19178234109015
14662,93.19215200635824
14663,93.19252167162634
14664,93.19289133689445
14665,93.19326100216254
14666,93.19335341847956
14667,93.19372308374767
14668,93.19409274901577
14669,93.19446241428386
14670,93.19483207955197
14671,93.19492449586899
14672,93.19529416113708
14673,93.1956638264052
14674,93.19603349167329
14675,93.19640315694139
14676,93.19677282220948
14677,93.19714248747759
14678,93.19732732011164
14679,93.19769698537974
14680,93.19806665064783
14681,93.19843631591593
14682,93.19880598118404
14683,93.19917564645213
14684,93.19954531172023
14685,93.19991497698834
14686,93.20028464225643
14687,93.20065430752453
14688,93.20102397279264
14689,93.20139363806074
14690,93.20176330332883
14691,93.20213296859694
14692,93.20250263386504
14693,93.20250263386504
14694,93.20287229913313
14695,93.20324196440124
14696,93.20361162966934
14697,93.20398129493744
14698,93.20435096020553
14699,93.20472062547364
14700,93.20509029074174
14701,93.20545995600983
14702,93.20582962127794
14703,93.20619928654604
14704,93.20656895181413
14705,93.20693861708223
14706,93.20730828235033
14707,93.20767794761842
14708,93.20804761288653
14709,93.20841727815463
14710,93.20878694342272
14711,93.20915660869083
14712,93.20952627395893
14713,93.20989593922702
14714,93.21026560449513
14715,93.21063526976323
14716,93.21100493503133
14717,93.2112821839824
14718,93.2116518492505
14719,93.21202151451861
14720,93.2123911797867
14721,93.2127608450548
14722,93.21313051032291
14723,93.21350017559101
14724,93.2138698408591
14725,93.2142395061272
14726,93.2146091713953
14727,93.21497883666339
14728,93.21507125298044
14729,93.21544091824853
14730,93.21581058351663
14731,93.21618024878472
14732,93.21654991405282
14733,93.21691957932092
14734,93.21728924458903
14735,93.21765890985712
14736,93.21802857512522
14737,93.21839824039331
14738,93.21876790566142
14739,93.21913757092952
14740,93.21950723619761
14741,93.21987690146572
14742,93.22024656673382
14743,93.22061623200192
14744,93.22098589727003
14745,93.22135556253812
14746,93.22135556253812
14747,93.22172522780622
14748,93.22209489307433
14749,93.22246455834242
14750,93.22283422361052
14751,93.22320388887863
14752,93.22357355414672
14753,93.22394321941482
14754,93.22431288468293
14755,93.22468254995103
14756,93.22505221521912
14757,93.22542188048722
14758,93.22579154575533
14759,93.22616121102342
14760,93.22653087629152
14761,93.22690054155962
14762,93.22727020682771
14763,93.2276398720958
14764,93.22800953736392
14765,93.22837920263201
14766,93.22856403526607
14767,93.22893370053417
14768,93.22930336580227
14769,93.22967303107038
14770,93.23004269633847
14771,93.23004269633847
14772,93.23041236160657
14773,93.23078202687466
14774,93.23115169214276
14775,93.23142894109384
14776,93.23170619004492
14777,93.23207585531301
14778,93.23244552058111
14779,93.23281518584922
14780,93.23309243480028
14781,93.2334621000684
14782,93.23383176533649
14783,93.23420143060459
14784,93.23457109587268
14785,93.23494076114078
14786,93.23531042640889
14787,93.23568009167698
14788,93.23604975694508
14789,93.23641942221319
14790,93.23678908748128
14791,93.23678908748128
14792,93.23715875274938
14793,93.23752841801749
14794,93.23789808328559
14795,93.23789808328559
14796,93.23826774855368
14797,93.23863741382178
14798,93.23900707908989
14799,93.23937674435798
14800,93.23974640962608
14801,93.24011607489419
14802,93.24048574016228
14803,93.24085540543038
14804,93.24122507069849
14805,93.24159473596659
14806,93.24196440123468
14807,93.24205681755171
14808,93.24233406650279
14809,93.24270373177089
14810,93.24307339703898
14811,93.24325822967303
14812,93.24362789494113
14813,93.24399756020924
14814,93.24436722547733
14815,93.24473689074543
14816,93.24510655601354
14817,93.24547622128163
14818,93.24584588654973
14819,93.24621555181783
14820,93.24658521708594
14821,93.24695488235403
14822,93.24732454762213
14823,93.24769421289022
14824,93.24806387815833
14825,93.24843354342643
14826,93.24880320869453
14827,93.24917287396262
14828,93.24954253923072
14829,93.24991220449883
14830,93.25028186976692
14831,93.25065153503502
14832,93.25102120030313
14833,93.25139086557122
14834,93.25176053083932
14835,93.25213019610743
14836,93.25249986137553
14837,93.25286952664362
14838,93.25323919191172
14839,93.25360885717983
14840,93.25397852244792
14841,93.25434818771602
14842,93.25444060403305
14843,93.25481026930115
14844,93.25517993456924
14845,93.25554959983735
14846,93.25591926510545
14847,93.25628893037354
14848,93.25665859564165
14849,93.25702826090975
14850,93.25739792617784
14851,93.25776759144595
14852,93.25813725671405
14853,93.25850692198215
14854,93.25887658725026
14855,93.25924625251835
14856,93.25961591778645
14857,93.25998558305454
14858,93.26035524832264
14859,93.26072491359074
14860,93.26109457885885
14861,93.26146424412694
14862,93.26183390939504
14863,93.26220357466313
14864,93.26257323993124
14865,93.26294290519934
14866,93.26331257046743
14867,93.26368223573554
14868,93.26405190100364
14869,93.26442156627174
14870,93.26479123153985
14871,93.26516089680794
14872,93.26553056207604
14873,93.26590022734415
14874,93.26599264366116
14875,93.26636230892926
14876,93.26673197419736
14877,93.26710163946547
14878,93.26737888841654
14879,93.26774855368464
14880,93.26811821895274
14881,93.26848788422085
14882,93.26885754948894
14883,93.26922721475704
14884,93.26959688002515
14885,93.26996654529324
14886,93.27033621056134
14887,93.27070587582944
14888,93.27107554109753
14889,93.27144520636563
14890,93.27181487163374
14891,93.27218453690183
14892,93.27255420216993
14893,93.27292386743804
14894,93.27329353270613
14895,93.27357078165721
14896,93.27394044692531
14897,93.2743101121934
14898,93.27467977746151
14899,93.27504944272961
14900,93.2754191079977
14901,93.27578877326582
14902,93.27615843853391
14903,93.27643568748498
14904,93.27680535275307
14905,93.27717501802118
14906,93.27754468328928
14907,93.27791434855737
14908,93.27828401382548
14909,93.27865367909358
14910,93.27902334436168
14911,93.27939300962979
14912,93.27976267489788
14913,93.28013234016598
14914,93.28050200543409
14915,93.28087167070218
14916,93.28124133597028
14917,93.28161100123837
14918,93.28198066650648
14919,93.28235033177458
14920,93.28271999704268
14921,93.28308966231079
14922,93.28345932757888
14923,93.28382899284698
14924,93.28419865811509
14925,93.28456832338318
14926,93.28493798865128
14927,93.28530765391938
14928,93.28567731918747
14929,93.28604698445557
14930,93.28641664972368
14931,93.28660148235772
14932,93.28697114762583
14933,93.28734081289393
14934,93.28771047816203
14935,93.28808014343012
14936,93.28844980869823
14937,93.28881947396633
14938,93.28918913923442
14939,93.28955880450252
14940,93.28992846977062
14941,93.2902057187217
14942,93.29057538398979
14943,93.2909450492579
14944,93.291314714526
14945,93.29168437979409
14946,93.2920540450622
14947,93.2924237103303
14948,93.2927933755984
14949,93.2931630408665
14950,93.2935327061346
14951,93.2939023714027
14952,93.2939023714027
14953,93.2942720366708
14954,93.2946417019389
14955,93.295011367207
14956,93.29510378352401
14957,93.29547344879212
14958,93.29584311406022
14959,93.29621277932831
14960,93.29658244459642
14961,93.29695210986452
14962,93.29732177513262
14963,93.29769144040073
14964,93.29806110566882
14965,93.29843077093692
14966,93.29880043620503
14967,93.29917010147312
14968,93.29953976674122
14969,93.29990943200931
14970,93.30027909727741
14971,93.3006487625455
14972,93.30101842781362
14973,93.30138809308171
14974,93.30175775834981
14975,93.3021274236179
14976,93.30249708888601
14977,93.30286675415411
14978,93.3032364194222
14979,93.30360608469032
14980,93.30397574995841
14981,93.3043454152265
14982,93.30471508049462
14983,93.30508474576271
14984,93.30545441103081
14985,93.30582407629892
14986,93.30610132524998
14987,93.3064709905181
14988,93.30684065578619
14989,93.30721032105428
14990,93.30757998632238
14991,93.30794965159048
14992,93.30831931685859
14993,93.30868898212668
14994,93.30905864739478
14995,93.30942831266287
14996,93.30979797793098
14997,93.31016764319908
14998,93.31053730846718
14999,93.31090697373529
15000,93.31127663900338
15001,93.31164630427148
15002,93.31201596953959
15003,93.31238563480768
15004,93.31275530007578
15005,93.31312496534389
15006,93.31349463061198
15007,93.31386429588008
15008,93.31423396114819
15009,93.31460362641629
15010,93.31497329168438
15011,93.31534295695249
15012,93.31571262222059
15013,93.31608228748868
15014,93.31645195275678
15015,93.31682161802487
15016,93.31700645065892
15017,93.31737611592703
15018,93.31774578119513
15019,93.31811544646322
15020,93.31848511173133
15021,93.31885477699943
15022,93.31922444226753
15023,93.31959410753564
15024,93.31996377280373
15025,93.32033343807183
15026,93.32070310333992
15027,93.32107276860803
15028,93.32144243387613
15029,93.32181209914422
15030,93.32218176441232
15031,93.32255142968042
15032,93.32292109494851
15033,93.32329076021662
15034,93.32366042548472
15035,93.32403009075281
15036,93.32439975602092
15037,93.32476942128902
15038,93.32476942128902
15039,93.32513908655712
15040,93.3254163355082
15041,93.3257860007763
15042,93.3261556660444
15043,93.3265253313125
15044,93.3268949965806
15045,93.3272646618487
15046,93.3276343271168
15047,93.32800399238491
15048,93.328373657653
15049,93.3287433229211
15050,93.3291129881892
15051,93.32948265345729
15052,93.32985231872539
15053,93.33022198399348
15054,93.33059164926159
15055,93.33096131452969
15056,93.33133097979778
15057,93.3317006450659
15058,93.33207031033399
15059,93.33243997560209
15060,93.3328096408702
15061,93.33317930613829
15062,93.33354897140639
15063,93.3339186366745
15064,93.33428830194259
15065,93.33465796721069
15066,93.3350276324788
15067,93.3353972977469
15068,93.33576696301499
15069,93.3361366282831
15070,93.33641387723416
15071,93.33678354250226
15072,93.33715320777036
15073,93.33752287303845
15074,93.33789253830656
15075,93.33826220357466
15076,93.33863186884275
15077,93.33900153411086
15078,93.33900153411086
15079,93.33937119937896
15080,93.33974086464706
15081,93.34011052991517
15082,93.34048019518326
15083,93.34084986045136
15084,93.34121952571947
15085,93.34158919098756
15086,93.34195885625566
15087,93.34232852152377
15088,93.34242093784079
15089,93.34279060310888
15090,93.34316026837699
15091,93.34352993364509
15092,93.34389959891318
15093,93.34426926418128
15094,93.34463892944939
15095,93.34500859471748
15096,93.34537825998558
15097,93.34574792525369
15098,93.34611759052179
15099,93.34648725578988
15100,93.34685692105799
15101,93.34722658632609
15102,93.34759625159418
15103,93.34759625159418
15104,93.34796591686228
15105,93.34833558213037
15106,93.34870524739848
15107,93.34907491266658
15108,93.34944457793468
15109,93.34981424320277
15110,93.35018390847088
15111,93.35055357373898
15112,93.35092323900707
15113,93.35129290427517
15114,93.35166256954328
15115,93.35203223481138
15116,93.35240190007947
15117,93.35277156534758
15118,93.35314123061568
15119,93.35351089588377
15120,93.35388056115188
15121,93.35425022641998
15122,93.35461989168807
15123,93.35498955695618
15124,93.35535922222428
15125,93.35572888749238
15126,93.35609855276049
15127,93.35637580171155
15128,93.35674546697965
15129,93.35711513224774
15130,93.35748479751584
15131,93.35785446278395
15132,93.35794687910098
15133,93.35831654436907
15134,93.35868620963717
15135,93.35905587490527
15136,93.35942554017336
15137,93.35979520544147
15138,93.36016487070957
15139,93.36053453597766
15140,93.36090420124577
15141,93.36127386651387
15142,93.36164353178197
15143,93.36201319705008
15144,93.36229044600115
15145,93.36266011126925
15146,93.36302977653735
15147,93.36339944180546
15148,93.36376910707355
15149,93.36413877234165
15150,93.36450843760974
15151,93.36487810287785
15152,93.36524776814595
15153,93.36561743341404
15154,93.36598709868214
15155,93.36635676395024
15156,93.36672642921833
15157,93.36709609448644
15158,93.36746575975454
15159,93.36783542502263
15160,93.36820509029074
15161,93.36857475555884
15162,93.36894442082694
15163,93.36931408609505
15164,93.36968375136314
15165,93.37005341663124
15166,93.37042308189935
15167,93.37042308189935
15168,93.37079274716744
15169,93.37116241243554
15170,93.37153207770363
15171,93.37190174297174
15172,93.37227140823984
15173,93.37264107350794
15174,93.37301073877605
15175,93.37338040404414
15176,93.37338040404414
15177,93.37375006931224
15178,93.37411973458035
15179,93.37448939984844
15180,93.37485906511654
15181,93.37522873038463
15182,93.37559839565273
15183,93.37596806092083
15184,93.37633772618894
15185,93.37670739145703
15186,93.37707705672513
15187,93.37707705672513
15188,93.37744672199324
15189,93.37781638726133
15190,93.37781638726133
15191,93.37818605252943
15192,93.37855571779752
15193,93.37892538306563
15194,93.37929504833373
15195,93.37966471360183
15196,93.38003437886994
15197,93.38040404413803
15198,93.38077370940613
15199,93.38114337467424
15200,93.38151303994233
15201,93.38188270521043
15202,93.38188270521043
15203,93.38225237047854
15204,93.38262203574664
15205,93.38299170101473
15206,93.38336136628284
15207,93.38373103155094
15208,93.38410069681903
15209,93.38447036208713
15210,93.38484002735524
15211,93.38520969262333
15212,93.38557935789143
15213,93.38594902315953
15214,93.3862262721106
15215,93.38641110474465
15216,93.38678077001276
15217,93.38715043528086
15218,93.38752010054895
15219,93.38788976581705
15220,93.38825943108515
15221,93.38862909635324
15222,93.38899876162135
15223,93.38936842688945
15224,93.38964567584053
15225,93.39001534110862
15226,93.39038500637673
15227,93.39075467164483
15228,93.39112433691292
15229,93.39149400218103
15230,93.39186366744913
15231,93.39223333271723
15232,93.39260299798532
15233,93.39297266325343
15234,93.39334232852153
15235,93.39371199378962
15236,93.39408165905773
15237,93.39445132432583
15238,93.39482098959392
15239,93.39519065486202
15240,93.39556032013012
15241,93.39574515276418
15242,93.39611481803227
15243,93.39648448330037
15244,93.39685414856848
15245,93.39722381383658
15246,93.39759347910467
15247,93.39796314437278
15248,93.39833280964088
15249,93.39870247490897
15250,93.39907214017707
15251,93.39944180544518
15252,93.39981147071327
15253,93.40018113598137
15254,93.40055080124947
15255,93.40092046651756
15256,93.40129013178566
15257,93.4013825481027
15258,93.4017522133708
15259,93.4021218786389
15260,93.40249154390699
15261,93.40286120917509
15262,93.40323087444318
15263,93.40360053971129
15264,93.40397020497939
15265,93.40433987024748
15266,93.4047095355156
15267,93.40507920078369
15268,93.40544886605178
15269,93.4058185313199
15270,93.40609578027097
15271,93.40646544553907
15272,93.40683511080717
15273,93.40683511080717
15274,93.40720477607526
15275,93.40757444134337
15276,93.40794410661147
15277,93.40831377187956
15278,93.40868343714767
15279,93.40905310241577
15280,93.40942276768386
15281,93.40979243295196
15282,93.41016209822006
15283,93.41016209822006
15284,93.41053176348815
15285,93.41090142875626
15286,93.41127109402436
15287,93.41164075929245
15288,93.41201042456056
15289,93.41238008982866
15290,93.41274975509675
15291,93.41311942036486
15292,93.41348908563296
15293,93.41385875090106
15294,93.41422841616915
15295,93.41459808143726
15296,93.41459808143726
15297,93.41496774670536
15298,93.41533741197345
15299,93.41570707724156
15300,93.41607674250966
15301,93.41644640777776
15302,93.4166312404118
15303,93.4170009056799
15304,93.41727815463098
15305,93.41764781989909
15306,93.41801748516718
15307,93.41838715043528
15308,93.41875681570339
15309,93.4188492320204
15310,93.4192188972885
15311,93.41958856255661
15312,93.41995822782471
15313,93.4203278930928
15314,93.42051272572685
15315,93.42088239099495
15316,93.42125205626304
15317,93.42152930521412
15318,93.42189897048223
15319,93.42226863575033
15320,93.42263830101842
15321,93.42300796628653
15322,93.42337763155463
15323,93.42374729682273
15324,93.4240245457738
15325,93.4243942110419
15326,93.42476387631
15327,93.42513354157809
15328,93.4255032068462
15329,93.4258728721143
15330,93.4262425373824
15331,93.4266122026505
15332,93.4269818679186
15333,93.4273515331867
15334,93.42772119845479
15335,93.4280908637229
15336,93.428460528991
15337,93.42883019425909
15338,93.42910744321017
15339,93.42947710847828
15340,93.42984677374638
15341,93.43021643901447
15342,93.43058610428258
15343,93.43095576955068
15344,93.43132543481877
15345,93.43169510008687
15346,93.43206476535497
15347,93.43243443062306
15348,93.43280409589117
15349,93.43298892852522
15350,93.43335859379333
15351,93.43372825906143
15352,93.43409792432952
15353,93.43446758959762
15354,93.43456000591465
15355,93.43492967118274
15356,93.43529933645084
15357,93.43566900171895
15358,93.43603866698705
15359,93.43640833225514
15360,93.43668558120622
15361,93.43705524647432
15362,93.43742491174241
15363,93.43779457701051
15364,93.43816424227862
15365,93.43853390754671
15366,93.43890357281481
15367,93.43927323808292
15368,93.43964290335101
15369,93.44001256861911
15370,93.44038223388722
15371,93.4406594828383
15372,93.4410291481064
15373,93.44139881337449
15374,93.44176847864259
15375,93.4421381439107
15376,93.44250780917879
15377,93.44287747444689
15378,93.443247139715
15379,93.4436168049831
15380,93.44398647025119
15381,93.44435613551929
15382,93.44472580078738
15383,93.44509546605548
15384,93.44546513132359
15385,93.44583479659168
15386,93.44620446185978
15387,93.44657412712789
15388,93.44694379239598
15389,93.44731345766408
15390,93.44768312293219
15391,93.44805278820029
15392,93.44842245346838
15393,93.44879211873648
15394,93.44916178400459
15395,93.44953144927268
15396,93.44990111454078
15397,93.45027077980889
15398,93.45064044507698
15399,93.45101011034508
15400,93.45137977561319
15401,93.45174944088129
15402,93.45211910614938
15403,93.45239635510045
15404,93.45276602036856
15405,93.45313568563665
15406,93.45350535090475
15407,93.45387501617286
15408,93.45424468144095
15409,93.45461434670905
15410,93.45498401197716
15411,93.45535367724526
15412,93.45572334251335
15413,93.45609300778145
15414,93.45646267304956
15415,93.45683233831765
15416,93.45720200358575
15417,93.45757166885386
15418,93.45794133412195
15419,93.45831099939005
15420,93.45868066465816
15421,93.45905032992626
15422,93.45941999519435
15423,93.45978966046246
15424,93.45978966046246
15425,93.46015932573056
15426,93.46052899099865
15427,93.46089865626675
15428,93.46126832153485
15429,93.46154557048592
15430,93.46191523575402
15431,93.46228490102212
15432,93.46265456629023
15433,93.46302423155832
15434,93.46311664787534
15435,93.46348631314345
15436,93.46385597841154
15437,93.46422564367964
15438,93.46459530894775
15439,93.46496497421585
15440,93.46533463948394
15441,93.46570430475205
15442,93.46607397002015
15443,93.46644363528824
15444,93.46681330055635
15445,93.46718296582445
15446,93.46718296582445
15447,93.46755263109254
15448,93.46792229636065
15449,93.46829196162875
15450,93.46866162689685
15451,93.46903129216494
15452,93.46940095743305
15453,93.46977062270115
15454,93.47014028796924
15455,93.47050995323734
15456,93.47087961850545
15457,93.47124928377355
15458,93.47161894904164
15459,93.47198861430974
15460,93.47235827957783
15461,93.47272794484594
15462,93.47309761011404
15463,93.47346727538213
15464,93.47383694065024
15465,93.47420660591834
15466,93.47457627118644
15467,93.47494593645455
15468,93.47531560172264
15469,93.47568526699074
15470,93.47605493225883
15471,93.47642459752694
15472,93.47679426279504
15473,93.47716392806313
15474,93.47753359333124
15475,93.47790325859934
15476,93.47827292386744
15477,93.47864258913555
15478,93.47901225440364
15479,93.47938191967174
15480,93.47975158493983
15481,93.48012125020794
15482,93.48049091547604
15483,93.48086058074414
15484,93.48123024601223
15485,93.48159991128033
15486,93.48196957654844
15487,93.48224682549952
15488,93.48261649076761
15489,93.48298615603571
15490,93.4833558213038
15491,93.48372548657191
15492,93.48409515184001
15493,93.4844648171081
15494,93.48474206605918
15495,93.48511173132728
15496,93.48548139659539
15497,93.48585106186349
15498,93.48622072713158
15499,93.48659039239968
15500,93.48696005766777
15501,93.48732972293588
15502,93.48769938820398
15503,93.48806905347207
15504,93.48843871874018
15505,93.48880838400828
15506,93.48917804927638
15507,93.48954771454449
15508,93.48991737981258
15509,93.49028704508068
15510,93.49065671034877
15511,93.49102637561688
15512,93.49139604088498
15513,93.49176570615307
15514,93.49213537142118
15515,93.49250503668928
15516,93.49287470195738
15517,93.49324436722549
15518,93.49361403249358
15519,93.49398369776168
15520,93.49435336302977
15521,93.49472302829788
15522,93.49509269356598
15523,93.49546235883408
15524,93.49583202410217
15525,93.49620168937027
15526,93.49657135463838
15527,93.49694101990647
15528,93.49731068517457
15529,93.49768035044266
15530,93.49805001571077
15531,93.49841968097887
15532,93.49878934624697
15533,93.49915901151508
15534,93.49952867678317
15535,93.49989834205127
15536,93.50026800731938
15537,93.50063767258747
15538,93.50100733785557
15539,93.50137700312368
15540,93.50174666839177
15541,93.50211633365987
15542,93.50248599892798
15543,93.50285566419608
15544,93.50322532946417
15545,93.50359499473228
15546,93.50396466000038
15547,93.50433432526847
15548,93.50470399053657
15549,93.50507365580467
15550,93.50544332107276
15551,93.50581298634086
15552,93.50618265160897
15553,93.50655231687706
15554,93.50692198214516
15555,93.50729164741327
15556,93.50766131268136
15557,93.50803097794946
15558,93.50840064321757
15559,93.50877030848567
15560,93.50913997375376
15561,93.50950963902187
15562,93.50987930428997
15563,93.51024896955806
15564,93.51061863482617
15565,93.51098830009427
15566,93.51135796536236
15567,93.51172763063046
15568,93.51209729589857
15569,93.51246696116667
15570,93.51283662643476
15571,93.51320629170287
15572,93.51357595697097
15573,93.51394562223906
15574,93.51431528750716
15575,93.51468495277527
15576,93.51505461804337
15577,93.51542428331146
15578,93.51579394857956
15579,93.51616361384765
15580,93.51616361384765
15581,93.51653327911576
15582,93.51690294438386
15583,93.51727260965195
15584,93.51764227492006
15585,93.51801194018816
15586,93.51838160545626
15587,93.51875127072435
15588,93.51912093599246
15589,93.51949060126056
15590,93.51986026652865
15591,93.52013751547973
15592,93.52013751547973
15593,93.52032234811378
15594,93.52069201338188
15595,93.52106167864999
15596,93.52143134391808
15597,93.52180100918618
15598,93.52217067445429
15599,93.52254033972238
15600,93.52291000499048
15601,93.52327967025859
15602,93.52364933552668
15603,93.52401900079478
15604,93.52438866606289
15605,93.52475833133099
15606,93.52512799659908
15607,93.52549766186718
15608,93.52586732713529
15609,93.52623699240338
15610,93.52660665767148
15611,93.52697632293957
15612,93.52734598820767
15613,93.52771565347578
15614,93.52808531874388
15615,93.52827015137792
15616,93.52863981664603
15617,93.52900948191413
15618,93.52928673086521
15619,93.5296563961333
15620,93.52993364508437
15621,93.53030331035248
15622,93.53067297562058
15623,93.53104264088867
15624,93.53141230615678
15625,93.53178197142488
15626,93.53215163669297
15627,93.53252130196107
15628,93.53289096722918
15629,93.53326063249727
15630,93.53363029776537
15631,93.53399996303348
15632,93.53436962830158
15633,93.53473929356967
15634,93.53510895883778
15635,93.53547862410588
15636,93.53584828937397
15637,93.53621795464207
15638,93.53658761991016
15639,93.53695728517827
15640,93.53732695044637
15641,93.53769661571447
15642,93.53806628098256
15643,93.53843594625067
15644,93.53880561151877
15645,93.53917527678686
15646,93.53954494205496
15647,93.53972977468902
15648,93.54009943995712
15649,93.54046910522523
15650,93.54065393785926
15651,93.54102360312737
15652,93.54139326839547
15653,93.54176293366356
15654,93.54213259893167
15655,93.54250226419977
15656,93.54287192946786
15657,93.54324159473597
15658,93.54361126000407
15659,93.54398092527217
15660,93.54435059054028
15661,93.54435059054028
15662,93.54472025580837
15663,93.54508992107647
15664,93.54545958634458
15665,93.54545958634458
15666,93.54582925161267
15667,93.54619891688077
15668,93.54656858214886
15669,93.54693824741696
15670,93.54730791268506
15671,93.54767757795315
15672,93.54804724322126
15673,93.54804724322126
15674,93.54841690848936
15675,93.54878657375745
15676,93.54915623902556
15677,93.54952590429366
15678,93.54989556956176
15679,93.55026523482987
15680,93.55063490009796
15681,93.55100456536606
15682,93.55137423063417
15683,93.55174389590226
15684,93.55211356117036
15685,93.55248322643847
15686,93.55285289170656
15687,93.55322255697466
15688,93.55359222224276
15689,93.55396188751087
15690,93.55433155277896
15691,93.55470121804706
15692,93.55507088331517
15693,93.55544054858326
15694,93.55581021385136
15695,93.55617987911945
15696,93.55654954438755
15697,93.55691920965566
15698,93.55728887492376
15699,93.55765854019185
15700,93.55802820545995
15701,93.55839787072806
15702,93.55849028704509
15703,93.55885995231318
15704,93.55922961758128
15705,93.55959928284938
15706,93.55996894811747
15707,93.56033861338557
15708,93.56070827865368
15709,93.56107794392177
15710,93.56144760918987
15711,93.56181727445798
15712,93.56218693972608
15713,93.56255660499417
15714,93.56292627026228
15715,93.56329593553038
15716,93.56366560079847
15717,93.56403526606658
15718,93.56440493133468
15719,93.56477459660277
15720,93.56514426187088
15721,93.56551392713898
15722,93.56588359240708
15723,93.56625325767519
15724,93.56662292294328
15725,93.56699258821138
15726,93.56736225347947
15727,93.56773191874758
15728,93.56800916769865
15729,93.56800916769865
15730,93.56837883296674
15731,93.56874849823484
15732,93.56911816350295
15733,93.56948782877105
15734,93.56985749403914
15735,93.57022715930725
15736,93.57059682457535
15737,93.57096648984344
15738,93.57133615511155
15739,93.57170582037965
15740,93.57170582037965
15741,93.57207548564774
15742,93.57244515091585
15743,93.57281481618395
15744,93.57318448145205
15745,93.57355414672016
15746,93.57392381198825
15747,93.57429347725635
15748,93.57466314252444
15749,93.57503280779255
15750,93.57540247306065
15751,93.57577213832874
15752,93.57614180359684
15753,93.57632663623089
15754,93.576696301499
15755,93.5770659667671
15756,93.57743563203519
15757,93.5778052973033
15758,93.5781749625714
15759,93.57854462783949
15760,93.5789142931076
15761,93.5792839583757
15762,93.5796536236438
15763,93.5796536236438
15764,93.58002328891189
15765,93.58039295417998
15766,93.5807626194481
15767,93.58113228471619
15768,93.58150194998429
15769,93.58187161525238
15770,93.58224128052048
15771,93.58261094578859
15772,93.58298061105668
15773,93.58335027632478
15774,93.58371994159289
15775,93.58408960686099
15776,93.58427443949505
15777,93.58464410476314
15778,93.58501377003124
15779,93.58538343529933
15780,93.58575310056743
15781,93.58612276583554
15782,93.58649243110364
15783,93.58686209637173
15784,93.58695451268876
15785,93.58732417795686
15786,93.58769384322497
15787,93.58806350849306
15788,93.58843317376116
15789,93.58880283902926
15790,93.58880283902926
15791,93.58917250429735
15792,93.58954216956545
15793,93.58991183483356
15794,93.59028150010165
15795,93.59065116536975
15796,93.59102083063786
15797,93.59139049590596
15798,93.59166774485703
15799,93.59203741012513
15800,93.59231465907621
15801,93.5926843243443
15802,93.5930539896124
15803,93.5934236548805
15804,93.5937933201486
15805,93.5941629854167
15806,93.5945326506848
15807,93.59480989963588
15808,93.59517956490397
15809,93.59554923017208
15810,93.59591889544018
15811,93.59628856070827
15812,93.59665822597638
15813,93.59702789124448
15814,93.59739755651258
15815,93.59776722178069
15816,93.59813688704878
15817,93.59850655231688
15818,93.59887621758499
15819,93.59924588285308
15820,93.59961554812118
15821,93.59980038075523
15822,93.60017004602332
15823,93.60053971129143
15824,93.60090937655953
15825,93.60109420919358
15826,93.60137145814465
15827,93.60174112341275
15828,93.60211078868085
15829,93.60248045394894
15830,93.60285011921705
15831,93.60321978448515
15832,93.60358944975324
15833,93.60395911502135
15834,93.60432878028945
15835,93.60460602924053
15836,93.60497569450862
15837,93.60534535977672
15838,93.60571502504482
15839,93.60608469031291
15840,93.60645435558102
15841,93.60682402084912
15842,93.60719368611721
15843,93.60756335138532
15844,93.6078406003364
15845,93.6082102656045
15846,93.6085799308726
15847,93.60894959614069
15848,93.6093192614088
15849,93.6096889266769
15850,93.61005859194499
15851,93.6104282572131
15852,93.6107979224812
15853,93.61116758774929
15854,93.6115372530174
15855,93.6119069182855
15856,93.6122765835536
15857,93.61264624882169
15858,93.61301591408979
15859,93.61338557935788
15860,93.61375524462599
15861,93.61412490989409
15862,93.61449457516218
15863,93.6148642404303
15864,93.61523390569839
15865,93.61560357096648
15866,93.61597323623458
15867,93.61634290150269
15868,93.61671256677079
15869,93.61708223203888
15870,93.61745189730699
15871,93.61782156257509
15872,93.61819122784318
15873,93.6185608931113
15874,93.61893055837939
15875,93.61930022364749
15876,93.6196698889156
15877,93.62003955418369
15878,93.62040921945179
15879,93.6207788847199
15880,93.62114854998799
15881,93.62151821525609
15882,93.62188788052418
15883,93.62225754579228
15884,93.62262721106038
15885,93.62299687632849
15886,93.62336654159658
15887,93.62373620686468
15888,93.62410587213277
15889,93.62447553740088
15890,93.62484520266898
15891,93.62521486793707
15892,93.62558453320518
15893,93.62595419847328
15894,93.62632386374138
15895,93.62669352900949
15896,93.62706319427758
15897,93.62743285954568
15898,93.62780252481379
15899,93.62817219008188
15900,93.62854185534998
15901,93.62891152061809
15902,93.62928118588619
15903,93.62965085115428
15904,93.63002051642238
15905,93.63039018169049
15906,93.63075984695858
15907,93.63112951222668
15908,93.63122192854371
15909,93.6315915938118
15910,93.6319612590799
15911,93.63233092434801
15912,93.6327005896161
15913,93.6330702548842
15914,93.63343992015231
15915,93.63380958542041
15916,93.6341792506885
15917,93.6345489159566
15918,93.6349185812247
15919,93.63528824649279
15920,93.6356579117609
15921,93.636027577029
15922,93.6363972422971
15923,93.63676690756519
15924,93.6371365728333
15925,93.6375062381014
15926,93.63787590336949
15927,93.6382455686376
15928,93.6386152339057
15929,93.63898489917379
15930,93.6393545644419
15931,93.63972422971
15932,93.6400938949781
15933,93.6404635602462
15934,93.6408332255143
15935,93.6412028907824
15936,93.6415725560505
15937,93.6419422213186
15938,93.6423118865867
15939,93.6426815518548
15940,93.6430512171229
15941,93.643420882391
15942,93.6437905476591
15943,93.64416021292719
15944,93.6445298781953
15945,93.6448995434634
15946,93.64526920873149
15947,93.64563887399959
15948,93.64600853926768
15949,93.6463782045358
15950,93.64674786980389
15951,93.64711753507198
15952,93.6474872003401
15953,93.64785686560819
15954,93.64822653087629
15955,93.64822653087629
15956,93.6485961961444
15957,93.64896586141249
15958,93.64933552668059
15959,93.6497051919487
15960,93.6500748572168
15961,93.65044452248489
15962,93.65081418775299
15963,93.6511838530211
15964,93.65155351828919
15965,93.65192318355729
15966,93.6522928488254
15967,93.65266251409349
15968,93.65303217936159
15969,93.65340184462968
15970,93.6537715098978
15971,93.65404875884886
15972,93.65441842411695
15973,93.65478808938506
15974,93.65515775465316
15975,93.65552741992126
15976,93.65589708518937
15977,93.65626675045746
15978,93.65663641572556
15979,93.65700608099367
15980,93.65737574626176
15981,93.65774541152986
15982,93.65811507679796
15983,93.65848474206607
15984,93.65885440733416
15985,93.65922407260226
15986,93.65959373787037
15987,93.65996340313846
15988,93.66033306840656
15989,93.66070273367467
15990,93.66107239894276
15991,93.66144206421086
15992,93.66181172947896
15993,93.66181172947896
15994,93.66218139474705
15995,93.66255106001515
15996,93.66292072528326
15997,93.66329039055135
15998,93.66338280686838
15999,93.66375247213648
16000,93.66412213740458
16001,93.66449180267267
16002,93.66486146794077
16003,93.66523113320888
16004,93.66560079847697
16005,93.66597046374507
16006,93.66634012901318
16007,93.66670979428127
16008,93.66707945954937
16009,93.66744912481748
16010,93.66781879008558
16011,93.66818845535367
16012,93.66855812062178
16013,93.66892778588988
16014,93.66929745115797
16015,93.66966711642608
16016,93.67003678169418
16017,93.67040644696228
16018,93.67077611223039
16019,93.67114577749848
16020,93.67151544276658
16021,93.67188510803467
16022,93.67225477330278
16023,93.67262443857088
16024,93.67299410383897
16025,93.67336376910707
16026,93.67373343437518
16027,93.67410309964328
16028,93.67447276491137
16029,93.67484243017947
16030,93.67521209544756
16031,93.67558176071567
16032,93.67595142598377
16033,93.67632109125186
16034,93.67669075651997
16035,93.67706042178807
16036,93.67743008705617
16037,93.67779975232428
16038,93.67816941759237
16039,93.67853908286047
16040,93.67890874812856
16041,93.67927841339667
16042,93.67964807866477
16043,93.68001774393286
16044,93.68038740920097
16045,93.68075707446907
16046,93.68112673973717
16047,93.68140398868825
16048,93.68177365395634
16049,93.68214331922444
16050,93.68251298449253
16051,93.68288264976064
16052,93.68325231502874
16053,93.68362198029683
16054,93.68389922924791
16055,93.68426889451602
16056,93.68463855978412
16057,93.68500822505221
16058,93.68537789032032
16059,93.68574755558842
16060,93.68611722085652
16061,93.68648688612461
16062,93.68657930244164
16063,93.68694896770974
16064,93.68731863297783
16065,93.68768829824594
16066,93.68805796351404
16067,93.68842762878214
16068,93.68870487773322
16069,93.68907454300131
16070,93.68907454300131
16071,93.6894442082694
16072,93.68953662458644
16073,93.68990628985455
16074,93.69027595512264
16075,93.69064562039074
16076,93.69101528565884
16077,93.69138495092693
16078,93.69175461619503
16079,93.69212428146314
16080,93.69249394673123
16081,93.69286361199933
16082,93.69323327726742
16083,93.69332569358446
16084,93.69369535885255
16085,93.69406502412065
16086,93.69443468938876
16087,93.69480435465685
16088,93.69517401992495
16089,93.69554368519306
16090,93.69591335046115
16091,93.69628301572925
16092,93.69665268099736
16093,93.69702234626546
16094,93.69739201153355
16095,93.69776167680166
16096,93.69813134206976
16097,93.69840859102084
16098,93.69877825628893
16099,93.69914792155704
16100,93.69951758682514
16101,93.69988725209323
16102,93.70025691736133
16103,93.70062658262943
16104,93.70081141526347
16105,93.70118108053158
16106,93.70155074579968
16107,93.70192041106777
16108,93.70229007633588
16109,93.70265974160398
16110,93.70302940687208
16111,93.70330665582316
16112,93.70367632109125
16113,93.70404598635935
16114,93.70441565162744
16115,93.70478531689555
16116,93.70515498216365
16117,93.70552464743174
16118,93.70589431269985
16119,93.70626397796795
16120,93.70663364323605
16121,93.70700330850414
16122,93.70737297377225
16123,93.70774263904035
16124,93.70811230430844
16125,93.70848196957655
16126,93.70885163484465
16127,93.70922130011274
16128,93.70959096538085
16129,93.70996063064895
16130,93.71033029591705
16131,93.71069996118516
16132,93.71106962645325
16133,93.71143929172135
16134,93.71180895698944
16135,93.71217862225755
16136,93.71254828752565
16137,93.71291795279375
16138,93.71328761806184
16139,93.71365728332994
16140,93.71402694859803
16141,93.71439661386614
16142,93.71476627913424
16143,93.71513594440233
16144,93.71550560967044
16145,93.71587527493854
16146,93.71624494020664
16147,93.71661460547475
16148,93.71698427074284
16149,93.71735393601094
16150,93.71772360127905
16151,93.71809326654714
16152,93.71846293181524
16153,93.71883259708335
16154,93.71920226235144
16155,93.71957192761954
16156,93.71994159288765
16157,93.72031125815575
16158,93.72068092342384
16159,93.72105058869194
16160,93.72142025396005
16161,93.72178991922814
16162,93.72215958449624
16163,93.72252924976434
16164,93.72289891503243
16165,93.72326858030053
16166,93.72363824556864
16167,93.72400791083673
16168,93.72437757610483
16169,93.72474724137294
16170,93.72511690664103
16171,93.72548657190913
16172,93.72585623717724
16173,93.72622590244534
16174,93.72659556771343
16175,93.72687281666451
16176,93.72724248193262
16177,93.72761214720072
16178,93.72798181246881
16179,93.72835147773691
16180,93.72872114300502
16181,93.72909080827311
16182,93.72946047354121
16183,93.7298301388093
16184,93.7301998040774
16185,93.73056946934551
16186,93.7309391346136
16187,93.7313087998817
16188,93.73140121619873
16189,93.73177088146683
16190,93.73214054673494
16191,93.73251021200304
16192,93.73287987727113
16193,93.73324954253923
16194,93.73361920780732
16195,93.73398887307543
16196,93.73435853834353
16197,93.73472820361162
16198,93.73509786887972
16199,93.73546753414783
16200,93.73583719941593
16201,93.73620686468402
16202,93.73657652995213
16203,93.73694619522023
16204,93.73731586048832
16205,93.73768552575643
16206,93.73805519102453
16207,93.73842485629262
16208,93.7387021052437
16209,93.7390717705118
16210,93.7394414357799
16211,93.739811101048
16212,93.7401807663161
16213,93.7405504315842
16214,93.74092009685229
16215,93.74128976212039
16216,93.7416594273885
16217,93.7420290926566
16218,93.74239875792469
16219,93.7427684231928
16220,93.7431380884609
16221,93.74323050477791
16222,93.74360017004602
16223,93.74396983531412
16224,93.74433950058221
16225,93.74470916585032
16226,93.74507883111842
16227,93.74544849638652
16228,93.74581816165463
16229,93.74618782692272
16230,93.74655749219082
16231,93.74692715745893
16232,93.74729682272702
16233,93.74766648799512
16234,93.74803615326323
16235,93.74840581853132
16236,93.74877548379942
16237,93.74914514906752
16238,93.74951481433563
16239,93.74969964696966
16240,93.75006931223777
16241,93.75043897750587
16242,93.75080864277396
16243,93.75080864277396
16244,93.75080864277396
16245,93.75117830804207
16246,93.75127072435909
16247,93.75164038962718
16248,93.7520100548953
16249,93.75237972016339
16250,93.75265696911447
16251,93.75302663438256
16252,93.75321146701661
16253,93.75358113228471
16254,93.75376596491877
16255,93.75413563018687
16256,93.75450529545498
16257,93.75487496072307
16258,93.75524462599117
16259,93.75561429125926
16260,93.7557067075763
16261,93.75607637284439
16262,93.75644603811249
16263,93.7568157033806
16264,93.75718536864869
16265,93.75755503391679
16266,93.75773986655084
16267,93.75783228286785
16268,93.75820194813596
16269,93.75857161340406
16270,93.75894127867215
16271,93.75894127867215
16272,93.75931094394026
16273,93.75968060920836
16274,93.76005027447646
16275,93.76041993974457
16276,93.76078960501266
16277,93.76115927028076
16278,93.76152893554887
16279,93.76189860081696
16280,93.76226826608506
16281,93.76263793135315
16282,93.76300759662126
16283,93.76337726188936
16284,93.76365451084044
16285,93.76402417610853
16286,93.76439384137663
16287,93.76476350664473
16288,93.76513317191282
16289,93.76550283718093
16290,93.76587250244903
16291,93.76596491876606
16292,93.76633458403415
16293,93.76670424930225
16294,93.76707391457035
16295,93.76744357983846
16296,93.76781324510655
16297,93.76818291037465
16298,93.76855257564276
16299,93.76892224091085
16300,93.76929190617895
16301,93.76966157144705
16302,93.77003123671516
16303,93.77040090198325
16304,93.77077056725135
16305,93.77114023251946
16306,93.77150989778755
16307,93.77187956305565
16308,93.77224922832376
16309,93.77261889359185
16310,93.77298855885995
16311,93.77335822412806
16312,93.77372788939616
16313,93.77409755466425
16314,93.77446721993236
16315,93.77483688520046
16316,93.77520655046855
16317,93.77557621573665
16318,93.77594588100476
16319,93.77631554627285
16320,93.77668521154095
16321,93.77705487680905
16322,93.77742454207714
16323,93.77779420734524
16324,93.77816387261335
16325,93.77853353788144
16326,93.77890320314954
16327,93.77927286841765
16328,93.77964253368575
16329,93.78001219895384
16330,93.78038186422195
16331,93.78075152949005
16332,93.78112119475814
16333,93.78149086002625
16334,93.78186052529435
16335,93.78223019056244
16336,93.78259985583055
16337,93.78296952109865
16338,93.78333918636675
16339,93.78370885163484
16340,93.78407851690295
16341,93.78444818217105
16342,93.78481784743914
16343,93.78518751270725
16344,93.78555717797535
16345,93.78592684324344
16346,93.78629650851154
16347,93.78666617377964
16348,93.78703583904773
16349,93.78740550431584
16350,93.78777516958394
16351,93.78814483485203
16352,93.78851450012014
16353,93.78888416538824
16354,93.78925383065634
16355,93.78962349592445
16356,93.78999316119254
16357,93.79036282646064
16358,93.79073249172873
16359,93.79110215699684
16360,93.79110215699684
16361,93.79147182226494
16362,93.79184148753303
16363,93.79221115280114
16364,93.79258081806924
16365,93.79295048333734
16366,93.79304289965437
16367,93.79304289965437
16368,93.79313531597138
16369,93.79350498123948
16370,93.79387464650759
16371,93.79424431177569
16372,93.79461397704378
16373,93.79498364231189
16374,93.79498364231189
16375,93.79535330757999
16376,93.79572297284808
16377,93.79609263811619
16378,93.79646230338429
16379,93.79683196865238
16380,93.79720163392048
16381,93.79757129918859
16382,93.79794096445669
16383,93.79831062972478
16384,93.79868029499289
16385,93.79904996026099
16386,93.79941962552908
16387,93.7997892907972
16388,93.80015895606529
16389,93.80052862133338
16390,93.80089828660148
16391,93.80126795186958
16392,93.80145278450364
16393,93.80182244977173
16394,93.80219211503983
16395,93.80256178030794
16396,93.80293144557604
16397,93.80330111084413
16398,93.80367077611224
16399,93.80404044138034
16400,93.80441010664843
16401,93.80477977191653
16402,93.80514943718464
16403,93.80551910245273
16404,93.80588876772083
16405,93.80625843298893
16406,93.80662809825702
16407,93.80699776352512
16408,93.80736742879323
16409,93.80773709406132
16410,93.80810675932942
16411,93.80847642459753
16412,93.80884608986563
16413,93.80921575513372
16414,93.80958542040183
16415,93.80995508566993
16416,93.81032475093802
16417,93.81069441620613
16418,93.81106408147423
16419,93.81143374674232
16420,93.81180341201042
16421,93.81217307727853
16422,93.81254274254663
16423,93.81291240781472
16424,93.81328207308283
16425,93.81365173835093
16426,93.81374415466794
16427,93.81411381993605
16428,93.81448348520415
16429,93.81485315047225
16430,93.81522281574036
16431,93.81522281574036
16432,93.81559248100845
16433,93.81596214627655
16434,93.81633181154466
16435,93.81670147681275
16436,93.81707114208085
16437,93.81744080734894
16438,93.81781047261704
16439,93.81818013788515
16440,93.81845738683622
16441,93.81882705210431
16442,93.81919671737242
16443,93.81956638264052
16444,93.81993604790861
16445,93.82030571317672
16446,93.82067537844482
16447,93.82104504371291
16448,93.82141470898102
16449,93.8216919579321
16450,93.8220616232002
16451,93.8224312884683
16452,93.82280095373639
16453,93.82317061900449
16454,93.82354028427258
16455,93.82390994954069
16456,93.82427961480879
16457,93.82464928007688
16458,93.825018945345
16459,93.82538861061309
16460,93.82575827588118
16461,93.82612794114928
16462,93.82649760641739
16463,93.82686727168549
16464,93.82723693695358
16465,93.82760660222169
16466,93.82797626748979
16467,93.82834593275788
16468,93.828715598026
16469,93.82908526329409
16470,93.82945492856219
16471,93.8298245938303
16472,93.83019425909839
16473,93.83056392436649
16474,93.8309335896346
16475,93.83130325490269
16476,93.83167292017079
16477,93.83204258543888
16478,93.83241225070698
16479,93.83278191597509
16480,93.83315158124319
16481,93.83352124651128
16482,93.83389091177938
16483,93.83426057704747
16484,93.83463024231558
16485,93.83499990758368
16486,93.83536957285177
16487,93.83573923811988
16488,93.83610890338798
16489,93.83647856865608
16490,93.83684823392419
16491,93.83721789919228
16492,93.83758756446038
16493,93.83795722972849
16494,93.83832689499658
16495,93.83869656026468
16496,93.83906622553278
16497,93.83943589080089
16498,93.83980555606898
16499,93.84017522133708
16500,93.84054488660519
16501,93.84091455187328
16502,93.84128421714138
16503,93.84165388240947
16504,93.84202354767758
16505,93.84239321294568
16506,93.84276287821378
16507,93.84313254348187
16508,93.84350220874997
16509,93.84387187401808
16510,93.84396429033511
16511,93.8443339556032
16512,93.8447036208713
16513,93.8450732861394
16514,93.84544295140749
16515,93.8458126166756
16516,93.8461822819437
16517,93.8465519472118
16518,93.84682919616287
16519,93.84719886143097
16520,93.84756852669908
16521,93.84793819196717
16522,93.84830785723527
16523,93.84867752250338
16524,93.84904718777148
16525,93.84941685303957
16526,93.84978651830768
16527,93.85015618357578
16528,93.85052584884387
16529,93.85089551411198
16530,93.85126517938008
16531,93.85163484464817
16532,93.85200450991627
16533,93.85237417518437
16534,93.85274384045246
16535,93.85311350572056
16536,93.85348317098867
16537,93.85385283625676
16538,93.85403766889083
16539,93.85440733415892
16540,93.85477699942702
16541,93.85514666469513
16542,93.85514666469513
16543,93.85542391364619
16544,93.85579357891429
16545,93.85616324418238
16546,93.85634807681645
16547,93.85671774208454
16548,93.85708740735265
16549,93.85717982366967
16550,93.85754948893776
16551,93.85791915420587
16552,93.85828881947397
16553,93.85865848474207
16554,93.85902815001018
16555,93.85939781527827
16556,93.85976748054637
16557,93.86013714581446
16558,93.86050681108257
16559,93.86087647635067
16560,93.86124614161876
16561,93.86161580688686
16562,93.86198547215497
16563,93.86235513742307
16564,93.86272480269116
16565,93.86309446795926
16566,93.86346413322735
16567,93.86383379849546
16568,93.86420346376356
16569,93.86457312903165
16570,93.86494279429976
16571,93.86531245956786
16572,93.86568212483596
16573,93.86586695747002
16574,93.86623662273811
16575,93.86660628800621
16576,93.8669759532743
16577,93.86706836959134
16578,93.8673456185424
16579,93.86762286749348
16580,93.86799253276158
16581,93.86826978171266
16582,93.86863944698077
16583,93.86900911224886
16584,93.86937877751696
16585,93.86974844278507
16586,93.87011810805316
16587,93.87048777332126
16588,93.87085743858935
16589,93.87122710385746
16590,93.87159676912556
16591,93.87196643439366
16592,93.87233609966175
16593,93.87270576492985
16594,93.87307543019796
16595,93.87344509546605
16596,93.87381476073415
16597,93.87418442600224
16598,93.87455409127035
16599,93.87492375653845
16600,93.87529342180655
16601,93.87566308707466
16602,93.87603275234275
16603,93.87640241761085
16604,93.87677208287896
16605,93.87714174814705
16606,93.87751141341515
16607,93.87788107868326
16608,93.87825074395136
16609,93.87862040921945
16610,93.87899007448756
16611,93.87926732343863
16612,93.87963698870672
16613,93.88000665397482
16614,93.88037631924293
16615,93.88074598451102
16616,93.88111564977912
16617,93.88148531504721
16618,93.88185498031532
16619,93.88222464558342
16620,93.88259431085152
16621,93.88296397611963
16622,93.88333364138772
16623,93.88370330665582
16624,93.88407297192393
16625,93.88444263719202
16626,93.88481230246012
16627,93.88518196772823
16628,93.88555163299633
16629,93.88592129826442
16630,93.88629096353253
16631,93.88666062880063
16632,93.88703029406872
16633,93.88739995933683
16634,93.88776962460493
16635,93.88813928987302
16636,93.88850895514112
16637,93.88887862040922
16638,93.88924828567731
16639,93.88961795094542
16640,93.88989519989649
16641,93.89017244884757
16642,93.89054211411568
16643,93.89091177938377
16644,93.89100419570079
16645,93.8913738609689
16646,93.8913738609689
16647,93.891743526237
16648,93.89211319150509
16649,93.8924828567732
16650,93.8928525220413
16651,93.89322218730939
16652,93.8935918525775
16653,93.8939615178456
16654,93.89433118311369
16655,93.8947008483818
16656,93.8950705136499
16657,93.895440178918
16658,93.89580984418609
16659,93.89617950945419
16660,93.89654917472228
16661,93.89691883999038
16662,93.89728850525849
16663,93.89765817052658
16664,93.89802783579468
16665,93.89839750106279
16666,93.89876716633088
16667,93.89913683159898
16668,93.89950649686709
16669,93.89987616213519
16670,93.90024582740328
16671,93.90061549267139
16672,93.90098515793949
16673,93.90135482320758
16674,93.9017244884757
16675,93.90209415374379
16676,93.90246381901188
16677,93.90283348427998
16678,93.90320314954809
16679,93.90357281481619
16680,93.90394248008428
16681,93.90431214535239
16682,93.90468181062049
16683,93.90505147588858
16684,93.90542114115668
16685,93.90569839010776
16686,93.90606805537585
16687,93.90643772064395
16688,93.90671496959503
16689,93.90708463486314
16690,93.90745430013123
16691,93.90782396539933
16692,93.90819363066744
16693,93.90856329593554
16694,93.90893296120363
16695,93.90930262647173
16696,93.90967229173984
16697,93.91004195700793
16698,93.91041162227603
16699,93.91078128754413
16700,93.91115095281222
16701,93.91152061808032
16702,93.91189028334843
16703,93.91225994861652
16704,93.91262961388462
16705,93.91299927915273
16706,93.91336894442082
16707,93.91373860968892
16708,93.91410827495703
16709,93.91447794022513
16710,93.91484760549322
16711,93.91521727076133
16712,93.91558693602943
16713,93.91595660129752
16714,93.91632626656562
16715,93.91669593183373
16716,93.91706559710182
16717,93.91743526236992
16718,93.91780492763803
16719,93.91817459290613
16720,93.91826700922314
16721,93.91863667449125
16722,93.91900633975935
16723,93.91937600502744
16724,93.91946842134448
16725,93.91983808661257
16726,93.92020775188067
16727,93.92057741714878
16728,93.92094708241687
16729,93.92131674768497
16730,93.92168641295308
16731,93.92205607822117
16732,93.92242574348927
16733,93.92279540875737
16734,93.92316507402548
16735,93.92353473929357
16736,93.92381198824464
16737,93.92418165351273
16738,93.92455131878084
16739,93.92492098404894
16740,93.92529064931703
16741,93.92566031458514
16742,93.92602997985324
16743,93.92639964512134
16744,93.92676931038945
16745,93.92713897565754
16746,93.92750864092564
16747,93.92787830619375
16748,93.92815555514483
16749,93.92852522041292
16750,93.92889488568102
16751,93.92889488568102
16752,93.92926455094911
16753,93.92963421621722
16754,93.93000388148532
16755,93.93037354675342
16756,93.93074321202151
16757,93.93102046097259
16758,93.93129770992367
16759,93.93157495887475
16760,93.93185220782581
16761,93.93212945677689
16762,93.93240670572797
16763,93.93268395467904
16764,93.93296120363011
16765,93.9332384525812
16766,93.93351570153227
16767,93.93379295048334
16768,93.93407019943442
16769,93.9343474483855
16770,93.93462469733656
16771,93.93490194628764
16772,93.93517919523872
16773,93.93536402787277
16774,93.93564127682383
16775,93.93591852577491
16776,93.93619577472599
16777,93.93647302367705
16778,93.93675027262813
16779,93.93702752157921
16780,93.93730477053029
16781,93.93748960316434
16782,93.93776685211542
16783,93.93804410106648
16784,93.93832135001756
16785,93.93859859896864
16786,93.93887584791972
16787,93.93915309687078
16788,93.93943034582186
16789,93.93970759477294
16790,93.939984843724
16791,93.94026209267508
16792,93.94053934162616
16793,93.94081659057724
16794,93.9410938395283
16795,93.94137108847939
16796,93.94164833743046
16797,93.94192558638153
16798,93.94220283533261
16799,93.94248008428369
16800,93.94275733323477
16801,93.94303458218583
16802,93.94331183113691
16803,93.94358908008799
16804,93.94386632903905
16805,93.94414357799012
16806,93.9444208269412
16807,93.94469807589228
16808,93.94497532484336
16809,93.94525257379442
16810,93.9455298227455
16811,93.94580707169658
16812,93.94608432064764
16813,93.94636156959872
16814,93.9466388185498
16815,93.94691606750088
16816,93.94719331645194
16817,93.94747056540302
16818,93.9477478143541
16819,93.94802506330518
16820,93.94830231225625
16821,93.94857956120732
16822,93.9488568101584
16823,93.94913405910947
16824,93.94941130806055
16825,93.94968855701163
16826,93.9499658059627
16827,93.95024305491377
16828,93.95052030386485
16829,93.95079755281593
16830,93.95107480176699
16831,93.95135205071807
16832,93.95162929966915
16833,93.95190654862023
16834,93.9521837975713
16835,93.95246104652237
16836,93.95273829547345
16837,93.95301554442452
16838,93.9532927933756
16839,93.95357004232667
16840,93.95384729127775
16841,93.95412454022882
16842,93.9544017891799
16843,93.95467903813098
16844,93.95495628708204
16845,93.95523353603312
16846,93.9555107849842
16847,93.95578803393528
16848,93.95606528288634
16849,93.95606528288634
16850,93.95634253183742
16851,93.9566197807885
16852,93.95680461342255
16853,93.95708186237363
16854,93.9573591113247
16855,93.95763636027577
16856,93.95791360922684
16857,93.95819085817791
16858,93.95819085817791
16859,93.95819085817791
16860,93.958468107129
16861,93.95874535608006
16862,93.95902260503114
16863,93.95929985398222
16864,93.9595771029333
16865,93.95985435188436
16866,93.96013160083544
16867,93.96040884978652
16868,93.96050126610355
16869,93.96077851505463
16870,93.96096334768866
16871,93.96124059663974
16872,93.96151784559082
16873,93.96179509454188
16874,93.96207234349296
16875,93.96207234349296
16876,93.96234959244404
16877,93.96262684139512
16878,93.96290409034619
16879,93.96318133929726
16880,93.96345858824834
16881,93.96373583719941
16882,93.96401308615049
16883,93.96429033510157
16884,93.96456758405265
16885,93.96484483300371
16886,93.96512208195479
16887,93.96539933090587
16888,93.96567657985693
16889,93.965861412491
16890,93.96613866144207
16891,93.96641591039314
16892,93.96669315934422
16893,93.9669704082953
16894,93.96724765724636
16895,93.96752490619744
16896,93.96780215514852
16897,93.9680794040996
16898,93.96835665305066
16899,93.96863390200174
16900,93.96891115095282
16901,93.96918839990389
16902,93.96946564885496
16903,93.96974289780604
16904,93.97002014675712
16905,93.97029739570819
16906,93.97057464465927
16907,93.97085189361034
16908,93.97112914256141
16909,93.97140639151249
16910,93.97168364046355
16911,93.97196088941463
16912,93.97223813836571
16913,93.97251538731678
16914,93.97279263626785
16915,93.97306988521893
16916,93.97334713417
16917,93.97362438312108
16918,93.97390163207216
16919,93.97417888102324
16920,93.9744561299743
16921,93.97473337892538
16922,93.97501062787646
16923,93.97528787682752
16924,93.9755651257786
16925,93.97584237472968
16926,93.97611962368076
16927,93.97639687263182
16928,93.9766741215829
16929,93.97695137053398
16930,93.97722861948506
16931,93.97750586843613
16932,93.9777831173872
16933,93.97806036633828
16934,93.97833761528935
16935,93.97861486424043
16936,93.9788921131915
16937,93.97916936214258
16938,93.97944661109365
16939,93.97972386004473
16940,93.98000110899581
16941,93.98027835794687
16942,93.98055560689795
16943,93.98083285584903
16944,93.98111010480011
16945,93.98138735375117
16946,93.98166460270225
16947,93.98194185165333
16948,93.9822191006044
16949,93.98249634955548
16950,93.98277359850655
16951,93.98305084745763
16952,93.9833280964087
16953,93.98360534535978
16954,93.98388259431086
16955,93.98415984326192
16956,93.984437092213
16957,93.98471434116408
16958,93.98499159011516
16959,93.98526883906622
16960,93.9855460880173
16961,93.98582333696838
16962,93.98610058591944
16963,93.98637783487052
16964,93.9866550838216
16965,93.98693233277268
16966,93.98720958172375
16967,93.98748683067483
16968,93.9877640796259
16969,93.98804132857698
16970,93.98822616121102
16971,93.9885034101621
16972,93.98878065911317
16973,93.98905790806424
16974,93.98933515701532
16975,93.9896124059664
16976,93.98988965491746
16977,93.99016690386854
16978,93.99044415281962
16979,93.9907214017707
16980,93.99099865072176
16981,93.99127589967284
16982,93.99136831598987
16983,93.99164556494095
16984,93.99192281389203
16985,93.9922000628431
16986,93.99247731179418
16987,93.99266214442822
16988,93.99293939337929
16989,93.99312422601335
16990,93.99340147496443
16991,93.9936787239155
16992,93.99395597286657
16993,93.99423322181765
16994,93.99451047076872
16995,93.9947877197198
16996,93.99506496867087
16997,93.99534221762195
16998,93.99561946657302
16999,93.9958967155241
17000,93.99617396447518
17001,93.99645121342624
17002,93.99672846237732
17003,93.9970057113284
17004,93.99728296027948
17005,93.99756020923054
17006,93.99783745818162
17007,93.99792987449864
17008,93.99820712344972
17009,93.99820712344972
17010,93.9984843724008
17011,93.99866920503484
17012,93.99894645398592
17013,93.999223702937
17014,93.99940853557104
17015,93.99968578452211
17016,93.9999630334732
17017,94.00024028242426
17018,94.00051753137534
17019,94.00079478032642
17020,94.0010720292775
17021,94.00134927822856
17022,94.00162652717964
17023,94.00190377613072
17024,94.00218102508178
17025,94.00218102508178
17026,94.00245827403286
17027,94.00273552298394
17028,94.00301277193502
17029,94.00319760456907
17030,94.00347485352015
17031,94.00356726983716
17032,94.00384451878824
17033,94.0041217677393
17034,94.00439901669039
17035,94.00467626564146
17036,94.00495351459254
17037,94.00523076354361
17038,94.00550801249469
17039,94.00578526144577
17040,94.00597009407981
17041,94.00624734303089
17042,94.00652459198197
17043,94.00680184093304
17044,94.0070790898841
17045,94.00735633883518
17046,94.00763358778626
17047,94.00791083673732
17048,94.0081880856884
17049,94.00846533463948
17050,94.00874258359056
17051,94.00901983254163
17052,94.0092970814927
17053,94.00957433044378
17054,94.00985157939485
17055,94.01012882834593
17056,94.010406077297
17057,94.01068332624808
17058,94.01096057519915
17059,94.01123782415023
17060,94.01151507310131
17061,94.01179232205237
17062,94.01206957100345
17063,94.01234681995453
17064,94.01262406890561
17065,94.01290131785667
17066,94.01317856680775
17067,94.01345581575883
17068,94.0137330647099
17069,94.01401031366098
17070,94.01428756261205
17071,94.01456481156313
17072,94.0148420605142
17073,94.01511930946528
17074,94.01539655841636
17075,94.01539655841636
17076,94.01539655841636
17077,94.01567380736743
17078,94.0159510563185
17079,94.01622830526958
17080,94.01650555422066
17081,94.01678280317172
17082,94.0170600521228
17083,94.01733730107388
17084,94.01761455002496
17085,94.01789179897602
17086,94.0181690479271
17087,94.01844629687818
17088,94.01872354582925
17089,94.01900079478033
17090,94.0192780437314
17091,94.01955529268248
17092,94.01983254163355
17093,94.02010979058463
17094,94.0203870395357
17095,94.02066428848677
17096,94.02066428848677
17097,94.02094153743785
17098,94.02121878638893
17099,94.02149603534001
17100,94.02177328429107
17101,94.02205053324215
17102,94.02232778219323
17103,94.02260503114431
17104,94.02288228009537
17105,94.02315952904645
17106,94.02315952904645
17107,94.02343677799753
17108,94.0237140269486
17109,94.02399127589968
17110,94.02426852485075
17111,94.02454577380183
17112,94.0248230227529
17113,94.02510027170398
17114,94.02537752065506
17115,94.02537752065506
17116,94.02565476960612
17117,94.0259320185572
17118,94.02620926750828
17119,94.02639410014231
17120,94.02667134909339
17121,94.02667134909339
17122,94.02667134909339
17123,94.02694859804447
17124,94.02722584699555
17125,94.02750309594661
17126,94.02778034489769
17127,94.02805759384877
17128,94.02833484279984
17129,94.02861209175092
17130,94.028889340702
17131,94.02916658965307
17132,94.02944383860414
17133,94.02972108755522
17134,94.0299983365063
17135,94.03027558545737
17136,94.03055283440844
17137,94.03083008335952
17138,94.0311073323106
17139,94.03138458126166
17140,94.03166183021274
17141,94.03166183021274
17142,94.03193907916382
17143,94.0322163281149
17144,94.03249357706596
17145,94.03277082601704
17146,94.03304807496812
17147,94.03332532391919
17148,94.03360257287027
17149,94.03387982182134
17150,94.03415707077242
17151,94.03443431972349
17152,94.03471156867457
17153,94.03498881762565
17154,94.03526606657671
17155,94.03554331552779
17156,94.03582056447887
17157,94.03609781342995
17158,94.03637506238101
17159,94.03665231133209
17160,94.03692956028317
17161,94.03720680923425
17162,94.03748405818531
17163,94.03776130713639
17164,94.03803855608747
17165,94.03831580503854
17166,94.03859305398962
17167,94.0388703029407
17168,94.0388703029407
17169,94.03914755189177
17170,94.03942480084284
17171,94.03970204979392
17172,94.039979298745
17173,94.04025654769606
17174,94.04053379664714
17175,94.04081104559822
17176,94.0410882945493
17177,94.04136554350036
17178,94.04164279245143
17179,94.0419200414025
17180,94.04219729035358
17181,94.04247453930465
17182,94.04256695562168
17183,94.04284420457276
17184,94.04312145352384
17185,94.04339870247492
17186,94.04367595142598
17187,94.04395320037706
17188,94.04423044932814
17189,94.0445076982792
17190,94.04478494723028
17191,94.04506219618136
17192,94.04533944513244
17193,94.0456166940835
17194,94.04589394303459
17195,94.04617119198566
17196,94.04626360830268
17197,94.04654085725376
17198,94.04681810620484
17199,94.0470953551559
17200,94.04737260410698
17201,94.04764985305806
17202,94.04792710200913
17203,94.0482043509602
17204,94.04848159991128
17205,94.04875884886236
17206,94.04903609781343
17207,94.0493133467645
17208,94.04959059571559
17209,94.04986784466665
17210,94.05014509361773
17211,94.05042234256881
17212,94.05069959151989
17213,94.05097684047095
17214,94.05125408942203
17215,94.05153133837311
17216,94.05180858732419
17217,94.05208583627525
17218,94.05236308522633
17219,94.05264033417741
17220,94.05291758312848
17221,94.05319483207955
17222,94.05347208103063
17223,94.05374932998171
17224,94.05393416261575
17225,94.05421141156683
17226,94.0544886605179
17227,94.05476590946897
17228,94.05504315842005
17229,94.05532040737113
17230,94.05559765632219
17231,94.05587490527327
17232,94.05615215422435
17233,94.05642940317543
17234,94.0567066521265
17235,94.05698390107757
17236,94.05726115002865
17237,94.05726115002865
17238,94.05753839897972
17239,94.05772323161378
17240,94.0578156479308
17241,94.05809289688187
17242,94.05837014583295
17243,94.05864739478402
17244,94.0589246437351
17245,94.05920189268618
17246,94.05947914163725
17247,94.05975639058832
17248,94.0600336395394
17249,94.06031088849048
17250,94.06058813744154
17251,94.06086538639262
17252,94.0611426353437
17253,94.06141988429478
17254,94.06169713324584
17255,94.06197438219692
17256,94.062251631148
17257,94.06234404746502
17258,94.0626212964161
17259,94.06289854536716
17260,94.06317579431824
17261,94.06345304326932
17262,94.0637302922204
17263,94.06400754117146
17264,94.06428479012254
17265,94.06456203907362
17266,94.0648392880247
17267,94.06511653697576
17268,94.06539378592684
17269,94.06567103487792
17270,94.06594828382899
17271,94.06622553278007
17272,94.06650278173115
17273,94.06678003068222
17274,94.06705727963329
17275,94.06733452858437
17276,94.06761177753545
17277,94.06788902648651
17278,94.06788902648651
17279,94.06816627543759
17280,94.06844352438867
17281,94.06872077333975
17282,94.06899802229081
17283,94.06927527124189
17284,94.06955252019297
17285,94.06982976914404
17286,94.06982976914404
17287,94.07010701809511
17288,94.0703842670462
17289,94.07066151599727
17290,94.07093876494834
17291,94.07121601389942
17292,94.0714932628505
17293,94.07177051180156
17294,94.07204776075264
17295,94.07232500970372
17296,94.07250984233777
17297,94.07278709128883
17298,94.07306434023991
17299,94.07334158919099
17300,94.07361883814205
17301,94.07389608709313
17302,94.07417333604421
17303,94.07445058499529
17304,94.07472783394635
17305,94.07472783394635
17306,94.07500508289743
17307,94.07528233184851
17308,94.07555958079958
17309,94.07583682975066
17310,94.07611407870174
17311,94.07639132765281
17312,94.07666857660388
17313,94.07694582555496
17314,94.07722307450604
17315,94.0775003234571
17316,94.07777757240818
17317,94.07805482135926
17318,94.07833207031034
17319,94.0786093192614
17320,94.07888656821248
17321,94.07888656821248
17322,94.07916381716356
17323,94.07944106611464
17324,94.0797183150657
17325,94.07999556401678
17326,94.08027281296786
17327,94.08055006191893
17328,94.08082731087
17329,94.08110455982109
17330,94.08138180877216
17331,94.08165905772323
17332,94.08193630667431
17333,94.08221355562539
17334,94.08249080457645
17335,94.08276805352753
17336,94.08276805352753
17337,94.08304530247861
17338,94.08332255142969
17339,94.08359980038075
17340,94.08387704933183
17341,94.08415429828291
17342,94.08443154723398
17343,94.08470879618505
17344,94.08498604513613
17345,94.08526329408721
17346,94.08554054303828
17347,94.08581779198936
17348,94.08609504094044
17349,94.0863722898915
17350,94.08664953884258
17351,94.08692678779366
17352,94.08720403674474
17353,94.0874812856958
17354,94.08775853464688
17355,94.08803578359796
17356,94.08831303254902
17357,94.0885902815001
17358,94.08886753045118
17359,94.08914477940226
17360,94.08942202835333
17361,94.0896992773044
17362,94.08997652625548
17363,94.09025377520656
17364,94.09053102415761
17365,94.09080827310869
17366,94.09108552205977
17367,94.09136277101085
17368,94.09164001996191
17369,94.091917268913
17370,94.09219451786407
17371,94.09247176681515
17372,94.09274901576622
17373,94.0930262647173
17374,94.09330351366837
17375,94.09358076261944
17376,94.09385801157052
17377,94.0941352605216
17378,94.09441250947268
17379,94.09468975842374
17380,94.09496700737482
17381,94.0952442563259
17382,94.09552150527696
17383,94.09579875422804
17384,94.09607600317912
17385,94.0963532521302
17386,94.0963532521302
17387,94.09663050108126
17388,94.09690775003234
17389,94.09718499898342
17390,94.09746224793449
17391,94.09773949688557
17392,94.09801674583665
17393,94.09829399478772
17394,94.09857124373879
17395,94.09884849268987
17396,94.09912574164095
17397,94.09940299059201
17398,94.09968023954309
17399,94.09995748849417
17400,94.10023473744525
17401,94.10051198639631
17402,94.10078923534739
17403,94.10106648429847
17404,94.10134373324954
17405,94.10162098220061
17406,94.1018982311517
17407,94.10217548010277
17408,94.10245272905384
17409,94.10272997800492
17410,94.10291481063896
17411,94.10319205959004
17412,94.10346930854112
17413,94.1037465574922
17414,94.10402380644327
17415,94.10430105539433
17416,94.10457830434541
17417,94.10485555329649
17418,94.10513280224755
17419,94.10541005119863
17420,94.10568730014971
17421,94.10596454910079
17422,94.10624179805185
17423,94.10651904700293
17424,94.10679629595401
17425,94.10707354490509
17426,94.10735079385616
17427,94.10762804280724
17428,94.10790529175831
17429,94.10818254070938
17430,94.10845978966046
17431,94.10873703861154
17432,94.10901428756262
17433,94.10929153651368
17434,94.10956878546476
17435,94.10984603441584
17436,94.1101232833669
17437,94.11040053231798
17438,94.11067778126906
17439,94.11095503022014
17440,94.1112322791712
17441,94.11150952812228
17442,94.11178677707336
17443,94.11206402602443
17444,94.1123412749755
17445,94.11261852392659
17446,94.11289577287766
17447,94.11317302182873
17448,94.11345027077981
17449,94.11372751973089
17450,94.11400476868195
17451,94.11428201763303
17452,94.11455926658411
17453,94.11483651553519
17454,94.11511376448625
17455,94.11539101343733
17456,94.11566826238841
17457,94.11594551133948
17458,94.11622276029055
17459,94.11650000924163
17460,94.11677725819271
17461,94.11705450714378
17462,94.11733175609486
17463,94.11760900504594
17464,94.11788625399701
17465,94.11816350294808
17466,94.11844075189916
17467,94.11871800085024
17468,94.1189952498013
17469,94.11927249875238
17470,94.11927249875238
17471,94.11954974770346
17472,94.11982699665454
17473,94.1201042456056
17474,94.12038149455668
17475,94.12065874350776
17476,94.12065874350776
17477,94.12093599245883
17478,94.1212132414099
17479,94.12149049036098
17480,94.12176773931206
17481,94.1219525719461
17482,94.12222982089718
17483,94.12250706984825
17484,94.12278431879932
17485,94.12296915143338
17486,94.12324640038446
17487,94.12352364933552
17488,94.1238008982866
17489,94.12407814723768
17490,94.12435539618875
17491,94.12463264513983
17492,94.1249098940909
17493,94.12518714304198
17494,94.12546439199305
17495,94.12574164094413
17496,94.1260188898952
17497,94.12629613884627
17498,94.12657338779735
17499,94.12685063674843
17500,94.12712788569951
17501,94.12740513465057
17502,94.12768238360165
17503,94.12795963255273
17504,94.1282368815038
17505,94.12851413045487
17506,94.12869896308892
17507,94.12897621203999
17508,94.12925346099107
17509,94.12953070994214
17510,94.12980795889322
17511,94.13008520784429
17512,94.13036245679537
17513,94.13063970574645
17514,94.13091695469753
17515,94.13119420364859
17516,94.13147145259967
17517,94.13174870155075
17518,94.13202595050181
17519,94.13230319945289
17520,94.13258044840397
17521,94.13285769735505
17522,94.13313494630611
17523,94.1334121952572
17524,94.13368944420827
17525,94.13396669315934
17526,94.13424394211042
17527,94.1345211910615
17528,94.13479844001257
17529,94.13507568896364
17530,94.13535293791472
17531,94.13535293791472
17532,94.1356301868658
17533,94.13590743581686
17534,94.13618468476794
17535,94.13618468476794
17536,94.13646193371902
17537,94.1367391826701
17538,94.13701643162116
17539,94.13729368057224
17540,94.13757092952332
17541,94.1378481784744
17542,94.13812542742546
17543,94.13840267637654
17544,94.13867992532762
17545,94.13895717427869
17546,94.13923442322977
17547,94.13951167218084
17548,94.13978892113192
17549,94.14006617008299
17550,94.14034341903407
17551,94.14062066798515
17552,94.14089791693621
17553,94.14117516588729
17554,94.14145241483837
17555,94.14172966378945
17556,94.14200691274051
17557,94.14228416169159
17558,94.14256141064267
17559,94.14283865959374
17560,94.14311590854481
17561,94.1433931574959
17562,94.14367040644697
17563,94.14394765539804
17564,94.14422490434912
17565,94.1445021533002
17566,94.14477940225126
17567,94.14505665120234
17568,94.14533390015342
17569,94.1456111491045
17570,94.14588839805556
17571,94.14616564700664
17572,94.1464428959577
17573,94.14672014490878
17574,94.14699739385985
17575,94.14727464281093
17576,94.147551891762
17577,94.14782914071309
17578,94.14810638966415
17579,94.14838363861523
17580,94.14866088756631
17581,94.14893813651737
17582,94.14921538546845
17583,94.14949263441953
17584,94.14976988337061
17585,94.15004713232167
17586,94.15032438127275
17587,94.15060163022383
17588,94.15087887917491
17589,94.15115612812598
17590,94.15143337707705
17591,94.15171062602813
17592,94.1519878749792
17593,94.15226512393028
17594,94.15254237288136
17595,94.15281962183244
17596,94.1530968707835
17597,94.15337411973458
17598,94.15365136868566
17599,94.15392861763672
17600,94.1542058665878
17601,94.15448311553888
17602,94.15476036448996
17603,94.15503761344102
17604,94.1553148623921
17605,94.15559211134318
17606,94.15586936029425
17607,94.15605419292831
17608,94.15633144187939
17609,94.15660869083045
17610,94.15688593978153
17611,94.15716318873261
17612,94.15744043768368
17613,94.15771768663475
17614,94.15799493558583
17615,94.15799493558583
17616,94.15827218453691
17617,94.15854943348798
17618,94.15882668243906
17619,94.15910393139013
17620,94.1593811803412
17621,94.15965842929228
17622,94.15993567824336
17623,94.16021292719442
17624,94.1604901761455
17625,94.16076742509657
17626,94.16104467404764
17627,94.16132192299872
17628,94.16159917194979
17629,94.16187642090087
17630,94.16215366985195
17631,94.16215366985195
17632,94.16243091880303
17633,94.16270816775409
17634,94.16298541670517
17635,94.16326266565625
17636,94.16353991460731
17637,94.16381716355839
17638,94.16381716355839
17639,94.16409441250947
17640,94.1641868288265
17641,94.16446407777758
17642,94.16474132672865
17643,94.16501857567972
17644,94.1652958246308
17645,94.16557307358188
17646,94.16585032253295
17647,94.16612757148403
17648,94.1664048204351
17649,94.16668206938617
17650,94.16695931833725
17651,94.16723656728831
17652,94.16751381623939
17653,94.16779106519047
17654,94.16806831414154
17655,94.16816073045857
17656,94.16843797940965
17657,94.16871522836072
17658,94.1689924773118
17659,94.16926972626287
17660,94.16954697521395
17661,94.16982422416503
17662,94.17010147311609
17663,94.17037872206717
17664,94.17065597101825
17665,94.17093321996933
17666,94.17121046892039
17667,94.17148771787147
17668,94.17176496682255
17669,94.17204221577362
17670,94.1723194647247
17671,94.17259671367577
17672,94.17287396262685
17673,94.17315121157792
17674,94.173428460529
17675,94.17370570948007
17676,94.17398295843114
17677,94.1742602073822
17678,94.17435262369924
17679,94.17462987265031
17680,94.1749071216014
17681,94.1749071216014
17682,94.17518437055247
17683,94.17546161950354
17684,94.17573886845462
17685,94.1760161174057
17686,94.17629336635677
17687,94.17657061530784
17688,94.17684786425892
17689,94.17712511321
17690,94.17740236216106
17691,94.17740236216106
17692,94.17767961111214
17693,94.17795686006322
17694,94.1782341090143
17695,94.17851135796536
17696,94.17878860691644
17697,94.17906585586752
17698,94.17934310481859
17699,94.17962035376966
17700,94.17989760272074
17701,94.18017485167182
17702,94.18045210062289
17703,94.18072934957397
17704,94.18100659852504
17705,94.18128384747611
17706,94.18156109642717
17707,94.18183834537825
17708,94.18211559432933
17709,94.18239284328041
17710,94.18267009223148
17711,94.18267009223148
17712,94.18294734118255
17713,94.18322459013363
17714,94.1835018390847
17715,94.18377908803578
17716,94.18405633698686
17717,94.18433358593794
17718,94.184610834889
17719,94.18488808384008
17720,94.18516533279116
17721,94.18544258174222
17722,94.1857198306933
17723,94.18599707964438
17724,94.18627432859546
17725,94.18655157754652
17726,94.1868288264976
17727,94.18710607544868
17728,94.18738332439975
17729,94.18766057335083
17730,94.1879378223019
17731,94.18821507125298
17732,94.18849232020405
17733,94.18876956915513
17734,94.1890468181062
17735,94.18932406705729
17736,94.18960131600835
17737,94.18987856495943
17738,94.19015581391051
17739,94.19043306286157
17740,94.19071031181265
17741,94.19098756076373
17742,94.19126480971481
17743,94.19154205866587
17744,94.19181930761695
17745,94.19209655656803
17746,94.19218897288505
17747,94.19246622183613
17748,94.19274347078719
17749,94.19302071973827
17750,94.19329796868935
17751,94.19357521764043
17752,94.1938524665915
17753,94.19412971554257
17754,94.19440696449365
17755,94.19468421344473
17756,94.1949614623958
17757,94.19523871134687
17758,94.19551596029795
17759,94.19579320924902
17760,94.1960704582001
17761,94.19634770715118
17762,94.19662495610226
17763,94.19690220505332
17764,94.1971794540044
17765,94.19745670295548
17766,94.19773395190654
17767,94.19801120085762
17768,94.1982884498087
17769,94.19856569875978
17770,94.19884294771084
17771,94.19912019666192
17772,94.199397445613
17773,94.19967469456407
17774,94.19995194351515
17775,94.20022919246622
17776,94.2005064414173
17777,94.20078369036837
17778,94.20106093931945
17779,94.20133818827053
17780,94.20161543722159
17781,94.20189268617267
17782,94.20216993512375
17783,94.20244718407483
17784,94.20272443302589
17785,94.20300168197697
17786,94.20327893092805
17787,94.20355617987912
17788,94.2038334288302
17789,94.20411067778127
17790,94.20438792673235
17791,94.20466517568342
17792,94.2049424246345
17793,94.20521967358557
17794,94.20549692253665
17795,94.20577417148772
17796,94.2060514204388
17797,94.20632866938988
17798,94.20660591834094
17799,94.20688316729202
17800,94.2071604162431
17801,94.20743766519418
17802,94.20771491414524
17803,94.20799216309632
17804,94.2082694120474
17805,94.2082694120474
17806,94.20854666099846
17807,94.20882390994954
17808,94.20900874258359
17809,94.20928599153467
17810,94.20956324048574
17811,94.20984048943681
17812,94.2101177383879
17813,94.21039498733896
17814,94.21067223629004
17815,94.21094948524112
17816,94.2112267341922
17817,94.21150398314326
17818,94.21178123209434
17819,94.21205848104542
17820,94.21233572999648
17821,94.21261297894756
17822,94.21289022789864
17823,94.21316747684972
17824,94.21344472580078
17825,94.21372197475186
17826,94.21399922370294
17827,94.214276472654
17828,94.21455372160509
17829,94.21483097055616
17830,94.21510821950724
17831,94.21538546845831
17832,94.21566271740939
17833,94.21593996636047
17834,94.21621721531153
17835,94.21649446426261
17836,94.21677171321369
17837,94.21704896216477
17838,94.21732621111583
17839,94.21760346006691
17840,94.21788070901799
17841,94.21815795796905
17842,94.21843520692013
17843,94.21871245587121
17844,94.21898970482229
17845,94.21926695377336
17846,94.21954420272444
17847,94.21982145167551
17848,94.2200987006266
17849,94.22037594957766
17850,94.22065319852874
17851,94.22093044747982
17852,94.22111528011385
17853,94.22139252906493
17854,94.22166977801601
17855,94.22194702696707
17856,94.22222427591815
17857,94.22250152486923
17858,94.22277877382031
17859,94.22305602277137
17860,94.22333327172245
17861,94.22361052067353
17862,94.22388776962461
17863,94.22416501857568
17864,94.22444226752675
17865,94.22471951647783
17866,94.2249967654289
17867,94.22527401437998
17868,94.22555126333106
17869,94.22582851228213
17870,94.2261057612332
17871,94.22638301018428
17872,94.22666025913536
17873,94.22693750808642
17874,94.2272147570375
17875,94.22739958967156
17876,94.22767683862263
17877,94.2279540875737
17878,94.22823133652479
17879,94.22850858547585
17880,94.22878583442693
17881,94.22906308337801
17882,94.22934033232909
17883,94.22961758128015
17884,94.22989483023123
17885,94.22989483023123
17886,94.2301720791823
17887,94.23044932813337
17888,94.23072657708444
17889,94.23081899340147
17890,94.23109624235255
17891,94.23137349130363
17892,94.23165074025471
17893,94.23192798920577
17894,94.23220523815685
17895,94.23248248710793
17896,94.232759736059
17897,94.23303698501007
17898,94.23331423396115
17899,94.23359148291223
17900,94.2338687318633
17901,94.23414598081438
17902,94.23442322976545
17903,94.23470047871653
17904,94.2349777276676
17905,94.23525497661868
17906,94.23553222556976
17907,94.23580947452082
17908,94.2360867234719
17909,94.23636397242298
17910,94.23664122137406
17911,94.23691847032512
17912,94.23719571927619
17913,94.23747296822727
17914,94.23765780086131
17915,94.23793504981239
17916,94.23821229876347
17917,94.23848954771455
17918,94.23876679666562
17919,94.2390440456167
17920,94.23932129456777
17921,94.23959854351884
17922,94.23987579246992
17923,94.240153041421
17924,94.24043029037207
17925,94.24070753932314
17926,94.24098478827422
17927,94.24107720459124
17928,94.24135445354231
17929,94.2416317024934
17930,94.24190895144446
17931,94.24218620039554
17932,94.24246344934662
17933,94.2427406982977
17934,94.24301794724876
17935,94.24329519619984
17936,94.24357244515092
17937,94.24384969410198
17938,94.24412694305306
17939,94.24440419200414
17940,94.24468144095522
17941,94.24495868990628
17942,94.24523593885736
17943,94.24551318780844
17944,94.2457904367595
17945,94.24606768571059
17946,94.24634493466166
17947,94.24662218361274
17948,94.24689943256381
17949,94.24689943256381
17950,94.24717668151489
17951,94.24745393046597
17952,94.24773117941704
17953,94.24791601205109
17954,94.24819326100217
17955,94.24847050995324
17956,94.24874775890432
17957,94.2490250078554
17958,94.24930225680647
17959,94.24957950575754
17960,94.24985675470862
17961,94.2501340036597
17962,94.25041125261076
17963,94.25068850156184
17964,94.2509657505129
17965,94.25124299946398
17966,94.25152024841506
17967,94.25179749736613
17968,94.2520747463172
17969,94.25235199526828
17970,94.25262924421935
17971,94.25290649317043
17972,94.25318374212151
17973,94.25346099107259
17974,94.25373824002365
17975,94.25401548897473
17976,94.25429273792581
17977,94.25447757055986
17978,94.25475481951094
17979,94.25503206846201
17980,94.25530931741308
17981,94.25558656636416
17982,94.25586381531524
17983,94.25586381531524
17984,94.2561410642663
17985,94.25641831321738
17986,94.2565107295344
17987,94.25678797848548
17988,94.25706522743656
17989,94.25734247638763
17990,94.2576197253387
17991,94.25789697428978
17992,94.25817422324086
17993,94.25845147219192
17994,94.258728721143
17995,94.25900597009408
17996,94.25928321904516
17997,94.25956046799622
17998,94.2598377169473
17999,94.26011496589838
18000,94.26039221484945
18001,94.26066946380053
18002,94.2609467127516
18003,94.26122396170268
18004,94.26150121065375
18005,94.26150121065375
18006,94.26168604328781
18007,94.26196329223887
18008,94.26224054118995
18009,94.26251779014103
18010,94.26279503909211
18011,94.26307228804318
18012,94.26334953699426
18013,94.26362678594533
18014,94.26390403489641
18015,94.26418128384748
18016,94.26436611648153
18017,94.2646433654326
18018,94.26492061438367
18019,94.26519786333475
18020,94.26547511228583
18021,94.26575236123689
18022,94.26575236123689
18023,94.26602961018797
18024,94.26630685913905
18025,94.26658410809013
18026,94.2668613570412
18027,94.26713860599227
18028,94.26741585494335
18029,94.26769310389443
18030,94.2679703528455
18031,94.26824760179657
18032,94.26852485074765
18033,94.26861726706467
18034,94.26889451601575
18035,94.26917176496681
18036,94.26944901391789
18037,94.26972626286897
18038,94.27000351182005
18039,94.27028076077112
18040,94.2705580097222
18041,94.27083525867327
18042,94.27083525867327
18043,94.27111250762434
18044,94.2712973402584
18045,94.27157458920948
18046,94.27185183816054
18047,94.27212908711162
18048,94.2724063360627
18049,94.27268358501377
18050,94.27296083396485
18051,94.27323808291592
18052,94.273515331867
18053,94.27379258081807
18054,94.27406982976915
18055,94.27434707872023
18056,94.27462432767129
18057,94.27490157662237
18058,94.27517882557345
18059,94.27545607452453
18060,94.27573332347559
18061,94.27601057242667
18062,94.27628782137775
18063,94.27656507032881
18064,94.27674990296286
18065,94.27702715191394
18066,94.27730440086502
18067,94.27758164981609
18068,94.27785889876716
18069,94.27813614771824
18070,94.27841339666931
18071,94.27869064562039
18072,94.27896789457147
18073,94.27924514352254
18074,94.27924514352254
18075,94.27952239247361
18076,94.27979964142469
18077,94.28007689037577
18078,94.28035413932683
18079,94.28063138827791
18080,94.28090863722899
18081,94.28118588618007
18082,94.28146313513113
18083,94.28174038408221
18084,94.28201763303329
18085,94.28229488198437
18086,94.28257213093543
18087,94.28284937988651
18088,94.28312662883759
18089,94.28340387778866
18090,94.28368112673974
18091,94.28395837569082
18092,94.2842356246419
18093,94.28451287359296
18094,94.28479012254404
18095,94.28506737149512
18096,94.28534462044618
18097,94.28562186939726
18098,94.28589911834834
18099,94.28617636729942
18100,94.28645361625048
18101,94.28663844888453
18102,94.28691569783561
18103,94.28719294678667
18104,94.28747019573775
18105,94.28774744468883
18106,94.2880246936399
18107,94.28830194259098
18108,94.28857919154206
18109,94.28885644049313
18110,94.2891336894442
18111,94.28941093839528
18112,94.28968818734636
18113,94.28996543629744
18114,94.29015026893148
18115,94.29042751788256
18116,94.29070476683363
18117,94.2909820157847
18118,94.29125926473579
18119,94.29153651368686
18120,94.29181376263793
18121,94.29209101158901
18122,94.29236826054009
18123,94.29236826054009
18124,94.29264550949115
18125,94.29292275844223
18126,94.29320000739331
18127,94.29347725634439
18128,94.29375450529545
18129,94.29403175424653
18130,94.29430900319761
18131,94.29458625214868
18132,94.29486350109975
18133,94.29514075005083
18134,94.29541799900191
18135,94.29569524795298
18136,94.29597249690406
18137,94.29624974585514
18138,94.2965269948062
18139,94.29661941112323
18140,94.29689666007431
18141,94.29717390902537
18142,94.29745115797645
18143,94.29772840692753
18144,94.2980056558786
18145,94.29828290482968
18146,94.29856015378076
18147,94.29883740273183
18148,94.29902223536588
18149,94.29929948431696
18150,94.29957673326803
18151,94.29985398221909
18152,94.30013123117017
18153,94.30040848012125
18154,94.30068572907231
18155,94.30096297802339
18156,94.30105539434042
18157,94.3013326432915
18158,94.30160989224258
18159,94.30160989224258
18160,94.30188714119365
18161,94.30216439014472
18162,94.3024416390958
18163,94.30271888804688
18164,94.30299613699795
18165,94.30327338594903
18166,94.3035506349001
18167,94.30382788385117
18168,94.30401271648522
18169,94.3042899654363
18170,94.30456721438738
18171,94.30484446333844
18172,94.30512171228952
18173,94.3053989612406
18174,94.30558379387465
18175,94.30586104282573
18176,94.3061382917768
18177,94.30641554072787
18178,94.30669278967895
18179,94.30697003863003
18180,94.30724728758109
18181,94.30752453653217
18182,94.30780178548325
18183,94.30807903443433
18184,94.3083562833854
18185,94.30863353233647
18186,94.30891078128755
18187,94.30891078128755
18188,94.30918803023862
18189,94.3094652791897
18190,94.30974252814077
18191,94.31001977709185
18192,94.31029702604292
18193,94.310574274994
18194,94.31085152394508
18195,94.31112877289614
18196,94.31140602184722
18197,94.31140602184722
18198,94.31149843816425
18199,94.31177568711531
18200,94.3120529360664
18201,94.31233018501747
18202,94.31251501765152
18203,94.3127922666026
18204,94.31306951555368
18205,94.31334676450474
18206,94.31362401345582
18207,94.31390126240689
18208,94.31417851135797
18209,94.31445576030903
18210,94.31473300926011
18211,94.31501025821119
18212,94.31528750716225
18213,94.31556475611333
18214,94.3157495887474
18215,94.31602683769846
18216,94.31630408664954
18217,94.31658133560062
18218,94.31685858455168
18219,94.31713583350276
18220,94.31741308245384
18221,94.31769033140492
18222,94.31796758035598
18223,94.31824482930706
18224,94.31852207825814
18225,94.3187993272092
18226,94.31907657616028
18227,94.31926140879435
18228,94.31953865774541
18229,94.31981590669649
18230,94.32009315564757
18231,94.32037040459863
18232,94.32064765354971
18233,94.32092490250078
18234,94.32120215145186
18235,94.32147940040294
18236,94.321756649354
18237,94.32203389830508
18238,94.32212631462211
18239,94.32240356357319
18240,94.32268081252427
18241,94.32295806147533
18242,94.32323531042641
18243,94.32351255937749
18244,94.32378980832856
18245,94.32406705727963
18246,94.32434430623071
18247,94.32462155518179
18248,94.32489880413286
18249,94.32517605308394
18250,94.32545330203502
18251,94.32573055098608
18252,94.32600779993716
18253,94.32628504888824
18254,94.32656229783932
18255,94.32683954679038
18256,94.32711679574146
18257,94.32739404469254
18258,94.32748646100956
18259,94.32776370996064
18260,94.32804095891171
18261,94.32831820786278
18262,94.32859545681386
18263,94.32887270576494
18264,94.329149954716
18265,94.32942720366708
18266,94.32970445261816
18267,94.32998170156924
18268,94.3302589505203
18269,94.33053619947138
18270,94.33081344842246
18271,94.33109069737353
18272,94.3313679463246
18273,94.33164519527568
18274,94.33192244422676
18275,94.33219969317783
18276,94.3324769421289
18277,94.33275419107999
18278,94.33303144003105
18279,94.33330868898213
18280,94.33358593793321
18281,94.33386318688429
18282,94.33414043583535
18283,94.33441768478643
18284,94.3346949337375
18285,94.33487976637154
18286,94.33515701532262
18287,94.3354342642737
18288,94.33571151322478
18289,94.33598876217584
18290,94.33626601112692
18291,94.336543260078
18292,94.33682050902907
18293,94.33709775798015
18294,94.33737500693123
18295,94.3376522558823
18296,94.33792950483337
18297,94.33820675378445
18298,94.33848400273553
18299,94.33876125168659
18300,94.33903850063767
18301,94.33931574958875
18302,94.33959299853983
18303,94.3398702474909
18304,94.34005508012496
18305,94.34023991275899
18306,94.34051716171007
18307,94.34079441066115
18308,94.34079441066115
18309,94.34107165961223
18310,94.34134890856329
18311,94.34162615751437
18312,94.34190340646545
18313,94.34218065541651
18314,94.34218065541651
18315,94.34245790436759
18316,94.34273515331867
18317,94.34301240226975
18318,94.34328965122081
18319,94.3435669001719
18320,94.34384414912297
18321,94.34412139807404
18322,94.34439864702512
18323,94.3446758959762
18324,94.34476831229321
18325,94.34504556124429
18326,94.34532281019537
18327,94.34560005914643
18328,94.34587730809751
18329,94.34615455704859
18330,94.34643180599966
18331,94.34661663863372
18332,94.3468938875848
18333,94.34717113653586
18334,94.34744838548694
18335,94.34772563443802
18336,94.34800288338909
18337,94.34828013234016
18338,94.34855738129124
18339,94.34883463024232
18340,94.34911187919339
18341,94.34938912814447
18342,94.34966637709555
18343,94.34994362604662
18344,94.35022087499769
18345,94.35049812394877
18346,94.35077537289985
18347,94.35105262185091
18348,94.35132987080199
18349,94.35160711975307
18350,94.35188436870415
18351,94.35216161765521
18352,94.35243886660629
18353,94.35271611555737
18354,94.35299336450844
18355,94.35327061345951
18356,94.3535478624106
18357,94.35364027872761
18358,94.35364027872761
18359,94.35382511136167
18360,94.35382511136167
18361,94.35410236031274
18362,94.35437960926382
18363,94.3546568582149
18364,94.35493410716596
18365,94.35521135611704
18366,94.35548860506812
18367,94.35567343770217
18368,94.35595068665323
18369,94.35622793560431
18370,94.35650518455539
18371,94.35678243350645
18372,94.35705968245753
18373,94.35733693140861
18374,94.35761418035969
18375,94.35789142931075
18376,94.35816867826183
18377,94.35844592721291
18378,94.35872317616398
18379,94.35900042511506
18380,94.35927767406613
18381,94.35955492301721
18382,94.35983217196828
18383,94.36010942091936
18384,94.36038666987044
18385,94.3606639188215
18386,94.36094116777258
18387,94.36121841672366
18388,94.36149566567474
18389,94.3617729146258
18390,94.36205016357688
18391,94.36232741252796
18392,94.36260466147903
18393,94.3628819104301
18394,94.36315915938118
18395,94.36343640833226
18396,94.36371365728333
18397,94.3639909062344
18398,94.36426815518548
18399,94.36454540413656
18400,94.36482265308763
18401,94.36509990203871
18402,94.36537715098979
18403,94.36565439994085
18404,94.36593164889193
18405,94.36620889784301
18406,94.36648614679409
18407,94.36676339574515
18408,94.36685581206218
18409,94.36713306101325
18410,94.36741030996433
18411,94.3676875589154
18412,94.36796480786647
18413,94.36824205681755
18414,94.36851930576863
18415,94.36879655471971
18416,94.36907380367077
18417,94.36935105262185
18418,94.36944346893887
18419,94.36972071788995
18420,94.36999796684103
18421,94.3702752157921
18422,94.37055246474317
18423,94.37082971369425
18424,94.37110696264533
18425,94.37138421159639
18426,94.37166146054747
18427,94.37193870949855
18428,94.37221595844963
18429,94.3724932074007
18430,94.3724932074007
18431,94.37277045635177
18432,94.37304770530285
18433,94.37332495425392
18434,94.37332495425392
18435,94.373602203205
18436,94.37387945215607
18437,94.37415670110715
18438,94.37443395005822
18439,94.3747111990093
18440,94.37498844796038
18441,94.37526569691144
18442,94.37554294586252
18443,94.3758201948136
18444,94.37609744376468
18445,94.37637469271574
18446,94.37665194166682
18447,94.3769291906179
18448,94.37720643956897
18449,94.37748368852004
18450,94.37776093747112
18451,94.3780381864222
18452,94.37831543537327
18453,94.37859268432435
18454,94.37886993327542
18455,94.3791471822265
18456,94.37942443117757
18457,94.37942443117757
18458,94.37970168012865
18459,94.37997892907973
18460,94.38025617803079
18461,94.38053342698187
18462,94.38081067593295
18463,94.38108792488403
18464,94.38136517383509
18465,94.38164242278617
18466,94.38191967173725
18467,94.38219692068832
18468,94.3824741696394
18469,94.38275141859047
18470,94.38302866754155
18471,94.38330591649262
18472,94.38339833280965
18473,94.38367558176071
18474,94.38395283071179
18475,94.38423007966287
18476,94.38450732861395
18477,94.38478457756501
18478,94.3850618265161
18479,94.38533907546717
18480,94.38561632441824
18481,94.38589357336932
18482,94.3861708223204
18483,94.38644807127147
18484,94.38672532022254
18485,94.38700256917362
18486,94.3872798181247
18487,94.38755706707576
18488,94.38783431602684
18489,94.38811156497792
18490,94.388388813929
18491,94.38866606288006
18492,94.38894331183114
18493,94.38922056078222
18494,94.38949780973329
18495,94.38977505868436
18496,94.39005230763544
18497,94.39032955658652
18498,94.39060680553759
18499,94.39088405448865
18500,94.39116130343973
18501,94.39143855239081
18502,94.39143855239081
18503,94.39171580134187
18504,94.39199305029295
18505,94.39227029924403
18506,94.39254754819511
18507,94.39282479714618
18508,94.39310204609725
18509,94.39337929504833
18510,94.3936565439994
18511,94.39393379295048
18512,94.39421104190156
18513,94.39448829085264
18514,94.3947655398037
18515,94.39504278875478
18516,94.39532003770586
18517,94.39559728665692
18518,94.395874535608
18519,94.39615178455908
18520,94.39642903351016
18521,94.39670628246122
18522,94.39689111509529
18523,94.39716836404635
18524,94.39744561299743
18525,94.39753802931446
18526,94.39781527826553
18527,94.3980925272166
18528,94.39836977616768
18529,94.39864702511875
18530,94.39892427406983
18531,94.3992015230209
18532,94.39947877197199
18533,94.39975602092305
18534,94.40003326987413
18535,94.40031051882521
18536,94.40058776777627
18537,94.40086501672735
18538,94.40114226567843
18539,94.40141951462951
18540,94.40169676358057
18541,94.40197401253165
18542,94.40225126148273
18543,94.40243609411678
18544,94.40271334306786
18545,94.40271334306786
18546,94.40299059201894
18547,94.40326784097
18548,94.40354508992108
18549,94.40382233887216
18550,94.40409958782323
18551,94.4043768367743
18552,94.40465408572537
18553,94.40493133467645
18554,94.40520858362753
18555,94.40548583257859
18556,94.40576308152967
18557,94.40604033048075
18558,94.40631757943181
18559,94.4065948283829
18560,94.40687207733397
18561,94.40714932628505
18562,94.40742657523612
18563,94.4077038241872
18564,94.40798107313827
18565,94.40825832208934
18566,94.40853557104042
18567,94.4088128199915
18568,94.40909006894258
18569,94.40936731789364
18570,94.40964456684472
18571,94.4099218157958
18572,94.41019906474686
18573,94.41047631369794
18574,94.41075356264902
18575,94.4110308116001
18576,94.41130806055116
18577,94.41158530950224
18578,94.41186255845332
18579,94.4121398074044
18580,94.41241705635547
18581,94.41269430530654
18582,94.41297155425762
18583,94.41315638689167
18584,94.41343363584275
18585,94.41371088479383
18586,94.4139881337449
18587,94.41426538269597
18588,94.41454263164705
18589,94.41481988059812
18590,94.4150971295492
18591,94.41537437850027
18592,94.41565162745135
18593,94.41592887640242
18594,94.4162061253535
18595,94.41648337430458
18596,94.41676062325564
18597,94.41694545588969
18598,94.41722270484077
18599,94.41749995379183
18600,94.41777720274291
18601,94.41796203537697
18602,94.41823928432804
18603,94.41851653327912
18604,94.4187937822302
18605,94.41907103118126
18606,94.41934828013234
18607,94.41953311276639
18608,94.41962552908342
18609,94.4199027780345
18610,94.42018002698556
18611,94.42045727593664
18612,94.42073452488772
18613,94.42101177383879
18614,94.42128902278986
18615,94.42156627174094
18616,94.42184352069202
18617,94.42212076964309
18618,94.42239801859417
18619,94.42267526754524
18620,94.42295251649632
18621,94.42322976544739
18622,94.42350701439847
18623,94.42378426334955
18624,94.42406151230061
18625,94.42433876125169
18626,94.42461601020277
18627,94.42489325915385
18628,94.42517050810491
18629,94.42544775705598
18630,94.42572500600706
18631,94.42600225495814
18632,94.4262795039092
18633,94.42655675286028
18634,94.42683400181136
18635,94.42711125076244
18636,94.4273884997135
18637,94.42766574866458
18638,94.42794299761566
18639,94.42822024656672
18640,94.4284974955178
18641,94.42877474446888
18642,94.42905199341996
18643,94.42905199341996
18644,94.42932924237103
18645,94.4296064913221
18646,94.42969890763914
18647,94.42979132395615
18648,94.43006857290723
18649,94.43034582185831
18650,94.43062307080939
18651,94.43090031976045
18652,94.43117756871153
18653,94.43117756871153
18654,94.43145481766261
18655,94.43173206661368
18656,94.43200931556476
18657,94.43228656451583
18658,94.43256381346691
18659,94.43284106241798
18660,94.43311831136906
18661,94.43339556032014
18662,94.4336728092712
18663,94.43395005822228
18664,94.43422730717336
18665,94.43450455612444
18666,94.4347818050755
18667,94.43505905402658
18668,94.43533630297766
18669,94.43561355192872
18670,94.4358908008798
18671,94.43616804983088
18672,94.43616804983088
18673,94.43644529878196
18674,94.43672254773303
18675,94.4369997966841
18676,94.43727704563518
18677,94.43755429458626
18678,94.43783154353733
18679,94.4381087924884
18680,94.43838604143949
18681,94.43866329039055
18682,94.43894053934163
18683,94.43921778829271
18684,94.43949503724377
18685,94.43977228619485
18686,94.44004953514592
18687,94.440326784097
18688,94.44060403304807
18689,94.44088128199914
18690,94.44115853095022
18691,94.4414357799013
18692,94.44171302885238
18693,94.44199027780344
18694,94.44226752675452
18695,94.4425447757056
18696,94.44282202465666
18697,94.44309927360774
18698,94.44337652255882
18699,94.4436537715099
18700,94.44393102046097
18701,94.44420826941204
18702,94.44448551836312
18703,94.44476276731419
18704,94.44504001626527
18705,94.44531726521635
18706,94.44559451416742
18707,94.44587176311849
18708,94.44614901206957
18709,94.44642626102065
18710,94.44670350997171
18711,94.44698075892279
18712,94.44725800787387
18713,94.44753525682495
18714,94.44781250577601
18715,94.44808975472709
18716,94.44836700367817
18717,94.44864425262924
18718,94.44892150158032
18719,94.4491987505314
18720,94.44947599948247
18721,94.44975324843354
18722,94.45003049738462
18723,94.45012291370163
18724,94.45040016265271
18725,94.45067741160379
18726,94.45095466055487
18727,94.45123190950594
18728,94.45150915845701
18729,94.4517864074081
18730,94.45206365635916
18731,94.45234090531024
18732,94.45261815426132
18733,94.4528954032124
18734,94.45317265216346
18735,94.45344990111454
18736,94.45372715006562
18737,94.45400439901668
18738,94.45428164796776
18739,94.45455889691884
18740,94.45483614586992
18741,94.45511339482098
18742,94.45539064377206
18743,94.45566789272314
18744,94.45594514167422
18745,94.45622239062529
18746,94.45649963957636
18747,94.45677688852744
18748,94.45677688852744
18749,94.45705413747851
18750,94.45733138642959
18751,94.45760863538067
18752,94.45788588433174
18753,94.45816313328281
18754,94.45844038223389
18755,94.45871763118497
18756,94.45899488013603
18757,94.45927212908711
18758,94.45954937803819
18759,94.45982662698927
18760,94.46010387594033
18761,94.46038112489141
18762,94.46065837384249
18763,94.46093562279356
18764,94.46121287174464
18765,94.46149012069571
18766,94.4617673696468
18767,94.46204461859786
18768,94.46232186754894
18769,94.46259911650002
18770,94.46287636545108
18771,94.46315361440216
18772,94.46343086335324
18773,94.46370811230432
18774,94.46398536125538
18775,94.46426261020646
18776,94.46453985915754
18777,94.4648171081086
18778,94.46509435705968
18779,94.46537160601076
18780,94.46564885496184
18781,94.4659261039129
18782,94.46620335286399
18783,94.46648060181506
18784,94.46675785076614
18785,94.46703509971721
18786,94.46731234866829
18787,94.46758959761935
18788,94.46786684657043
18789,94.4681440955215
18790,94.46842134447257
18791,94.46869859342365
18792,94.46897584237473
18793,94.4692530913258
18794,94.46953034027688
18795,94.46980758922795
18796,94.47008483817902
18797,94.4703620871301
18798,94.47063933608118
18799,94.47091658503226
18800,94.47119383398332
18801,94.4714710829344
18802,94.47165591556845
18803,94.47193316451953
18804,94.47202558083654
18805,94.47230282978762
18806,94.4725800787387
18807,94.4725800787387
18808,94.47285732768978
18809,94.47313457664085
18810,94.47331940927491
18811,94.47359665822597
18812,94.47387390717705
18813,94.47387390717705
18814,94.47415115612813
18815,94.47442840507921
18816,94.47470565403027
18817,94.47498290298135
18818,94.47526015193243
18819,94.4755374008835
18820,94.47572223351754
18821,94.47599948246862
18822,94.47627673141969
18823,94.47655398037077
18824,94.47683122932185
18825,94.47710847827292
18826,94.47738572722399
18827,94.47766297617507
18828,94.47794022512615
18829,94.47821747407723
18830,94.47849472302829
18831,94.47877197197937
18832,94.47904922093045
18833,94.47932646988151
18834,94.47941888619854
18835,94.47969613514962
18836,94.47969613514962
18837,94.4799733841007
18838,94.48025063305178
18839,94.48052788200285
18840,94.48080513095393
18841,94.481082379905
18842,94.48135962885607
18843,94.48163687780713
18844,94.48191412675821
18845,94.48219137570929
18846,94.48246862466037
18847,94.48274587361144
18848,94.48302312256251
18849,94.4833003715136
18850,94.48357762046467
18851,94.48385486941574
18852,94.48413211836682
18853,94.4844093673179
18854,94.48468661626896
18855,94.48496386522004
18856,94.48524111417112
18857,94.4855183631222
18858,94.48579561207326
18859,94.48607286102434
18860,94.48635010997542
18861,94.48662735892648
18862,94.48671977524353
18863,94.4869970241946
18864,94.48727427314567
18865,94.48755152209675
18866,94.48782877104782
18867,94.4881060199989
18868,94.48838326894996
18869,94.48866051790104
18870,94.4889377668521
18871,94.48921501580318
18872,94.48949226475426
18873,94.48976951370534
18874,94.4900467626564
18875,94.49032401160748
18876,94.49060126055856
18877,94.49087850950963
18878,94.4911557584607
18879,94.49143300741179
18880,94.49171025636286
18881,94.49198750531393
18882,94.49226475426501
18883,94.49254200321609
18884,94.49281925216717
18885,94.49309650111823
18886,94.49337375006931
18887,94.49365099902039
18888,94.49392824797145
18889,94.49420549692253
18890,94.49448274587361
18891,94.49475999482469
18892,94.49503724377576
18893,94.49531449272683
18894,94.49540690904385
18895,94.49568415799493
18896,94.49596140694601
18897,94.49605382326304
18898,94.49633107221412
18899,94.49660832116518
18900,94.49688557011626
18901,94.49716281906734
18902,94.4974400680184
18903,94.49771731696949
18904,94.49799456592056
18905,94.49827181487164
18906,94.49854906382271
18907,94.49882631277379
18908,94.49910356172487
18909,94.49938081067593
18910,94.49965805962701
18911,94.49993530857809
18912,94.50021255752917
18913,94.50048980648023
18914,94.50076705543131
18915,94.50104430438239
18916,94.50132155333347
18917,94.50159880228453
18918,94.50187605123561
18919,94.50215330018669
18920,94.50243054913776
18921,94.50243054913776
18922,94.50270779808882
18923,94.5029850470399
18924,94.50326229599098
18925,94.50344712862503
18926,94.5037243775761
18927,94.50400162652718
18928,94.50427887547825
18929,94.50455612442933
18930,94.50483337338041
18931,94.50511062233147
18932,94.50538787128255
18933,94.50566512023363
18934,94.50594236918471
18935,94.50621961813577
18936,94.50649686708685
18937,94.50677411603793
18938,94.507051364989
18939,94.50732861394008
18940,94.50760586289115
18941,94.50788311184223
18942,94.5081603607933
18943,94.50843760974438
18944,94.50871485869546
18945,94.50899210764653
18946,94.5092693565976
18947,94.50954660554868
18948,94.50982385449976
18949,94.50982385449976
18950,94.51010110345082
18951,94.5103783524019
18952,94.51065560135298
18953,94.51093285030406
18954,94.51121009925512
18955,94.5114873482062
18956,94.51176459715728
18957,94.51204184610835
18958,94.51204184610835
18959,94.51231909505942
18960,94.5125963440105
18961,94.51287359296158
18962,94.51315084191265
18963,94.51342809086373
18964,94.5137053398148
18965,94.51398258876587
18966,94.51425983771695
18967,94.51453708666803
18968,94.5148143356191
18969,94.5148143356191
18970,94.51509158457017
18971,94.51536883352125
18972,94.51564608247233
18973,94.51592333142341
18974,94.51620058037446
18975,94.51647782932554
18976,94.51675507827662
18977,94.5170323272277
18978,94.51730957617876
18979,94.51758682512984
18980,94.51777165776389
18981,94.51804890671497
18982,94.51832615566605
18983,94.51860340461712
18984,94.51878823725117
18985,94.51906548620225
18986,94.51934273515332
18987,94.5196199841044
18988,94.51989723305547
18989,94.52017448200655
18990,94.52045173095762
18991,94.5207289799087
18992,94.52100622885978
18993,94.52128347781084
18994,94.52156072676192
18995,94.521837975713
18996,94.52211522466408
18997,94.52239247361514
18998,94.52266972256622
18999,94.5229469715173
19000,94.52322422046836
19001,94.52350146941943
19002,94.52377871837051
19003,94.52405596732159
19004,94.52433321627267
19005,94.52461046522373
19006,94.52488771417481
19007,94.52516496312589
19008,94.52544221207695
19009,94.52571946102803
19010,94.52599670997911
19011,94.52627395893019
19012,94.52655120788125
19013,94.52682845683233
19014,94.52710570578341
19015,94.52738295473449
19016,94.52766020368556
19017,94.52793745263664
19018,94.52821470158771
19019,94.52849195053878
19020,94.52876919948986
19021,94.52904644844094
19022,94.52932369739202
19023,94.52960094634308
19024,94.52987819529416
19025,94.53015544424524
19026,94.5304326931963
19027,94.53070994214738
19028,94.53098719109846
19029,94.53117202373251
19030,94.53144927268359
19031,94.53172652163467
19032,94.53200377058573
19033,94.53228101953681
19034,94.53255826848789
19035,94.53283551743897
19036,94.53311276639003
19037,94.53339001534111
19038,94.53366726429219
19039,94.53394451324326
19040,94.53422176219433
19041,94.53422176219433
19042,94.53440659482838
19043,94.53468384377945
19044,94.53496109273053
19045,94.5352383416816
19046,94.53551559063268
19047,94.53579283958375
19048,94.53607008853483
19049,94.53607008853483
19050,94.5363473374859
19051,94.53662458643699
19052,94.53690183538805
19053,94.53717908433913
19054,94.53745633329021
19055,94.53773358224127
19056,94.53801083119235
19057,94.53828808014343
19058,94.53847291277748
19059,94.53875016172856
19060,94.53902741067964
19061,94.5393046596307
19062,94.53958190858178
19063,94.53985915753286
19064,94.54013640648394
19065,94.540413655435
19066,94.54069090438608
19067,94.54096815333716
19068,94.54124540228823
19069,94.5415226512393
19070,94.54179990019038
19071,94.54179990019038
19072,94.54207714914146
19073,94.54207714914146
19074,94.5422619817755
19075,94.54244681440956
19076,94.54272406336062
19077,94.54272406336062
19078,94.5430013123117
19079,94.54318614494575
19080,94.54346339389683
19081,94.54374064284791
19082,94.54401789179899
19083,94.54429514075005
19084,94.54457238970112
19085,94.54457238970112
19086,94.5448496386522
19087,94.54512688760327
19088,94.54540413655434
19089,94.54568138550542
19090,94.5459586344565
19091,94.54623588340758
19092,94.54651313235864
19093,94.54679038130972
19094,94.5470676302608
19095,94.54716004657783
19096,94.54743729552891
19097,94.54771454447997
19098,94.54799179343105
19099,94.54826904238213
19100,94.54845387501616
19101,94.54873112396724
19102,94.54900837291832
19103,94.54928562186939
19104,94.54956287082047
19105,94.54984011977155
19106,94.55011736872262
19107,94.55039461767369
19108,94.55067186662477
19109,94.55094911557585
19110,94.55122636452693
19111,94.55150361347799
19112,94.55178086242907
19113,94.55205811138015
19114,94.55233536033121
19115,94.55261260928229
19116,94.55288985823337
19117,94.55316710718445
19118,94.55344435613551
19119,94.5537216050866
19120,94.55399885403767
19121,94.55427610298874
19122,94.55455335193982
19123,94.5548306008909
19124,94.55510784984197
19125,94.55538509879304
19126,94.55566234774412
19127,94.5559395966952
19128,94.55621684564626
19129,94.55649409459734
19130,94.55677134354842
19131,94.5570485924995
19132,94.55732584145056
19133,94.55760309040164
19134,94.55788033935272
19135,94.5581575883038
19136,94.55843483725486
19137,94.55843483725486
19138,94.55871208620594
19139,94.55898933515702
19140,94.55926658410809
19141,94.55926658410809
19142,94.55954383305917
19143,94.55982108201025
19144,94.56000591464428
19145,94.56028316359536
19146,94.56056041254644
19147,94.56083766149752
19148,94.56111491044858
19149,94.56139215939966
19150,94.56166940835074
19151,94.5619466573018
19152,94.56222390625288
19153,94.56250115520396
19154,94.56277840415504
19155,94.5630556531061
19156,94.56333290205718
19157,94.56361015100826
19158,94.56388739995933
19159,94.5641646489104
19160,94.56444189786149
19161,94.56471914681256
19162,94.56499639576363
19163,94.56527364471471
19164,94.56555089366579
19165,94.56582814261687
19166,94.56610539156793
19167,94.56638264051901
19168,94.56665988947009
19169,94.56693713842115
19170,94.56721438737223
19171,94.5673992200063
19172,94.56767646895736
19173,94.56795371790844
19174,94.56823096685952
19175,94.56850821581058
19176,94.56878546476166
19177,94.56906271371274
19178,94.56933996266382
19179,94.56961721161488
19180,94.56989446056596
19181,94.57017170951704
19182,94.5704489584681
19183,94.57072620741918
19184,94.57100345637026
19185,94.57128070532134
19186,94.57155795427241
19187,94.57183520322349
19188,94.57211245217455
19189,94.57238970112563
19190,94.5726669500767
19191,94.57294419902777
19192,94.57322144797885
19193,94.57349869692993
19194,94.573775945881
19195,94.57405319483208
19196,94.57433044378315
19197,94.57460769273422
19198,94.5748849416853
19199,94.57506977431936
19200,94.57534702327042
19201,94.5756242722215
19202,94.57590152117258
19203,94.57617877012365
19204,94.57645601907473
19205,94.5767332680258
19206,94.57701051697688
19207,94.57728776592795
19208,94.57756501487903
19209,94.57756501487903
19210,94.5778422638301
19211,94.57811951278117
19212,94.5782119290982
19213,94.57848917804927
19214,94.57876642700035
19215,94.57904367595143
19216,94.5793209249025
19217,94.57959817385357
19218,94.57987542280465
19219,94.58015267175573
19220,94.5804299207068
19221,94.58070716965787
19222,94.5807995859749
19223,94.58107683492597
19224,94.58135408387705
19225,94.5815389165111
19226,94.58181616546217
19227,94.58209341441325
19228,94.58237066336433
19229,94.5826479123154
19230,94.58292516126647
19231,94.58320241021755
19232,94.58347965916862
19233,94.5837569081197
19234,94.58403415707077
19235,94.58431140602185
19236,94.58458865497292
19237,94.584865903924
19238,94.584865903924
19239,94.58514315287508
19240,94.58542040182614
19241,94.58569765077722
19242,94.5859748997283
19243,94.58625214867938
19244,94.58652939763044
19245,94.58680664658152
19246,94.5870838955326
19247,94.58736114448368
19248,94.58763839343474
19249,94.58791564238582
19250,94.5881928913369
19251,94.58847014028797
19252,94.58865497292201
19253,94.5889322218731
19254,94.58920947082416
19255,94.58948671977524
19256,94.58976396872632
19257,94.5900412176774
19258,94.59031846662846
19259,94.59059571557954
19260,94.59087296453062
19261,94.59115021348168
19262,94.59142746243276
19263,94.59170471138384
19264,94.59198196033492
19265,94.59225920928598
19266,94.59253645823706
19267,94.59281370718814
19268,94.5930909561392
19269,94.5930909561392
19270,94.59336820509029
19271,94.59364545404136
19272,94.59392270299244
19273,94.59419995194351
19274,94.59447720089459
19275,94.59475444984567
19276,94.59503169879675
19277,94.59530894774781
19278,94.59558619669889
19279,94.59586344564997
19280,94.59614069460103
19281,94.59641794355211
19282,94.59669519250319
19283,94.59697244145427
19284,94.59724969040533
19285,94.59752693935641
19286,94.59780418830749
19287,94.59808143725856
19288,94.59835868620964
19289,94.59863593516071
19290,94.5989131841118
19291,94.59919043306286
19292,94.59946768201394
19293,94.59974493096502
19294,94.60002217991608
19295,94.60029942886716
19296,94.60057667781824
19297,94.60085392676932
19298,94.60113117572038
19299,94.60140842467146
19300,94.60168567362254
19301,94.60196292257362
19302,94.60224017152468
19303,94.60251742047576
19304,94.60279466942684
19305,94.6030719183779
19306,94.60334916732899
19307,94.60362641628006
19308,94.60390366523114
19309,94.60418091418221
19310,94.60445816313329
19311,94.60473541208437
19312,94.6049202447184
19313,94.60519749366948
19314,94.60547474262056
19315,94.60575199157162
19316,94.6060292405227
19317,94.60630648947378
19318,94.60658373842486
19319,94.60686098737592
19320,94.607138236327
19321,94.60723065264402
19322,94.6075079015951
19323,94.60778515054618
19324,94.60806239949726
19325,94.60833964844832
19326,94.6086168973994
19327,94.60889414635048
19328,94.60917139530154
19329,94.60944864425262
19330,94.6097258932037
19331,94.61000314215478
19332,94.61028039110585
19333,94.61055764005692
19334,94.610834889008
19335,94.61111213795907
19336,94.61138938691015
19337,94.61166663586123
19338,94.6119438848123
19339,94.61222113376337
19340,94.61249838271445
19341,94.61277563166553
19342,94.61305288061659
19343,94.61333012956767
19344,94.61360737851875
19345,94.61388462746983
19346,94.6141618764209
19347,94.61443912537197
19348,94.61471637432305
19349,94.61499362327413
19350,94.6152708722252
19351,94.61554812117627
19352,94.61582537012735
19353,94.61610261907842
19354,94.6163798680295
19355,94.61665711698058
19356,94.61693436593166
19357,94.61721161488272
19358,94.6174888638338
19359,94.61776611278488
19360,94.61804336173594
19361,94.61832061068702
19362,94.6185978596381
19363,94.61887510858918
19364,94.61915235754024
19365,94.61942960649132
19366,94.6197068554424
19367,94.61998410439347
19368,94.62026135334455
19369,94.62053860229562
19370,94.6208158512467
19371,94.62109310019777
19372,94.62137034914885
19373,94.62164759809993
19374,94.62192484705099
19375,94.62220209600207
19376,94.62247934495315
19377,94.62275659390423
19378,94.62303384285529
19379,94.62331109180637
19380,94.62358834075745
19381,94.62386558970852
19382,94.62395800602555
19383,94.62423525497663
19384,94.62451250392769
19385,94.62478975287877
19386,94.62506700182985
19387,94.62534425078091
19388,94.62562149973199
19389,94.62589874868307
19390,94.62617599763415
19391,94.62645324658521
19392,94.6267304955363
19393,94.6267304955363
19394,94.62700774448737
19395,94.62728499343844
19396,94.62756224238952
19397,94.6278394913406
19398,94.62811674029167
19399,94.62839398924274
19400,94.62867123819382
19401,94.6289484871449
19402,94.62922573609596
19403,94.62950298504704
19404,94.62978023399812
19405,94.6300574829492
19406,94.63033473190026
19407,94.63061198085134
19408,94.63088922980242
19409,94.6311664787535
19410,94.63144372770456
19411,94.63172097665564
19412,94.63199822560672
19413,94.63199822560672
19414,94.63227547455779
19415,94.63255272350887
19416,94.63282997245994
19417,94.63310722141102
19418,94.63338447036209
19419,94.63366171931317
19420,94.63393896826425
19421,94.63421621721531
19422,94.63449346616639
19423,94.63477071511747
19424,94.63504796406853
19425,94.6353252130196
19426,94.63560246197068
19427,94.63587971092176
19428,94.63615695987284
19429,94.6364342088239
19430,94.63671145777498
19431,94.63698870672606
19432,94.63726595567714
19433,94.6375432046282
19434,94.63782045357928
19435,94.63809770253036
19436,94.63837495148142
19437,94.63837495148142
19438,94.63855978411549
19439,94.63883703306657
19440,94.63911428201763
19441,94.63939153096871
19442,94.63939153096871
19443,94.63966877991979
19444,94.63994602887085
19445,94.64022327782193
19446,94.64050052677301
19447,94.64077777572409
19448,94.64105502467515
19449,94.64123985730922
19450,94.64151710626028
19451,94.64179435521136
19452,94.64207160416242
19453,94.6423488531135
19454,94.64262610206458
19455,94.64290335101565
19456,94.64318059996673
19457,94.6434578489178
19458,94.64373509786887
19459,94.64401234681995
19460,94.64428959577103
19461,94.6445668447221
19462,94.64484409367317
19463,94.64512134262425
19464,94.64539859157533
19465,94.6456758405264
19466,94.64586067316046
19467,94.64613792211154
19468,94.6464151710626
19469,94.64669242001368
19470,94.64696966896476
19471,94.64724691791582
19472,94.6475241668669
19473,94.64780141581798
19474,94.64807866476906
19475,94.64835591372012
19476,94.6486331626712
19477,94.64891041162228
19478,94.64891041162228
19479,94.64918766057335
19480,94.64946490952443
19481,94.6497421584755
19482,94.65001940742658
19483,94.65029665637765
19484,94.65057390532873
19485,94.6508511542798
19486,94.65112840323087
19487,94.65140565218195
19488,94.65168290113303
19489,94.65196015008411
19490,94.65223739903517
19491,94.6523298153522
19492,94.65260706430327
19493,94.65279189693733
19494,94.6530691458884
19495,94.65334639483947
19496,94.65362364379055
19497,94.6538084764246
19498,94.65408572537567
19499,94.65436297432674
19500,94.65464022327782
19501,94.65491747222889
19502,94.65500988854593
19503,94.655287137497
19504,94.65556438644808
19505,94.65584163539914
19506,94.65611888435022
19507,94.65639613330129
19508,94.65667338225236
19509,94.65695063120344
19510,94.65722788015452
19511,94.65750512910559
19512,94.65778237805667
19513,94.65805962700775
19514,94.65805962700775
19515,94.65833687595881
19516,94.65861412490989
19517,94.65889137386097
19518,94.65916862281205
19519,94.6593534554461
19520,94.65963070439717
19521,94.65990795334824
19522,94.66018520229932
19523,94.6604624512504
19524,94.66073970020147
19525,94.66101694915254
19526,94.66129419810362
19527,94.6615714470547
19528,94.66184869600576
19529,94.66212594495684
19530,94.66240319390792
19531,94.662680442859
19532,94.66295769181006
19533,94.66323494076114
19534,94.66351218971222
19535,94.66378943866329
19536,94.66406668761437
19537,94.66434393656544
19538,94.66434393656544
19539,94.66462118551652
19540,94.66489843446759
19541,94.66517568341867
19542,94.66545293236975
19543,94.66573018132081
19544,94.66600743027189
19545,94.66628467922297
19546,94.66656192817405
19547,94.66683917712511
19548,94.66711642607619
19549,94.66739367502727
19550,94.66767092397833
19551,94.66794817292941
19552,94.66822542188049
19553,94.66850267083157
19554,94.66877991978264
19555,94.66905716873372
19556,94.6693344176848
19557,94.66961166663587
19558,94.66988891558692
19559,94.670166164538
19560,94.67044341348908
19561,94.67072066244016
19562,94.67099791139123
19563,94.6712751603423
19564,94.67155240929338
19565,94.67182965824446
19566,94.67210690719553
19567,94.6723841561466
19568,94.67266140509768
19569,94.67293865404875
19570,94.67293865404875
19571,94.67321590299983
19572,94.67349315195091
19573,94.67377040090199
19574,94.67395523353603
19575,94.67423248248711
19576,94.67450973143818
19577,94.67478698038926
19578,94.67506422934034
19579,94.67534147829141
19580,94.67561872724248
19581,94.67589597619356
19582,94.67617322514464
19583,94.6764504740957
19584,94.67672772304678
19585,94.67700497199786
19586,94.67728222094894
19587,94.6775594699
19588,94.67783671885108
19589,94.67811396780216
19590,94.67839121675323
19591,94.6786684657043
19592,94.67894571465538
19593,94.67922296360646
19594,94.67950021255753
19595,94.6797774615086
19596,94.68005471045969
19597,94.68005471045969
19598,94.68033195941075
19599,94.68060920836183
19600,94.68088645731291
19601,94.68116370626399
19602,94.68144095521505
19603,94.68171820416613
19604,94.68199545311721
19605,94.68227270206827
19606,94.68254995101935
19607,94.68282719997043
19608,94.68310444892151
19609,94.68338169787258
19610,94.68365894682366
19611,94.68393619577472
19612,94.68412102840877
19613,94.68439827735985
19614,94.68467552631093
19615,94.684952775262
19616,94.68523002421307
19617,94.68550727316415
19618,94.68578452211523
19619,94.68606177106629
19620,94.68633902001737
19621,94.68661626896845
19622,94.68689351791953
19623,94.6871707668706
19624,94.68744801582167
19625,94.68772526477275
19626,94.68800251372383
19627,94.6882797626749
19628,94.68846459530896
19629,94.68874184426002
19630,94.6890190932111
19631,94.68929634216218
19632,94.68957359111326
19633,94.68985084006432
19634,94.6901280890154
19635,94.69040533796648
19636,94.69068258691755
19637,94.6908674195516
19638,94.69114466850267
19639,94.69142191745374
19640,94.69169916640482
19641,94.6919764153559
19642,94.69225366430697
19643,94.69253091325804
19644,94.69280816220912
19645,94.6930854111602
19646,94.69336266011126
19647,94.6934550764283
19648,94.69373232537936
19649,94.69400957433044
19650,94.69428682328152
19651,94.6945640722326
19652,94.69484132118366
19653,94.69511857013474
19654,94.69539581908582
19655,94.6956730680369
19656,94.69576548435393
19657,94.69604273330499
19658,94.69631998225607
19659,94.69659723120715
19660,94.69687448015821
19661,94.6971517291093
19662,94.69742897806037
19663,94.69770622701145
19664,94.69798347596252
19665,94.69826072491358
19666,94.69853797386466
19667,94.69881522281574
19668,94.6990924717668
19669,94.69936972071788
19670,94.69964696966896
19671,94.69992421862004
19672,94.7002014675711
19673,94.70047871652218
19674,94.70066354915623
19675,94.70094079810731
19676,94.70121804705839
19677,94.70149529600947
19678,94.70177254496053
19679,94.70204979391161
19680,94.70232704286269
19681,94.70260429181377
19682,94.70288154076484
19683,94.70315878971591
19684,94.703436038667
19685,94.70371328761806
19686,94.70399053656914
19687,94.70426778552022
19688,94.7045450344713
19689,94.70482228342236
19690,94.70509953237344
19691,94.70537678132452
19692,94.70565403027558
19693,94.70593127922666
19694,94.70620852817774
19695,94.70648577712882
19696,94.70676302607988
19697,94.70704027503096
19698,94.70731752398204
19699,94.7075947729331
19700,94.70787202188419
19701,94.70814927083526
19702,94.70842651978634
19703,94.70870376873741
19704,94.70898101768849
19705,94.70925826663957
19706,94.70953551559063
19707,94.70981276454171
19708,94.71009001349279
19709,94.71036726244387
19710,94.71064451139493
19711,94.71092176034601
19712,94.71101417666303
19713,94.7112914256141
19714,94.71156867456519
19715,94.71184592351626
19716,94.71212317246733
19717,94.71240042141841
19718,94.71267767036949
19719,94.71295491932055
19720,94.71323216827163
19721,94.71350941722271
19722,94.71378666617379
19723,94.71378666617379
19724,94.71406391512485
19725,94.71434116407593
19726,94.71461841302701
19727,94.71489566197808
19728,94.71489566197808
19729,94.71517291092916
19730,94.71545015988023
19731,94.71572740883131
19732,94.71600465778238
19733,94.71628190673346
19734,94.7164667393675
19735,94.71674398831857
19736,94.71702123726965
19737,94.71729848622073
19738,94.7175757351718
19739,94.71785298412287
19740,94.71813023307395
19741,94.71840748202503
19742,94.7186847309761
19743,94.71896197992717
19744,94.71923922887825
19745,94.71951647782933
19746,94.7197937267804
19747,94.72007097573147
19748,94.72034822468255
19749,94.72062547363362
19750,94.7209027225847
19751,94.72117997153578
19752,94.72145722048685
19753,94.72173446943792
19754,94.722011718389
19755,94.72228896734008
19756,94.72256621629114
19757,94.72256621629114
19758,94.72284346524222
19759,94.7231207141933
19760,94.72339796314438
19761,94.72367521209544
19762,94.72395246104652
19763,94.7242297099976
19764,94.72450695894867
19765,94.72478420789975
19766,94.72506145685082
19767,94.7253387058019
19768,94.72561595475297
19769,94.72580078738702
19770,94.7260780363381
19771,94.72635528528916
19772,94.72663253424024
19773,94.72690978319132
19774,94.7271870321424
19775,94.72746428109346
19776,94.72774153004454
19777,94.72801877899562
19778,94.72829602794668
19779,94.72857327689776
19780,94.72885052584884
19781,94.72912777479992
19782,94.72940502375099
19783,94.72968227270206
19784,94.72995952165314
19785,94.73023677060422
19786,94.73051401955529
19787,94.73079126850637
19788,94.73106851745744
19789,94.73134576640851
19790,94.73162301535959
19791,94.73190026431067
19792,94.73217751326175
19793,94.73245476221281
19794,94.73273201116389
19795,94.73300926011497
19796,94.73328650906603
19797,94.73356375801711
19798,94.73374859065117
19799,94.73402583960224
19800,94.73430308855332
19801,94.7345803375044
19802,94.73485758645546
19803,94.73513483540654
19804,94.73541208435762
19805,94.73559691699165
19806,94.73587416594273
19807,94.73615141489381
19808,94.73642866384489
19809,94.73670591279595
19810,94.73698316174703
19811,94.73726041069811
19812,94.73753765964918
19813,94.73781490860026
19814,94.73809215755134
19815,94.73836940650241
19816,94.73864665545348
19817,94.73892390440456
19818,94.73920115335564
19819,94.73947840230672
19820,94.73947840230672
19821,94.73975565125778
19822,94.74003290020886
19823,94.74031014915994
19824,94.740587398111
19825,94.74086464706208
19826,94.74114189601316
19827,94.74141914496424
19828,94.7416963939153
19829,94.74197364286638
19830,94.74225089181746
19831,94.74252814076853
19832,94.7428053897196
19833,94.74308263867069
19834,94.74335988762176
19835,94.74363713657283
19836,94.74391438552391
19837,94.74419163447499
19838,94.74446888342605
19839,94.74474613237713
19840,94.74502338132821
19841,94.74530063027929
19842,94.74557787923035
19843,94.74585512818143
19844,94.74613237713251
19845,94.74640962608359
19846,94.74668687503465
19847,94.74696412398573
19848,94.74724137293681
19849,94.74751862188788
19850,94.74779587083896
19851,94.74807311979004
19852,94.74835036874111
19853,94.74862761769218
19854,94.74881245032623
19855,94.7490896992773
19856,94.74936694822837
19857,94.74936694822837
19858,94.74964419717945
19859,94.74992144613053
19860,94.7501986950816
19861,94.75047594403267
19862,94.75075319298375
19863,94.75103044193483
19864,94.7513076908859
19865,94.7513076908859
19866,94.75158493983697
19867,94.75186218878805
19868,94.75213943773912
19869,94.7524166866902
19870,94.75269393564128
19871,94.75297118459235
19872,94.75324843354342
19873,94.7535256824945
19874,94.75380293144558
19875,94.75408018039666
19876,94.75435742934772
19877,94.7546346782988
19878,94.75491192724988
19879,94.75518917620094
19880,94.75546642515202
19881,94.7557436741031
19882,94.75602092305418
19883,94.75629817200524
19884,94.75657542095632
19885,94.7568526699074
19886,94.75712991885847
19887,94.75740716780955
19888,94.75768441676063
19889,94.7579616657117
19890,94.75823891466277
19891,94.7583313309798
19892,94.75860857993086
19893,94.75888582888194
19894,94.75916307783302
19895,94.7594403267841
19896,94.75971757573517
19897,94.75999482468625
19898,94.76027207363732
19899,94.76027207363732
19900,94.76054932258839
19901,94.76082657153947
19902,94.76082657153947
19903,94.76110382049055
19904,94.76138106944163
19905,94.76165831839269
19906,94.76193556734377
19907,94.76221281629485
19908,94.76249006524591
19909,94.76276731419699
19910,94.76304456314807
19911,94.76332181209915
19912,94.76359906105021
19913,94.7638763100013
19914,94.76415355895237
19915,94.76415355895237
19916,94.76443080790344
19917,94.76470805685452
19918,94.7649853058056
19919,94.76526255475667
19920,94.76553980370774
19921,94.76581705265882
19922,94.7660943016099
19923,94.76637155056096
19924,94.76664879951204
19925,94.76692604846312
19926,94.7672032974142
19927,94.76748054636526
19928,94.76775779531634
19929,94.76803504426742
19930,94.76831229321849
19931,94.76858954216956
19932,94.76886679112064
19933,94.76905162375469
19934,94.76932887270576
19935,94.76960612165684
19936,94.76988337060791
19937,94.77016061955898
19938,94.77043786851006
19939,94.77071511746114
19940,94.77099236641222
19941,94.77126961536328
19942,94.77154686431436
19943,94.77182411326544
19944,94.7721013622165
19945,94.77237861116758
19946,94.77247102748461
19947,94.77274827643569
19948,94.77302552538677
19949,94.77330277433784
19950,94.77330277433784
19951,94.77358002328891
19952,94.77385727224
19953,94.77413452119107
19954,94.77441177014214
19955,94.7746890190932
19956,94.77496626804428
19957,94.77524351699536
19958,94.77552076594642
19959,94.7757980148975
19960,94.77607526384858
19961,94.77635251279966
19962,94.77662976175073
19963,94.7769070107018
19964,94.77718425965288
19965,94.77746150860395
19966,94.77773875755503
19967,94.7780160065061
19968,94.77829325545719
19969,94.77857050440825
19970,94.77884775335933
19971,94.77912500231041
19972,94.77940225126147
19973,94.77967950021255
19974,94.77995674916363
19975,94.78023399811471
19976,94.78051124706577
19977,94.78078849601685
19978,94.78106574496793
19979,94.781342993919
19980,94.78162024287008
19981,94.78189749182116
19982,94.78217474077223
19983,94.7824519897233
19984,94.78272923867438
19985,94.78300648762546
19986,94.78328373657654
19987,94.7835609855276
19988,94.78383823447868
19989,94.78383823447868
19990,94.78383823447868
19991,94.78411548342976
19992,94.78439273238082
19993,94.7846699813319
19994,94.78494723028298
19995,94.78522447923406
19996,94.78550172818512
19997,94.7857789771362
19998,94.78605622608728
19999,94.78633347503835
20000,94.78661072398943
